subject_id,subject,item_id,test_condition,trial,response,split,irt_prob,irt_pred,match
92da838173d9f753,GEMINI_2_0_FLASH,eeda1b0e2c6d77ba,paper=advantage-alignment,1,0.0,train,0.000167,0,-
92da838173d9f753,GEMINI_2_0_FLASH,3f54b4a5e70ebcd6,paper=advantage-alignment,1,0.0,train,0.000145,0,-
92da838173d9f753,GEMINI_2_0_FLASH,5ed4351598052cb4,paper=advantage-alignment,1,1.0,train,0.449809,0,-
92da838173d9f753,GEMINI_2_0_FLASH,780a43d04a961e07,paper=advantage-alignment,1,0.0,train,0.00019,0,-
92da838173d9f753,GEMINI_2_0_FLASH,cb9fd3c96659a6c0,paper=advantage-alignment,1,0.0,test,0.457414,0,match
7184624c9762b8b9,GPT_4O_2024_08_06,eeda1b0e2c6d77ba,paper=advantage-alignment,1,0.0,train,0.000241,0,-
7184624c9762b8b9,GPT_4O_2024_08_06,3f54b4a5e70ebcd6,paper=advantage-alignment,1,0.0,train,0.000208,0,-
7184624c9762b8b9,GPT_4O_2024_08_06,5ed4351598052cb4,paper=advantage-alignment,1,1.0,train,0.540488,1,-
7184624c9762b8b9,GPT_4O_2024_08_06,780a43d04a961e07,paper=advantage-alignment,1,0.0,train,0.000274,0,-
7184624c9762b8b9,GPT_4O_2024_08_06,cb9fd3c96659a6c0,paper=advantage-alignment,1,0.0,train,0.548098,1,-
3f126a3baa99198a,GPT_4O_MINI,eeda1b0e2c6d77ba,paper=advantage-alignment,1,0.0,train,4e-05,0,-
3f126a3baa99198a,GPT_4O_MINI,3f54b4a5e70ebcd6,paper=advantage-alignment,1,0.0,train,3.4e-05,0,-
3f126a3baa99198a,GPT_4O_MINI,5ed4351598052cb4,paper=advantage-alignment,1,0.0,train,0.162375,0,-
3f126a3baa99198a,GPT_4O_MINI,780a43d04a961e07,paper=advantage-alignment,1,0.0,train,4.5e-05,0,-
3f126a3baa99198a,GPT_4O_MINI,cb9fd3c96659a6c0,paper=advantage-alignment,1,0.0,train,0.166591,0,-
21a139c20bbac1e2,O3_MINI_HIGH,eeda1b0e2c6d77ba,paper=advantage-alignment,1,0.0,train,0.001078,0,-
21a139c20bbac1e2,O3_MINI_HIGH,3f54b4a5e70ebcd6,paper=advantage-alignment,1,0.0,train,0.000933,0,-
21a139c20bbac1e2,O3_MINI_HIGH,5ed4351598052cb4,paper=advantage-alignment,1,1.0,train,0.840588,1,-
21a139c20bbac1e2,O3_MINI_HIGH,780a43d04a961e07,paper=advantage-alignment,1,0.0,train,0.001226,0,-
21a139c20bbac1e2,O3_MINI_HIGH,cb9fd3c96659a6c0,paper=advantage-alignment,1,1.0,train,0.844656,1,-
22e9aca88e136167,DEEPSEEK_R1,eeda1b0e2c6d77ba,paper=advantage-alignment,1,0.0,train,0.000343,0,-
22e9aca88e136167,DEEPSEEK_R1,3f54b4a5e70ebcd6,paper=advantage-alignment,1,0.0,test,0.000297,0,match
22e9aca88e136167,DEEPSEEK_R1,5ed4351598052cb4,paper=advantage-alignment,1,0.0,train,0.626572,1,-
22e9aca88e136167,DEEPSEEK_R1,780a43d04a961e07,paper=advantage-alignment,1,0.0,train,0.00039,0,-
22e9aca88e136167,DEEPSEEK_R1,cb9fd3c96659a6c0,paper=advantage-alignment,1,1.0,train,0.633723,1,-
1872c1340f216012,O1_HIGH,eeda1b0e2c6d77ba,paper=advantage-alignment,1,0.0,train,0.000533,0,-
1872c1340f216012,O1_HIGH,3f54b4a5e70ebcd6,paper=advantage-alignment,1,0.0,train,0.000461,0,-
1872c1340f216012,O1_HIGH,5ed4351598052cb4,paper=advantage-alignment,1,0.0,train,0.722766,1,-
1872c1340f216012,O1_HIGH,780a43d04a961e07,paper=advantage-alignment,1,1.0,test,0.000606,0,miss
1872c1340f216012,O1_HIGH,cb9fd3c96659a6c0,paper=advantage-alignment,1,1.0,train,0.728872,1,-
8d49a7a13f10df7f,GPT_4_1,eeda1b0e2c6d77ba,paper=advantage-alignment,1,0.0,train,0.000685,0,-
8d49a7a13f10df7f,GPT_4_1,3f54b4a5e70ebcd6,paper=advantage-alignment,1,0.0,train,0.000593,0,-
8d49a7a13f10df7f,GPT_4_1,5ed4351598052cb4,paper=advantage-alignment,1,1.0,train,0.770098,1,-
8d49a7a13f10df7f,GPT_4_1,780a43d04a961e07,paper=advantage-alignment,1,0.0,test,0.000779,0,match
8d49a7a13f10df7f,GPT_4_1,cb9fd3c96659a6c0,paper=advantage-alignment,1,1.0,train,0.775485,1,-
efdd1f09f2fb64b9,GPT_4_1_MINI,eeda1b0e2c6d77ba,paper=advantage-alignment,1,0.0,train,0.000314,0,-
efdd1f09f2fb64b9,GPT_4_1_MINI,3f54b4a5e70ebcd6,paper=advantage-alignment,1,0.0,train,0.000272,0,-
efdd1f09f2fb64b9,GPT_4_1_MINI,5ed4351598052cb4,paper=advantage-alignment,1,1.0,train,0.605612,1,-
efdd1f09f2fb64b9,GPT_4_1_MINI,780a43d04a961e07,paper=advantage-alignment,1,0.0,train,0.000357,0,-
efdd1f09f2fb64b9,GPT_4_1_MINI,cb9fd3c96659a6c0,paper=advantage-alignment,1,0.0,test,0.612916,1,miss
be16a6de1e20efee,GPT_4_1_NANO,eeda1b0e2c6d77ba,paper=advantage-alignment,1,0.0,train,1.7e-05,0,-
be16a6de1e20efee,GPT_4_1_NANO,3f54b4a5e70ebcd6,paper=advantage-alignment,1,0.0,train,1.5e-05,0,-
be16a6de1e20efee,GPT_4_1_NANO,5ed4351598052cb4,paper=advantage-alignment,1,0.0,train,0.077253,0,-
be16a6de1e20efee,GPT_4_1_NANO,780a43d04a961e07,paper=advantage-alignment,1,0.0,train,1.9e-05,0,-
be16a6de1e20efee,GPT_4_1_NANO,cb9fd3c96659a6c0,paper=advantage-alignment,1,0.0,test,0.079469,0,match
1c618d9d58429b09,O3_HIGH,eeda1b0e2c6d77ba,paper=advantage-alignment,1,0.0,test,0.001652,0,match
1c618d9d58429b09,O3_HIGH,3f54b4a5e70ebcd6,paper=advantage-alignment,1,0.0,train,0.001428,0,-
1c618d9d58429b09,O3_HIGH,5ed4351598052cb4,paper=advantage-alignment,1,1.0,train,0.889874,1,-
1c618d9d58429b09,O3_HIGH,780a43d04a961e07,paper=advantage-alignment,1,0.0,train,0.001877,0,-
1c618d9d58429b09,O3_HIGH,cb9fd3c96659a6c0,paper=advantage-alignment,1,1.0,train,0.892845,1,-
bce3d3ee52ef698f,CLAUDE_3_5_SONNET_2024_10_22,eeda1b0e2c6d77ba,paper=advantage-alignment,1,0.0,train,0.00048,0,-
bce3d3ee52ef698f,CLAUDE_3_5_SONNET_2024_10_22,3f54b4a5e70ebcd6,paper=advantage-alignment,1,0.0,train,0.000415,0,-
bce3d3ee52ef698f,CLAUDE_3_5_SONNET_2024_10_22,5ed4351598052cb4,paper=advantage-alignment,1,1.0,train,0.700988,1,-
bce3d3ee52ef698f,CLAUDE_3_5_SONNET_2024_10_22,780a43d04a961e07,paper=advantage-alignment,1,0.0,train,0.000545,0,-
bce3d3ee52ef698f,CLAUDE_3_5_SONNET_2024_10_22,cb9fd3c96659a6c0,paper=advantage-alignment,1,1.0,train,0.707379,1,-
39edf3fbaacf1629,CLAUDE_3_7_SONNET_2025_02_19,eeda1b0e2c6d77ba,paper=advantage-alignment,1,0.0,train,0.000687,0,-
39edf3fbaacf1629,CLAUDE_3_7_SONNET_2025_02_19,3f54b4a5e70ebcd6,paper=advantage-alignment,1,0.0,train,0.000594,0,-
39edf3fbaacf1629,CLAUDE_3_7_SONNET_2025_02_19,5ed4351598052cb4,paper=advantage-alignment,1,1.0,train,0.770599,1,-
39edf3fbaacf1629,CLAUDE_3_7_SONNET_2025_02_19,780a43d04a961e07,paper=advantage-alignment,1,0.0,test,0.000781,0,match
39edf3fbaacf1629,CLAUDE_3_7_SONNET_2025_02_19,cb9fd3c96659a6c0,paper=advantage-alignment,1,1.0,train,0.775978,1,-
a531ea372ae4b71d,GROK_3_BETA,eeda1b0e2c6d77ba,paper=advantage-alignment,1,0.0,train,0.000249,0,-
a531ea372ae4b71d,GROK_3_BETA,3f54b4a5e70ebcd6,paper=advantage-alignment,1,0.0,train,0.000216,0,-
a531ea372ae4b71d,GROK_3_BETA,5ed4351598052cb4,paper=advantage-alignment,1,1.0,train,0.549134,1,-
a531ea372ae4b71d,GROK_3_BETA,780a43d04a961e07,paper=advantage-alignment,1,0.0,train,0.000283,0,-
a531ea372ae4b71d,GROK_3_BETA,cb9fd3c96659a6c0,paper=advantage-alignment,1,0.0,train,0.556718,1,-
ac78f79a36a11b0e,GEMINI_2_5_PRO_PREVIEW_03_25,eeda1b0e2c6d77ba,paper=advantage-alignment,1,0.0,train,0.002064,0,-
ac78f79a36a11b0e,GEMINI_2_5_PRO_PREVIEW_03_25,3f54b4a5e70ebcd6,paper=advantage-alignment,1,0.0,train,0.001785,0,-
ac78f79a36a11b0e,GEMINI_2_5_PRO_PREVIEW_03_25,5ed4351598052cb4,paper=advantage-alignment,1,1.0,test,0.90994,1,match
ac78f79a36a11b0e,GEMINI_2_5_PRO_PREVIEW_03_25,780a43d04a961e07,paper=advantage-alignment,1,0.0,test,0.002346,0,match
ac78f79a36a11b0e,GEMINI_2_5_PRO_PREVIEW_03_25,cb9fd3c96659a6c0,paper=advantage-alignment,1,1.0,train,0.912423,1,-
b97dccb68ad1d70a,OPENROUTER_DEEPSEEK_CHAT_V3_0324,eeda1b0e2c6d77ba,paper=advantage-alignment,1,0.0,train,0.000278,0,-
b97dccb68ad1d70a,OPENROUTER_DEEPSEEK_CHAT_V3_0324,3f54b4a5e70ebcd6,paper=advantage-alignment,1,0.0,train,0.00024,0,-
b97dccb68ad1d70a,OPENROUTER_DEEPSEEK_CHAT_V3_0324,5ed4351598052cb4,paper=advantage-alignment,1,0.0,test,0.575946,1,miss
b97dccb68ad1d70a,OPENROUTER_DEEPSEEK_CHAT_V3_0324,780a43d04a961e07,paper=advantage-alignment,1,0.0,train,0.000316,0,-
b97dccb68ad1d70a,OPENROUTER_DEEPSEEK_CHAT_V3_0324,cb9fd3c96659a6c0,paper=advantage-alignment,1,0.0,train,0.583422,1,-
09f4a41bb2e2d341,QWEN_2_5_CODER_32B_INSTRUCT,eeda1b0e2c6d77ba,paper=advantage-alignment,1,0.0,train,5.3e-05,0,-
09f4a41bb2e2d341,QWEN_2_5_CODER_32B_INSTRUCT,3f54b4a5e70ebcd6,paper=advantage-alignment,1,0.0,train,4.5e-05,0,-
09f4a41bb2e2d341,QWEN_2_5_CODER_32B_INSTRUCT,5ed4351598052cb4,paper=advantage-alignment,1,0.0,train,0.204355,0,-
09f4a41bb2e2d341,QWEN_2_5_CODER_32B_INSTRUCT,780a43d04a961e07,paper=advantage-alignment,1,0.0,train,6e-05,0,-
09f4a41bb2e2d341,QWEN_2_5_CODER_32B_INSTRUCT,cb9fd3c96659a6c0,paper=advantage-alignment,1,0.0,test,0.209389,0,match
c117f9213dc5d8c9,LLAMA_3_3_70B_INSTRUCT,eeda1b0e2c6d77ba,paper=advantage-alignment,1,0.0,train,9e-06,0,-
c117f9213dc5d8c9,LLAMA_3_3_70B_INSTRUCT,3f54b4a5e70ebcd6,paper=advantage-alignment,1,0.0,test,8e-06,0,match
c117f9213dc5d8c9,LLAMA_3_3_70B_INSTRUCT,5ed4351598052cb4,paper=advantage-alignment,1,0.0,test,0.041418,0,match
c117f9213dc5d8c9,LLAMA_3_3_70B_INSTRUCT,780a43d04a961e07,paper=advantage-alignment,1,0.0,train,1e-05,0,-
c117f9213dc5d8c9,LLAMA_3_3_70B_INSTRUCT,cb9fd3c96659a6c0,paper=advantage-alignment,1,0.0,train,0.042654,0,-
b2436ce8ede11e03,OPENROUTER_O4_MINI_HIGH,eeda1b0e2c6d77ba,paper=advantage-alignment,1,0.0,train,0.001425,0,-
b2436ce8ede11e03,OPENROUTER_O4_MINI_HIGH,3f54b4a5e70ebcd6,paper=advantage-alignment,1,0.0,train,0.001232,0,-
b2436ce8ede11e03,OPENROUTER_O4_MINI_HIGH,5ed4351598052cb4,paper=advantage-alignment,1,1.0,train,0.874497,1,-
b2436ce8ede11e03,OPENROUTER_O4_MINI_HIGH,780a43d04a961e07,paper=advantage-alignment,1,0.0,train,0.001619,0,-
b2436ce8ede11e03,OPENROUTER_O4_MINI_HIGH,cb9fd3c96659a6c0,paper=advantage-alignment,1,1.0,train,0.877826,1,-
2bfd4cd36591d7f5,GROK_3_MINI_BETA_HIGH,eeda1b0e2c6d77ba,paper=advantage-alignment,1,0.0,test,2.8e-05,0,match
2bfd4cd36591d7f5,GROK_3_MINI_BETA_HIGH,3f54b4a5e70ebcd6,paper=advantage-alignment,1,0.0,train,2.5e-05,0,-
2bfd4cd36591d7f5,GROK_3_MINI_BETA_HIGH,5ed4351598052cb4,paper=advantage-alignment,1,0.0,train,0.121686,0,-
2bfd4cd36591d7f5,GROK_3_MINI_BETA_HIGH,780a43d04a961e07,paper=advantage-alignment,1,0.0,train,3.2e-05,0,-
2bfd4cd36591d7f5,GROK_3_MINI_BETA_HIGH,cb9fd3c96659a6c0,paper=advantage-alignment,1,0.0,train,0.125003,0,-
9dafe621e945d614,GROK_2_1212,eeda1b0e2c6d77ba,paper=advantage-alignment,1,0.0,train,3.1e-05,0,-
9dafe621e945d614,GROK_2_1212,3f54b4a5e70ebcd6,paper=advantage-alignment,1,0.0,train,2.7e-05,0,-
9dafe621e945d614,GROK_2_1212,5ed4351598052cb4,paper=advantage-alignment,1,0.0,train,0.131158,0,-
9dafe621e945d614,GROK_2_1212,780a43d04a961e07,paper=advantage-alignment,1,0.0,train,3.5e-05,0,-
9dafe621e945d614,GROK_2_1212,cb9fd3c96659a6c0,paper=advantage-alignment,1,0.0,test,0.134694,0,match
8d84404dc2cabd80,OPENROUTER_CLAUDE_3_5_HAIKU,eeda1b0e2c6d77ba,paper=advantage-alignment,1,0.0,train,0.000212,0,-
8d84404dc2cabd80,OPENROUTER_CLAUDE_3_5_HAIKU,3f54b4a5e70ebcd6,paper=advantage-alignment,1,0.0,test,0.000183,0,match
8d84404dc2cabd80,OPENROUTER_CLAUDE_3_5_HAIKU,5ed4351598052cb4,paper=advantage-alignment,1,1.0,train,0.508683,1,-
8d84404dc2cabd80,OPENROUTER_CLAUDE_3_5_HAIKU,780a43d04a961e07,paper=advantage-alignment,1,0.0,test,0.000241,0,match
8d84404dc2cabd80,OPENROUTER_CLAUDE_3_5_HAIKU,cb9fd3c96659a6c0,paper=advantage-alignment,1,1.0,train,0.516349,1,-
42d17e7b8b8e8451,OPENROUTER_LLAMA_4_MAVERICK,eeda1b0e2c6d77ba,paper=advantage-alignment,1,0.0,train,6.8e-05,0,-
42d17e7b8b8e8451,OPENROUTER_LLAMA_4_MAVERICK,3f54b4a5e70ebcd6,paper=advantage-alignment,1,0.0,train,5.9e-05,0,-
42d17e7b8b8e8451,OPENROUTER_LLAMA_4_MAVERICK,5ed4351598052cb4,paper=advantage-alignment,1,0.0,train,0.248856,0,-
42d17e7b8b8e8451,OPENROUTER_LLAMA_4_MAVERICK,780a43d04a961e07,paper=advantage-alignment,1,0.0,train,7.7e-05,0,-
42d17e7b8b8e8451,OPENROUTER_LLAMA_4_MAVERICK,cb9fd3c96659a6c0,paper=advantage-alignment,1,1.0,train,0.254636,0,-
f346f5a402064340,OPENROUTER_LLAMA_4_SCOUT,eeda1b0e2c6d77ba,paper=advantage-alignment,1,0.0,train,2.2e-05,0,-
f346f5a402064340,OPENROUTER_LLAMA_4_SCOUT,3f54b4a5e70ebcd6,paper=advantage-alignment,1,0.0,train,1.9e-05,0,-
f346f5a402064340,OPENROUTER_LLAMA_4_SCOUT,5ed4351598052cb4,paper=advantage-alignment,1,0.0,train,0.096178,0,-
f346f5a402064340,OPENROUTER_LLAMA_4_SCOUT,780a43d04a961e07,paper=advantage-alignment,1,0.0,train,2.5e-05,0,-
f346f5a402064340,OPENROUTER_LLAMA_4_SCOUT,cb9fd3c96659a6c0,paper=advantage-alignment,1,0.0,train,0.098878,0,-
d9512a7be0630043,MISTRAL_CODESTRAL_2501,eeda1b0e2c6d77ba,paper=advantage-alignment,1,0.0,test,0.000103,0,match
d9512a7be0630043,MISTRAL_CODESTRAL_2501,3f54b4a5e70ebcd6,paper=advantage-alignment,1,0.0,test,8.9e-05,0,match
d9512a7be0630043,MISTRAL_CODESTRAL_2501,5ed4351598052cb4,paper=advantage-alignment,1,0.0,train,0.333704,0,-
d9512a7be0630043,MISTRAL_CODESTRAL_2501,780a43d04a961e07,paper=advantage-alignment,1,0.0,train,0.000117,0,-
d9512a7be0630043,MISTRAL_CODESTRAL_2501,cb9fd3c96659a6c0,paper=advantage-alignment,1,0.0,test,0.34056,0,match
4a938d775c0363f7,GEMINI_2_5_PRO_PREVIEW_05_06,eeda1b0e2c6d77ba,paper=advantage-alignment,1,0.0,train,0.003389,0,-
4a938d775c0363f7,GEMINI_2_5_PRO_PREVIEW_05_06,3f54b4a5e70ebcd6,paper=advantage-alignment,1,0.0,train,0.002932,0,-
4a938d775c0363f7,GEMINI_2_5_PRO_PREVIEW_05_06,5ed4351598052cb4,paper=advantage-alignment,1,1.0,train,0.943216,1,-
4a938d775c0363f7,GEMINI_2_5_PRO_PREVIEW_05_06,780a43d04a961e07,paper=advantage-alignment,1,0.0,train,0.003851,0,-
4a938d775c0363f7,GEMINI_2_5_PRO_PREVIEW_05_06,cb9fd3c96659a6c0,paper=advantage-alignment,1,1.0,train,0.944837,1,-
0201bf34008b40fa,OPENROUTER_QWEN_TURBO,eeda1b0e2c6d77ba,paper=advantage-alignment,1,0.0,test,4e-06,0,match
0201bf34008b40fa,OPENROUTER_QWEN_TURBO,3f54b4a5e70ebcd6,paper=advantage-alignment,1,0.0,test,3e-06,0,match
0201bf34008b40fa,OPENROUTER_QWEN_TURBO,5ed4351598052cb4,paper=advantage-alignment,1,0.0,train,0.018313,0,-
0201bf34008b40fa,OPENROUTER_QWEN_TURBO,780a43d04a961e07,paper=advantage-alignment,1,0.0,train,4e-06,0,-
0201bf34008b40fa,OPENROUTER_QWEN_TURBO,cb9fd3c96659a6c0,paper=advantage-alignment,1,0.0,train,0.018872,0,-
9bbf8d46fe2a4b4d,OPENROUTER_MISTRAL_CODESTRAL_MAMBA,eeda1b0e2c6d77ba,paper=advantage-alignment,1,0.0,train,1e-06,0,-
9bbf8d46fe2a4b4d,OPENROUTER_MISTRAL_CODESTRAL_MAMBA,3f54b4a5e70ebcd6,paper=advantage-alignment,1,0.0,train,1e-06,0,-
9bbf8d46fe2a4b4d,OPENROUTER_MISTRAL_CODESTRAL_MAMBA,5ed4351598052cb4,paper=advantage-alignment,1,0.0,train,0.003963,0,-
9bbf8d46fe2a4b4d,OPENROUTER_MISTRAL_CODESTRAL_MAMBA,780a43d04a961e07,paper=advantage-alignment,1,0.0,train,1e-06,0,-
9bbf8d46fe2a4b4d,OPENROUTER_MISTRAL_CODESTRAL_MAMBA,cb9fd3c96659a6c0,paper=advantage-alignment,1,0.0,test,0.004086,0,match
0e68149d77ff2477,OPENROUTER_AMAZON_NOVA_PRO_1_0,eeda1b0e2c6d77ba,paper=advantage-alignment,1,0.0,train,5.1e-05,0,-
0e68149d77ff2477,OPENROUTER_AMAZON_NOVA_PRO_1_0,3f54b4a5e70ebcd6,paper=advantage-alignment,1,0.0,test,4.4e-05,0,match
0e68149d77ff2477,OPENROUTER_AMAZON_NOVA_PRO_1_0,5ed4351598052cb4,paper=advantage-alignment,1,0.0,train,0.19874,0,-
0e68149d77ff2477,OPENROUTER_AMAZON_NOVA_PRO_1_0,780a43d04a961e07,paper=advantage-alignment,1,0.0,train,5.8e-05,0,-
0e68149d77ff2477,OPENROUTER_AMAZON_NOVA_PRO_1_0,cb9fd3c96659a6c0,paper=advantage-alignment,1,0.0,train,0.203671,0,-
f89d3f7268252d37,OPENROUTER_COHERE_COMMAND_A,eeda1b0e2c6d77ba,paper=advantage-alignment,1,0.0,train,7.9e-05,0,-
f89d3f7268252d37,OPENROUTER_COHERE_COMMAND_A,3f54b4a5e70ebcd6,paper=advantage-alignment,1,0.0,test,6.8e-05,0,match
f89d3f7268252d37,OPENROUTER_COHERE_COMMAND_A,5ed4351598052cb4,paper=advantage-alignment,1,0.0,train,0.278438,0,-
f89d3f7268252d37,OPENROUTER_COHERE_COMMAND_A,780a43d04a961e07,paper=advantage-alignment,1,0.0,train,9e-05,0,-
f89d3f7268252d37,OPENROUTER_COHERE_COMMAND_A,cb9fd3c96659a6c0,paper=advantage-alignment,1,0.0,train,0.284644,0,-
6439159aa9f9ba95,GEMINI_2_5_FLASH_PREVIEW_04_17,eeda1b0e2c6d77ba,paper=advantage-alignment,1,0.0,train,0.00047,0,-
6439159aa9f9ba95,GEMINI_2_5_FLASH_PREVIEW_04_17,3f54b4a5e70ebcd6,paper=advantage-alignment,1,0.0,train,0.000407,0,-
6439159aa9f9ba95,GEMINI_2_5_FLASH_PREVIEW_04_17,5ed4351598052cb4,paper=advantage-alignment,1,1.0,test,0.696772,1,match
6439159aa9f9ba95,GEMINI_2_5_FLASH_PREVIEW_04_17,780a43d04a961e07,paper=advantage-alignment,1,0.0,train,0.000534,0,-
6439159aa9f9ba95,GEMINI_2_5_FLASH_PREVIEW_04_17,cb9fd3c96659a6c0,paper=advantage-alignment,1,1.0,train,0.703216,1,-
4a199d31e7ac5440,GEMINI_2_0_FLASH_LITE,eeda1b0e2c6d77ba,paper=advantage-alignment,1,0.0,train,0.000102,0,-
4a199d31e7ac5440,GEMINI_2_0_FLASH_LITE,3f54b4a5e70ebcd6,paper=advantage-alignment,1,0.0,train,8.8e-05,0,-
4a199d31e7ac5440,GEMINI_2_0_FLASH_LITE,5ed4351598052cb4,paper=advantage-alignment,1,0.0,train,0.331877,0,-
4a199d31e7ac5440,GEMINI_2_0_FLASH_LITE,780a43d04a961e07,paper=advantage-alignment,1,0.0,train,0.000116,0,-
4a199d31e7ac5440,GEMINI_2_0_FLASH_LITE,cb9fd3c96659a6c0,paper=advantage-alignment,1,0.0,train,0.338715,0,-
5a9db67a33a34b6b,OPENROUTER_MISTRAL_MEDIUM_3,eeda1b0e2c6d77ba,paper=advantage-alignment,1,0.0,train,0.000172,0,-
5a9db67a33a34b6b,OPENROUTER_MISTRAL_MEDIUM_3,3f54b4a5e70ebcd6,paper=advantage-alignment,1,0.0,train,0.000149,0,-
5a9db67a33a34b6b,OPENROUTER_MISTRAL_MEDIUM_3,5ed4351598052cb4,paper=advantage-alignment,1,0.0,test,0.456868,0,match
5a9db67a33a34b6b,OPENROUTER_MISTRAL_MEDIUM_3,780a43d04a961e07,paper=advantage-alignment,1,0.0,train,0.000196,0,-
5a9db67a33a34b6b,OPENROUTER_MISTRAL_MEDIUM_3,cb9fd3c96659a6c0,paper=advantage-alignment,1,0.0,train,0.464491,0,-
92da838173d9f753,GEMINI_2_0_FLASH,47de066f89cb22f1,paper=Diff-Transformer,1,0.0,train,0.030442,0,-
92da838173d9f753,GEMINI_2_0_FLASH,13c56274f7f92498,paper=Diff-Transformer,1,0.0,test,0.346935,0,match
92da838173d9f753,GEMINI_2_0_FLASH,2c46674defb357b3,paper=Diff-Transformer,1,0.0,train,0.013907,0,-
92da838173d9f753,GEMINI_2_0_FLASH,bf98a752d317d682,paper=Diff-Transformer,1,0.0,train,0.164157,0,-
92da838173d9f753,GEMINI_2_0_FLASH,078310f1ed207594,paper=Diff-Transformer,1,0.0,train,0.516299,1,-
92da838173d9f753,GEMINI_2_0_FLASH,8d36415fc3e71842,paper=Diff-Transformer,1,0.0,train,0.00021,0,-
92da838173d9f753,GEMINI_2_0_FLASH,4930cc5afd36c3a9,paper=Diff-Transformer,1,0.0,train,0.000227,0,-
7184624c9762b8b9,GPT_4O_2024_08_06,47de066f89cb22f1,paper=Diff-Transformer,1,0.0,train,0.04322,0,-
7184624c9762b8b9,GPT_4O_2024_08_06,13c56274f7f92498,paper=Diff-Transformer,1,0.0,train,0.433204,0,-
7184624c9762b8b9,GPT_4O_2024_08_06,2c46674defb357b3,paper=Diff-Transformer,1,0.0,test,0.019887,0,match
7184624c9762b8b9,GPT_4O_2024_08_06,bf98a752d317d682,paper=Diff-Transformer,1,0.0,train,0.220309,0,-
7184624c9762b8b9,GPT_4O_2024_08_06,078310f1ed207594,paper=Diff-Transformer,1,0.0,train,0.605627,1,-
7184624c9762b8b9,GPT_4O_2024_08_06,8d36415fc3e71842,paper=Diff-Transformer,1,0.0,train,0.000302,0,-
7184624c9762b8b9,GPT_4O_2024_08_06,4930cc5afd36c3a9,paper=Diff-Transformer,1,0.0,train,0.000327,0,-
3f126a3baa99198a,GPT_4O_MINI,47de066f89cb22f1,paper=Diff-Transformer,1,0.0,train,0.00739,0,-
3f126a3baa99198a,GPT_4O_MINI,13c56274f7f92498,paper=Diff-Transformer,1,0.0,train,0.111872,0,-
3f126a3baa99198a,GPT_4O_MINI,2c46674defb357b3,paper=Diff-Transformer,1,0.0,train,0.003333,0,-
3f126a3baa99198a,GPT_4O_MINI,bf98a752d317d682,paper=Diff-Transformer,1,0.0,train,0.044496,0,-
3f126a3baa99198a,GPT_4O_MINI,078310f1ed207594,paper=Diff-Transformer,1,0.0,train,0.201974,0,-
3f126a3baa99198a,GPT_4O_MINI,8d36415fc3e71842,paper=Diff-Transformer,1,0.0,test,5e-05,0,match
3f126a3baa99198a,GPT_4O_MINI,4930cc5afd36c3a9,paper=Diff-Transformer,1,0.0,train,5.4e-05,0,-
21a139c20bbac1e2,O3_MINI_HIGH,47de066f89cb22f1,paper=Diff-Transformer,1,0.0,test,0.168404,0,match
21a139c20bbac1e2,O3_MINI_HIGH,13c56274f7f92498,paper=Diff-Transformer,1,1.0,train,0.774083,1,-
21a139c20bbac1e2,O3_MINI_HIGH,2c46674defb357b3,paper=Diff-Transformer,1,0.0,train,0.08338,0,-
21a139c20bbac1e2,O3_MINI_HIGH,bf98a752d317d682,paper=Diff-Transformer,1,1.0,train,0.558835,1,-
21a139c20bbac1e2,O3_MINI_HIGH,078310f1ed207594,paper=Diff-Transformer,1,0.0,train,0.873169,1,-
21a139c20bbac1e2,O3_MINI_HIGH,8d36415fc3e71842,paper=Diff-Transformer,1,0.0,test,0.001351,0,match
21a139c20bbac1e2,O3_MINI_HIGH,4930cc5afd36c3a9,paper=Diff-Transformer,1,0.0,train,0.001465,0,-
22e9aca88e136167,DEEPSEEK_R1,47de066f89cb22f1,paper=Diff-Transformer,1,0.0,test,0.060537,0,match
22e9aca88e136167,DEEPSEEK_R1,13c56274f7f92498,paper=Diff-Transformer,1,1.0,train,0.521597,1,-
22e9aca88e136167,DEEPSEEK_R1,2c46674defb357b3,paper=Diff-Transformer,1,0.0,train,0.028131,0,-
22e9aca88e136167,DEEPSEEK_R1,bf98a752d317d682,paper=Diff-Transformer,1,0.0,train,0.287279,0,-
22e9aca88e136167,DEEPSEEK_R1,078310f1ed207594,paper=Diff-Transformer,1,1.0,train,0.686585,1,-
22e9aca88e136167,DEEPSEEK_R1,8d36415fc3e71842,paper=Diff-Transformer,1,0.0,train,0.00043,0,-
22e9aca88e136167,DEEPSEEK_R1,4930cc5afd36c3a9,paper=Diff-Transformer,1,0.0,train,0.000467,0,-
1872c1340f216012,O1_HIGH,47de066f89cb22f1,paper=Diff-Transformer,1,0.0,train,0.09101,0,-
1872c1340f216012,O1_HIGH,13c56274f7f92498,paper=Diff-Transformer,1,1.0,test,0.628812,1,match
1872c1340f216012,O1_HIGH,2c46674defb357b3,paper=Diff-Transformer,1,0.0,test,0.043038,0,match
1872c1340f216012,O1_HIGH,bf98a752d317d682,paper=Diff-Transformer,1,1.0,train,0.385101,0,-
1872c1340f216012,O1_HIGH,078310f1ed207594,paper=Diff-Transformer,1,1.0,train,0.772922,1,-
1872c1340f216012,O1_HIGH,8d36415fc3e71842,paper=Diff-Transformer,1,0.0,test,0.000668,0,match
1872c1340f216012,O1_HIGH,4930cc5afd36c3a9,paper=Diff-Transformer,1,0.0,train,0.000725,0,-
8d49a7a13f10df7f,GPT_4_1,47de066f89cb22f1,paper=Diff-Transformer,1,0.0,train,0.113979,0,-
8d49a7a13f10df7f,GPT_4_1,13c56274f7f92498,paper=Diff-Transformer,1,1.0,test,0.685198,1,match
8d49a7a13f10df7f,GPT_4_1,2c46674defb357b3,paper=Diff-Transformer,1,0.0,train,0.054628,0,-
8d49a7a13f10df7f,GPT_4_1,bf98a752d317d682,paper=Diff-Transformer,1,0.0,train,0.445885,0,-
8d49a7a13f10df7f,GPT_4_1,078310f1ed207594,paper=Diff-Transformer,1,0.0,train,0.813896,1,-
8d49a7a13f10df7f,GPT_4_1,8d36415fc3e71842,paper=Diff-Transformer,1,0.0,train,0.000859,0,-
8d49a7a13f10df7f,GPT_4_1,4930cc5afd36c3a9,paper=Diff-Transformer,1,0.0,train,0.000931,0,-
efdd1f09f2fb64b9,GPT_4_1_MINI,47de066f89cb22f1,paper=Diff-Transformer,1,0.0,train,0.055688,0,-
efdd1f09f2fb64b9,GPT_4_1_MINI,13c56274f7f92498,paper=Diff-Transformer,1,1.0,train,0.499452,0,-
efdd1f09f2fb64b9,GPT_4_1_MINI,2c46674defb357b3,paper=Diff-Transformer,1,0.0,train,0.025806,0,-
efdd1f09f2fb64b9,GPT_4_1_MINI,bf98a752d317d682,paper=Diff-Transformer,1,0.0,train,0.269478,0,-
efdd1f09f2fb64b9,GPT_4_1_MINI,078310f1ed207594,paper=Diff-Transformer,1,1.0,train,0.667204,1,-
efdd1f09f2fb64b9,GPT_4_1_MINI,8d36415fc3e71842,paper=Diff-Transformer,1,0.0,test,0.000394,0,match
efdd1f09f2fb64b9,GPT_4_1_MINI,4930cc5afd36c3a9,paper=Diff-Transformer,1,0.0,train,0.000427,0,-
be16a6de1e20efee,GPT_4_1_NANO,47de066f89cb22f1,paper=Diff-Transformer,1,1.0,train,0.003205,0,-
be16a6de1e20efee,GPT_4_1_NANO,13c56274f7f92498,paper=Diff-Transformer,1,0.0,test,0.051595,0,match
be16a6de1e20efee,GPT_4_1_NANO,2c46674defb357b3,paper=Diff-Transformer,1,0.0,train,0.001442,0,-
be16a6de1e20efee,GPT_4_1_NANO,bf98a752d317d682,paper=Diff-Transformer,1,0.0,test,0.019715,0,match
be16a6de1e20efee,GPT_4_1_NANO,078310f1ed207594,paper=Diff-Transformer,1,1.0,train,0.098535,0,-
be16a6de1e20efee,GPT_4_1_NANO,8d36415fc3e71842,paper=Diff-Transformer,1,0.0,test,2.1e-05,0,match
be16a6de1e20efee,GPT_4_1_NANO,4930cc5afd36c3a9,paper=Diff-Transformer,1,0.0,test,2.3e-05,0,match
1c618d9d58429b09,O3_HIGH,47de066f89cb22f1,paper=Diff-Transformer,1,0.0,train,0.236831,0,-
1c618d9d58429b09,O3_HIGH,13c56274f7f92498,paper=Diff-Transformer,1,1.0,train,0.840017,1,-
1c618d9d58429b09,O3_HIGH,2c46674defb357b3,paper=Diff-Transformer,1,1.0,train,0.122341,0,-
1c618d9d58429b09,O3_HIGH,bf98a752d317d682,paper=Diff-Transformer,1,1.0,train,0.659996,1,-
1c618d9d58429b09,O3_HIGH,078310f1ed207594,paper=Diff-Transformer,1,1.0,train,0.913419,1,-
1c618d9d58429b09,O3_HIGH,8d36415fc3e71842,paper=Diff-Transformer,1,0.0,train,0.002069,0,-
1c618d9d58429b09,O3_HIGH,4930cc5afd36c3a9,paper=Diff-Transformer,1,0.0,test,0.002243,0,match
bce3d3ee52ef698f,CLAUDE_3_5_SONNET_2024_10_22,47de066f89cb22f1,paper=Diff-Transformer,1,0.0,train,0.082596,0,-
bce3d3ee52ef698f,CLAUDE_3_5_SONNET_2024_10_22,13c56274f7f92498,paper=Diff-Transformer,1,1.0,test,0.6037,1,match
bce3d3ee52ef698f,CLAUDE_3_5_SONNET_2024_10_22,2c46674defb357b3,paper=Diff-Transformer,1,0.0,train,0.03887,0,-
bce3d3ee52ef698f,CLAUDE_3_5_SONNET_2024_10_22,bf98a752d317d682,paper=Diff-Transformer,1,0.0,test,0.360275,0,match
bce3d3ee52ef698f,CLAUDE_3_5_SONNET_2024_10_22,078310f1ed207594,paper=Diff-Transformer,1,1.0,test,0.753741,1,match
bce3d3ee52ef698f,CLAUDE_3_5_SONNET_2024_10_22,8d36415fc3e71842,paper=Diff-Transformer,1,0.0,train,0.000601,0,-
bce3d3ee52ef698f,CLAUDE_3_5_SONNET_2024_10_22,4930cc5afd36c3a9,paper=Diff-Transformer,1,0.0,train,0.000652,0,-
39edf3fbaacf1629,CLAUDE_3_7_SONNET_2025_02_19,47de066f89cb22f1,paper=Diff-Transformer,1,0.0,train,0.114266,0,-
39edf3fbaacf1629,CLAUDE_3_7_SONNET_2025_02_19,13c56274f7f92498,paper=Diff-Transformer,1,1.0,train,0.68581,1,-
39edf3fbaacf1629,CLAUDE_3_7_SONNET_2025_02_19,2c46674defb357b3,paper=Diff-Transformer,1,0.0,test,0.054774,0,match
39edf3fbaacf1629,CLAUDE_3_7_SONNET_2025_02_19,bf98a752d317d682,paper=Diff-Transformer,1,0.0,train,0.446586,0,-
39edf3fbaacf1629,CLAUDE_3_7_SONNET_2025_02_19,078310f1ed207594,paper=Diff-Transformer,1,1.0,train,0.814325,1,-
39edf3fbaacf1629,CLAUDE_3_7_SONNET_2025_02_19,8d36415fc3e71842,paper=Diff-Transformer,1,0.0,train,0.000861,0,-
39edf3fbaacf1629,CLAUDE_3_7_SONNET_2025_02_19,4930cc5afd36c3a9,paper=Diff-Transformer,1,0.0,train,0.000934,0,-
a531ea372ae4b71d,GROK_3_BETA,47de066f89cb22f1,paper=Diff-Transformer,1,0.0,train,0.044684,0,-
a531ea372ae4b71d,GROK_3_BETA,13c56274f7f92498,paper=Diff-Transformer,1,1.0,train,0.441784,0,-
a531ea372ae4b71d,GROK_3_BETA,2c46674defb357b3,paper=Diff-Transformer,1,0.0,train,0.020578,0,-
a531ea372ae4b71d,GROK_3_BETA,bf98a752d317d682,paper=Diff-Transformer,1,0.0,train,0.226356,0,-
a531ea372ae4b71d,GROK_3_BETA,078310f1ed207594,paper=Diff-Transformer,1,1.0,test,0.613923,1,match
a531ea372ae4b71d,GROK_3_BETA,8d36415fc3e71842,paper=Diff-Transformer,1,0.0,train,0.000312,0,-
a531ea372ae4b71d,GROK_3_BETA,4930cc5afd36c3a9,paper=Diff-Transformer,1,0.0,test,0.000339,0,match
ac78f79a36a11b0e,GEMINI_2_5_PRO_PREVIEW_03_25,47de066f89cb22f1,paper=Diff-Transformer,1,0.0,train,0.279553,0,-
ac78f79a36a11b0e,GEMINI_2_5_PRO_PREVIEW_03_25,13c56274f7f92498,paper=Diff-Transformer,1,0.0,train,0.867819,1,-
ac78f79a36a11b0e,GEMINI_2_5_PRO_PREVIEW_03_25,2c46674defb357b3,paper=Diff-Transformer,1,0.0,train,0.148427,0,-
ac78f79a36a11b0e,GEMINI_2_5_PRO_PREVIEW_03_25,bf98a752d317d682,paper=Diff-Transformer,1,1.0,train,0.708215,1,-
ac78f79a36a11b0e,GEMINI_2_5_PRO_PREVIEW_03_25,078310f1ed207594,paper=Diff-Transformer,1,1.0,test,0.929535,1,match
ac78f79a36a11b0e,GEMINI_2_5_PRO_PREVIEW_03_25,8d36415fc3e71842,paper=Diff-Transformer,1,0.0,train,0.002585,0,-
ac78f79a36a11b0e,GEMINI_2_5_PRO_PREVIEW_03_25,4930cc5afd36c3a9,paper=Diff-Transformer,1,0.0,train,0.002803,0,-
b97dccb68ad1d70a,OPENROUTER_DEEPSEEK_CHAT_V3_0324,47de066f89cb22f1,paper=Diff-Transformer,1,0.0,train,0.049575,0,-
b97dccb68ad1d70a,OPENROUTER_DEEPSEEK_CHAT_V3_0324,13c56274f7f92498,paper=Diff-Transformer,1,1.0,test,0.468805,0,miss
b97dccb68ad1d70a,OPENROUTER_DEEPSEEK_CHAT_V3_0324,2c46674defb357b3,paper=Diff-Transformer,1,0.0,train,0.022893,0,-
b97dccb68ad1d70a,OPENROUTER_DEEPSEEK_CHAT_V3_0324,bf98a752d317d682,paper=Diff-Transformer,1,0.0,train,0.246007,0,-
b97dccb68ad1d70a,OPENROUTER_DEEPSEEK_CHAT_V3_0324,078310f1ed207594,paper=Diff-Transformer,1,0.0,train,0.639412,1,-
b97dccb68ad1d70a,OPENROUTER_DEEPSEEK_CHAT_V3_0324,8d36415fc3e71842,paper=Diff-Transformer,1,0.0,train,0.000348,0,-
b97dccb68ad1d70a,OPENROUTER_DEEPSEEK_CHAT_V3_0324,4930cc5afd36c3a9,paper=Diff-Transformer,1,0.0,train,0.000378,0,-
09f4a41bb2e2d341,QWEN_2_5_CODER_32B_INSTRUCT,47de066f89cb22f1,paper=Diff-Transformer,1,0.0,train,0.009767,0,-
09f4a41bb2e2d341,QWEN_2_5_CODER_32B_INSTRUCT,13c56274f7f92498,paper=Diff-Transformer,1,0.0,train,0.143024,0,-
09f4a41bb2e2d341,QWEN_2_5_CODER_32B_INSTRUCT,2c46674defb357b3,paper=Diff-Transformer,1,0.0,train,0.004411,0,-
09f4a41bb2e2d341,QWEN_2_5_CODER_32B_INSTRUCT,bf98a752d317d682,paper=Diff-Transformer,1,0.0,test,0.058114,0,match
09f4a41bb2e2d341,QWEN_2_5_CODER_32B_INSTRUCT,078310f1ed207594,paper=Diff-Transformer,1,0.0,train,0.251122,0,-
09f4a41bb2e2d341,QWEN_2_5_CODER_32B_INSTRUCT,8d36415fc3e71842,paper=Diff-Transformer,1,0.0,train,6.6e-05,0,-
09f4a41bb2e2d341,QWEN_2_5_CODER_32B_INSTRUCT,4930cc5afd36c3a9,paper=Diff-Transformer,1,0.0,train,7.1e-05,0,-
c117f9213dc5d8c9,LLAMA_3_3_70B_INSTRUCT,47de066f89cb22f1,paper=Diff-Transformer,1,0.0,train,0.001657,0,-
c117f9213dc5d8c9,LLAMA_3_3_70B_INSTRUCT,13c56274f7f92498,paper=Diff-Transformer,1,0.0,test,0.02731,0,match
c117f9213dc5d8c9,LLAMA_3_3_70B_INSTRUCT,2c46674defb357b3,paper=Diff-Transformer,1,0.0,train,0.000745,0,-
c117f9213dc5d8c9,LLAMA_3_3_70B_INSTRUCT,bf98a752d317d682,paper=Diff-Transformer,1,0.0,train,0.010273,0,-
c117f9213dc5d8c9,LLAMA_3_3_70B_INSTRUCT,078310f1ed207594,paper=Diff-Transformer,1,1.0,test,0.0534,0,miss
c117f9213dc5d8c9,LLAMA_3_3_70B_INSTRUCT,8d36415fc3e71842,paper=Diff-Transformer,1,0.0,train,1.1e-05,0,-
c117f9213dc5d8c9,LLAMA_3_3_70B_INSTRUCT,4930cc5afd36c3a9,paper=Diff-Transformer,1,0.0,train,1.2e-05,0,-
b2436ce8ede11e03,OPENROUTER_O4_MINI_HIGH,47de066f89cb22f1,paper=Diff-Transformer,1,0.0,train,0.211107,0,-
b2436ce8ede11e03,OPENROUTER_O4_MINI_HIGH,13c56274f7f92498,paper=Diff-Transformer,1,1.0,train,0.819094,1,-
b2436ce8ede11e03,OPENROUTER_O4_MINI_HIGH,2c46674defb357b3,paper=Diff-Transformer,1,0.0,train,0.107304,0,-
b2436ce8ede11e03,OPENROUTER_O4_MINI_HIGH,bf98a752d317d682,paper=Diff-Transformer,1,1.0,train,0.626012,1,-
b2436ce8ede11e03,OPENROUTER_O4_MINI_HIGH,078310f1ed207594,paper=Diff-Transformer,1,1.0,train,0.900964,1,-
b2436ce8ede11e03,OPENROUTER_O4_MINI_HIGH,8d36415fc3e71842,paper=Diff-Transformer,1,0.0,train,0.001784,0,-
b2436ce8ede11e03,OPENROUTER_O4_MINI_HIGH,4930cc5afd36c3a9,paper=Diff-Transformer,1,0.0,test,0.001935,0,match
2bfd4cd36591d7f5,GROK_3_MINI_BETA_HIGH,47de066f89cb22f1,paper=Diff-Transformer,1,0.0,train,0.005293,0,-
2bfd4cd36591d7f5,GROK_3_MINI_BETA_HIGH,13c56274f7f92498,paper=Diff-Transformer,1,0.0,test,0.082591,0,match
2bfd4cd36591d7f5,GROK_3_MINI_BETA_HIGH,2c46674defb357b3,paper=Diff-Transformer,1,0.0,train,0.002384,0,-
2bfd4cd36591d7f5,GROK_3_MINI_BETA_HIGH,bf98a752d317d682,paper=Diff-Transformer,1,1.0,train,0.03221,0,-
2bfd4cd36591d7f5,GROK_3_MINI_BETA_HIGH,078310f1ed207594,paper=Diff-Transformer,1,0.0,train,0.153177,0,-
2bfd4cd36591d7f5,GROK_3_MINI_BETA_HIGH,8d36415fc3e71842,paper=Diff-Transformer,1,0.0,train,3.6e-05,0,-
2bfd4cd36591d7f5,GROK_3_MINI_BETA_HIGH,4930cc5afd36c3a9,paper=Diff-Transformer,1,0.0,train,3.9e-05,0,-
9dafe621e945d614,GROK_2_1212,47de066f89cb22f1,paper=Diff-Transformer,1,0.0,train,0.005764,0,-
9dafe621e945d614,GROK_2_1212,13c56274f7f92498,paper=Diff-Transformer,1,0.0,train,0.089329,0,-
9dafe621e945d614,GROK_2_1212,2c46674defb357b3,paper=Diff-Transformer,1,0.0,train,0.002597,0,-
9dafe621e945d614,GROK_2_1212,bf98a752d317d682,paper=Diff-Transformer,1,0.0,train,0.034995,0,-
9dafe621e945d614,GROK_2_1212,078310f1ed207594,paper=Diff-Transformer,1,0.0,train,0.164641,0,-
9dafe621e945d614,GROK_2_1212,8d36415fc3e71842,paper=Diff-Transformer,1,0.0,train,3.9e-05,0,-
9dafe621e945d614,GROK_2_1212,4930cc5afd36c3a9,paper=Diff-Transformer,1,0.0,test,4.2e-05,0,match
8d84404dc2cabd80,OPENROUTER_CLAUDE_3_5_HAIKU,47de066f89cb22f1,paper=Diff-Transformer,1,0.0,train,0.038241,0,-
8d84404dc2cabd80,OPENROUTER_CLAUDE_3_5_HAIKU,13c56274f7f92498,paper=Diff-Transformer,1,0.0,test,0.402187,0,match
8d84404dc2cabd80,OPENROUTER_CLAUDE_3_5_HAIKU,2c46674defb357b3,paper=Diff-Transformer,1,0.0,train,0.017547,0,-
8d84404dc2cabd80,OPENROUTER_CLAUDE_3_5_HAIKU,bf98a752d317d682,paper=Diff-Transformer,1,0.0,train,0.199178,0,-
8d84404dc2cabd80,OPENROUTER_CLAUDE_3_5_HAIKU,078310f1ed207594,paper=Diff-Transformer,1,1.0,train,0.574784,1,-
8d84404dc2cabd80,OPENROUTER_CLAUDE_3_5_HAIKU,8d36415fc3e71842,paper=Diff-Transformer,1,0.0,train,0.000266,0,-
8d84404dc2cabd80,OPENROUTER_CLAUDE_3_5_HAIKU,4930cc5afd36c3a9,paper=Diff-Transformer,1,0.0,train,0.000288,0,-
42d17e7b8b8e8451,OPENROUTER_LLAMA_4_MAVERICK,47de066f89cb22f1,paper=Diff-Transformer,1,0.0,train,0.012564,0,-
42d17e7b8b8e8451,OPENROUTER_LLAMA_4_MAVERICK,13c56274f7f92498,paper=Diff-Transformer,1,0.0,test,0.177144,0,match
42d17e7b8b8e8451,OPENROUTER_LLAMA_4_MAVERICK,2c46674defb357b3,paper=Diff-Transformer,1,0.0,train,0.005683,0,-
42d17e7b8b8e8451,OPENROUTER_LLAMA_4_MAVERICK,bf98a752d317d682,paper=Diff-Transformer,1,0.0,train,0.07372,0,-
42d17e7b8b8e8451,OPENROUTER_LLAMA_4_MAVERICK,078310f1ed207594,paper=Diff-Transformer,1,0.0,test,0.301943,0,match
42d17e7b8b8e8451,OPENROUTER_LLAMA_4_MAVERICK,8d36415fc3e71842,paper=Diff-Transformer,1,0.0,train,8.5e-05,0,-
42d17e7b8b8e8451,OPENROUTER_LLAMA_4_MAVERICK,4930cc5afd36c3a9,paper=Diff-Transformer,1,0.0,test,9.2e-05,0,match
f346f5a402064340,OPENROUTER_LLAMA_4_SCOUT,47de066f89cb22f1,paper=Diff-Transformer,1,0.0,test,0.00407,0,match
f346f5a402064340,OPENROUTER_LLAMA_4_SCOUT,13c56274f7f92498,paper=Diff-Transformer,1,0.0,train,0.064674,0,-
f346f5a402064340,OPENROUTER_LLAMA_4_SCOUT,2c46674defb357b3,paper=Diff-Transformer,1,0.0,train,0.001832,0,-
f346f5a402064340,OPENROUTER_LLAMA_4_SCOUT,bf98a752d317d682,paper=Diff-Transformer,1,0.0,train,0.024926,0,-
f346f5a402064340,OPENROUTER_LLAMA_4_SCOUT,078310f1ed207594,paper=Diff-Transformer,1,0.0,train,0.121984,0,-
f346f5a402064340,OPENROUTER_LLAMA_4_SCOUT,8d36415fc3e71842,paper=Diff-Transformer,1,0.0,train,2.7e-05,0,-
f346f5a402064340,OPENROUTER_LLAMA_4_SCOUT,4930cc5afd36c3a9,paper=Diff-Transformer,1,0.0,train,3e-05,0,-
d9512a7be0630043,MISTRAL_CODESTRAL_2501,47de066f89cb22f1,paper=Diff-Transformer,1,0.0,train,0.018871,0,-
d9512a7be0630043,MISTRAL_CODESTRAL_2501,13c56274f7f92498,paper=Diff-Transformer,1,0.0,train,0.245534,0,-
d9512a7be0630043,MISTRAL_CODESTRAL_2501,2c46674defb357b3,paper=Diff-Transformer,1,0.0,train,0.008566,0,-
d9512a7be0630043,MISTRAL_CODESTRAL_2501,bf98a752d317d682,paper=Diff-Transformer,1,0.0,test,0.107393,0,match
d9512a7be0630043,MISTRAL_CODESTRAL_2501,078310f1ed207594,paper=Diff-Transformer,1,1.0,test,0.395364,0,miss
d9512a7be0630043,MISTRAL_CODESTRAL_2501,8d36415fc3e71842,paper=Diff-Transformer,1,0.0,train,0.000128,0,-
d9512a7be0630043,MISTRAL_CODESTRAL_2501,4930cc5afd36c3a9,paper=Diff-Transformer,1,0.0,train,0.000139,0,-
4a938d775c0363f7,GEMINI_2_5_PRO_PREVIEW_05_06,47de066f89cb22f1,paper=Diff-Transformer,1,0.0,train,0.389467,0,-
4a938d775c0363f7,GEMINI_2_5_PRO_PREVIEW_05_06,13c56274f7f92498,paper=Diff-Transformer,1,1.0,train,0.915207,1,-
4a938d775c0363f7,GEMINI_2_5_PRO_PREVIEW_05_06,2c46674defb357b3,paper=Diff-Transformer,1,0.0,train,0.222723,0,-
4a938d775c0363f7,GEMINI_2_5_PRO_PREVIEW_05_06,bf98a752d317d682,paper=Diff-Transformer,1,1.0,test,0.79961,1,match
4a938d775c0363f7,GEMINI_2_5_PRO_PREVIEW_05_06,078310f1ed207594,paper=Diff-Transformer,1,1.0,train,0.955921,1,-
4a938d775c0363f7,GEMINI_2_5_PRO_PREVIEW_05_06,8d36415fc3e71842,paper=Diff-Transformer,1,0.0,train,0.004243,0,-
4a938d775c0363f7,GEMINI_2_5_PRO_PREVIEW_05_06,4930cc5afd36c3a9,paper=Diff-Transformer,1,0.0,train,0.0046,0,-
0201bf34008b40fa,OPENROUTER_QWEN_TURBO,47de066f89cb22f1,paper=Diff-Transformer,1,0.0,train,0.000716,0,-
0201bf34008b40fa,OPENROUTER_QWEN_TURBO,13c56274f7f92498,paper=Diff-Transformer,1,0.0,train,0.011976,0,-
0201bf34008b40fa,OPENROUTER_QWEN_TURBO,2c46674defb357b3,paper=Diff-Transformer,1,0.0,train,0.000322,0,-
0201bf34008b40fa,OPENROUTER_QWEN_TURBO,bf98a752d317d682,paper=Diff-Transformer,1,0.0,train,0.004461,0,-
0201bf34008b40fa,OPENROUTER_QWEN_TURBO,078310f1ed207594,paper=Diff-Transformer,1,0.0,train,0.023776,0,-
0201bf34008b40fa,OPENROUTER_QWEN_TURBO,8d36415fc3e71842,paper=Diff-Transformer,1,0.0,train,5e-06,0,-
0201bf34008b40fa,OPENROUTER_QWEN_TURBO,4930cc5afd36c3a9,paper=Diff-Transformer,1,0.0,train,5e-06,0,-
9bbf8d46fe2a4b4d,OPENROUTER_MISTRAL_CODESTRAL_MAMBA,47de066f89cb22f1,paper=Diff-Transformer,1,0.0,test,0.000153,0,match
9bbf8d46fe2a4b4d,OPENROUTER_MISTRAL_CODESTRAL_MAMBA,13c56274f7f92498,paper=Diff-Transformer,1,0.0,test,0.002579,0,match
9bbf8d46fe2a4b4d,OPENROUTER_MISTRAL_CODESTRAL_MAMBA,2c46674defb357b3,paper=Diff-Transformer,1,0.0,train,6.9e-05,0,-
9bbf8d46fe2a4b4d,OPENROUTER_MISTRAL_CODESTRAL_MAMBA,bf98a752d317d682,paper=Diff-Transformer,1,0.0,train,0.000955,0,-
9bbf8d46fe2a4b4d,OPENROUTER_MISTRAL_CODESTRAL_MAMBA,078310f1ed207594,paper=Diff-Transformer,1,0.0,train,0.005168,0,-
9bbf8d46fe2a4b4d,OPENROUTER_MISTRAL_CODESTRAL_MAMBA,8d36415fc3e71842,paper=Diff-Transformer,1,0.0,train,1e-06,0,-
9bbf8d46fe2a4b4d,OPENROUTER_MISTRAL_CODESTRAL_MAMBA,4930cc5afd36c3a9,paper=Diff-Transformer,1,0.0,train,1e-06,0,-
0e68149d77ff2477,OPENROUTER_AMAZON_NOVA_PRO_1_0,47de066f89cb22f1,paper=Diff-Transformer,1,0.0,train,0.009436,0,-
0e68149d77ff2477,OPENROUTER_AMAZON_NOVA_PRO_1_0,13c56274f7f92498,paper=Diff-Transformer,1,0.0,train,0.138801,0,-
0e68149d77ff2477,OPENROUTER_AMAZON_NOVA_PRO_1_0,2c46674defb357b3,paper=Diff-Transformer,1,0.0,train,0.004261,0,-
0e68149d77ff2477,OPENROUTER_AMAZON_NOVA_PRO_1_0,bf98a752d317d682,paper=Diff-Transformer,1,0.0,train,0.056234,0,-
0e68149d77ff2477,OPENROUTER_AMAZON_NOVA_PRO_1_0,078310f1ed207594,paper=Diff-Transformer,1,1.0,train,0.244618,0,-
0e68149d77ff2477,OPENROUTER_AMAZON_NOVA_PRO_1_0,8d36415fc3e71842,paper=Diff-Transformer,1,0.0,test,6.4e-05,0,match
0e68149d77ff2477,OPENROUTER_AMAZON_NOVA_PRO_1_0,4930cc5afd36c3a9,paper=Diff-Transformer,1,0.0,train,6.9e-05,0,-
f89d3f7268252d37,OPENROUTER_COHERE_COMMAND_A,47de066f89cb22f1,paper=Diff-Transformer,1,0.0,train,0.014603,0,-
f89d3f7268252d37,OPENROUTER_COHERE_COMMAND_A,13c56274f7f92498,paper=Diff-Transformer,1,0.0,train,0.200476,0,-
f89d3f7268252d37,OPENROUTER_COHERE_COMMAND_A,2c46674defb357b3,paper=Diff-Transformer,1,0.0,train,0.006613,0,-
f89d3f7268252d37,OPENROUTER_COHERE_COMMAND_A,bf98a752d317d682,paper=Diff-Transformer,1,0.0,test,0.084835,0,match
f89d3f7268252d37,OPENROUTER_COHERE_COMMAND_A,078310f1ed207594,paper=Diff-Transformer,1,0.0,train,0.335021,0,-
f89d3f7268252d37,OPENROUTER_COHERE_COMMAND_A,8d36415fc3e71842,paper=Diff-Transformer,1,0.0,train,9.9e-05,0,-
f89d3f7268252d37,OPENROUTER_COHERE_COMMAND_A,4930cc5afd36c3a9,paper=Diff-Transformer,1,0.0,train,0.000107,0,-
6439159aa9f9ba95,GEMINI_2_5_FLASH_PREVIEW_04_17,47de066f89cb22f1,paper=Diff-Transformer,1,1.0,train,0.081091,0,-
6439159aa9f9ba95,GEMINI_2_5_FLASH_PREVIEW_04_17,13c56274f7f92498,paper=Diff-Transformer,1,1.0,train,0.598898,1,-
6439159aa9f9ba95,GEMINI_2_5_FLASH_PREVIEW_04_17,2c46674defb357b3,paper=Diff-Transformer,1,0.0,train,0.038128,0,-
6439159aa9f9ba95,GEMINI_2_5_FLASH_PREVIEW_04_17,bf98a752d317d682,paper=Diff-Transformer,1,1.0,test,0.355672,0,miss
6439159aa9f9ba95,GEMINI_2_5_FLASH_PREVIEW_04_17,078310f1ed207594,paper=Diff-Transformer,1,1.0,train,0.750005,1,-
6439159aa9f9ba95,GEMINI_2_5_FLASH_PREVIEW_04_17,8d36415fc3e71842,paper=Diff-Transformer,1,0.0,test,0.000589,0,match
6439159aa9f9ba95,GEMINI_2_5_FLASH_PREVIEW_04_17,4930cc5afd36c3a9,paper=Diff-Transformer,1,0.0,train,0.000639,0,-
4a199d31e7ac5440,GEMINI_2_0_FLASH_LITE,47de066f89cb22f1,paper=Diff-Transformer,1,0.0,train,0.018719,0,-
4a199d31e7ac5440,GEMINI_2_0_FLASH_LITE,13c56274f7f92498,paper=Diff-Transformer,1,0.0,train,0.244013,0,-
4a199d31e7ac5440,GEMINI_2_0_FLASH_LITE,2c46674defb357b3,paper=Diff-Transformer,1,0.0,test,0.008496,0,match
4a199d31e7ac5440,GEMINI_2_0_FLASH_LITE,bf98a752d317d682,paper=Diff-Transformer,1,0.0,train,0.106607,0,-
4a199d31e7ac5440,GEMINI_2_0_FLASH_LITE,078310f1ed207594,paper=Diff-Transformer,1,1.0,train,0.393399,0,-
4a199d31e7ac5440,GEMINI_2_0_FLASH_LITE,8d36415fc3e71842,paper=Diff-Transformer,1,0.0,train,0.000127,0,-
4a199d31e7ac5440,GEMINI_2_0_FLASH_LITE,4930cc5afd36c3a9,paper=Diff-Transformer,1,0.0,train,0.000138,0,-
5a9db67a33a34b6b,OPENROUTER_MISTRAL_MEDIUM_3,47de066f89cb22f1,paper=Diff-Transformer,1,0.0,train,0.031294,0,-
5a9db67a33a34b6b,OPENROUTER_MISTRAL_MEDIUM_3,13c56274f7f92498,paper=Diff-Transformer,1,0.0,train,0.353417,0,-
5a9db67a33a34b6b,OPENROUTER_MISTRAL_MEDIUM_3,2c46674defb357b3,paper=Diff-Transformer,1,0.0,train,0.014303,0,-
5a9db67a33a34b6b,OPENROUTER_MISTRAL_MEDIUM_3,bf98a752d317d682,paper=Diff-Transformer,1,0.0,train,0.168103,0,-
5a9db67a33a34b6b,OPENROUTER_MISTRAL_MEDIUM_3,078310f1ed207594,paper=Diff-Transformer,1,1.0,train,0.523409,1,-
5a9db67a33a34b6b,OPENROUTER_MISTRAL_MEDIUM_3,8d36415fc3e71842,paper=Diff-Transformer,1,0.0,train,0.000216,0,-
5a9db67a33a34b6b,OPENROUTER_MISTRAL_MEDIUM_3,4930cc5afd36c3a9,paper=Diff-Transformer,1,0.0,test,0.000234,0,match
92da838173d9f753,GEMINI_2_0_FLASH,7931cbe5aaadc550,paper=DiffusionDPO,1,1.0,train,0.430263,0,-
92da838173d9f753,GEMINI_2_0_FLASH,71b0361d743c4fb3,paper=DiffusionDPO,1,1.0,test,0.886497,1,match
92da838173d9f753,GEMINI_2_0_FLASH,e88070f56b9fb1cb,paper=DiffusionDPO,1,0.0,test,0.256884,0,match
92da838173d9f753,GEMINI_2_0_FLASH,9b01ebcddab81b38,paper=DiffusionDPO,1,1.0,train,0.93824,1,-
92da838173d9f753,GEMINI_2_0_FLASH,ea86b4880dfd8fdb,paper=DiffusionDPO,1,1.0,train,0.995285,1,-
92da838173d9f753,GEMINI_2_0_FLASH,8f0e598619fb078b,paper=DiffusionDPO,1,1.0,test,0.837237,1,match
92da838173d9f753,GEMINI_2_0_FLASH,482503dd76cb606a,paper=DiffusionDPO,1,1.0,train,0.737295,1,-
92da838173d9f753,GEMINI_2_0_FLASH,7cc646bb2a9fcbde,paper=DiffusionDPO,1,1.0,train,0.90183,1,-
92da838173d9f753,GEMINI_2_0_FLASH,330bfa32cff6c613,paper=DiffusionDPO,1,0.0,train,0.291297,0,-
7184624c9762b8b9,GPT_4O_2024_08_06,7931cbe5aaadc550,paper=DiffusionDPO,1,1.0,train,0.52073,1,-
7184624c9762b8b9,GPT_4O_2024_08_06,71b0361d743c4fb3,paper=DiffusionDPO,1,1.0,test,0.918279,1,match
7184624c9762b8b9,GPT_4O_2024_08_06,e88070f56b9fb1cb,paper=DiffusionDPO,1,1.0,train,0.332149,0,-
7184624c9762b8b9,GPT_4O_2024_08_06,9b01ebcddab81b38,paper=DiffusionDPO,1,1.0,train,0.956248,1,-
7184624c9762b8b9,GPT_4O_2024_08_06,ea86b4880dfd8fdb,paper=DiffusionDPO,1,1.0,train,0.996718,1,-
7184624c9762b8b9,GPT_4O_2024_08_06,8f0e598619fb078b,paper=DiffusionDPO,1,1.0,train,0.880961,1,-
7184624c9762b8b9,GPT_4O_2024_08_06,482503dd76cb606a,paper=DiffusionDPO,1,0.0,train,0.801501,1,-
7184624c9762b8b9,GPT_4O_2024_08_06,7cc646bb2a9fcbde,paper=DiffusionDPO,1,1.0,train,0.92966,1,-
7184624c9762b8b9,GPT_4O_2024_08_06,330bfa32cff6c613,paper=DiffusionDPO,1,1.0,train,0.371602,0,-
3f126a3baa99198a,GPT_4O_MINI,7931cbe5aaadc550,paper=DiffusionDPO,1,0.0,train,0.151871,0,-
3f126a3baa99198a,GPT_4O_MINI,71b0361d743c4fb3,paper=DiffusionDPO,1,0.0,train,0.64936,1,-
3f126a3baa99198a,GPT_4O_MINI,e88070f56b9fb1cb,paper=DiffusionDPO,1,0.0,train,0.075757,0,-
3f126a3baa99198a,GPT_4O_MINI,9b01ebcddab81b38,paper=DiffusionDPO,1,1.0,train,0.782709,1,-
3f126a3baa99198a,GPT_4O_MINI,ea86b4880dfd8fdb,paper=DiffusionDPO,1,1.0,train,0.980411,1,-
3f126a3baa99198a,GPT_4O_MINI,8f0e598619fb078b,paper=DiffusionDPO,1,0.0,test,0.549485,1,miss
3f126a3baa99198a,GPT_4O_MINI,482503dd76cb606a,paper=DiffusionDPO,1,0.0,train,0.399568,0,-
3f126a3baa99198a,GPT_4O_MINI,7cc646bb2a9fcbde,paper=DiffusionDPO,1,0.0,train,0.685358,1,-
3f126a3baa99198a,GPT_4O_MINI,330bfa32cff6c613,paper=DiffusionDPO,1,0.0,train,0.088805,0,-
21a139c20bbac1e2,O3_MINI_HIGH,7931cbe5aaadc550,paper=DiffusionDPO,1,0.0,train,0.829667,1,-
21a139c20bbac1e2,O3_MINI_HIGH,71b0361d743c4fb3,paper=DiffusionDPO,1,1.0,train,0.980535,1,-
21a139c20bbac1e2,O3_MINI_HIGH,e88070f56b9fb1cb,paper=DiffusionDPO,1,0.0,test,0.690364,1,miss
21a139c20bbac1e2,O3_MINI_HIGH,9b01ebcddab81b38,paper=DiffusionDPO,1,1.0,train,0.989897,1,-
21a139c20bbac1e2,O3_MINI_HIGH,ea86b4880dfd8fdb,paper=DiffusionDPO,1,1.0,train,0.999266,1,-
21a139c20bbac1e2,O3_MINI_HIGH,8f0e598619fb078b,paper=DiffusionDPO,1,1.0,test,0.970741,1,match
21a139c20bbac1e2,O3_MINI_HIGH,482503dd76cb606a,paper=DiffusionDPO,1,1.0,train,0.947649,1,-
21a139c20bbac1e2,O3_MINI_HIGH,7cc646bb2a9fcbde,paper=DiffusionDPO,1,1.0,train,0.983403,1,-
21a139c20bbac1e2,O3_MINI_HIGH,330bfa32cff6c613,paper=DiffusionDPO,1,1.0,train,0.726106,1,-
22e9aca88e136167,DEEPSEEK_R1,7931cbe5aaadc550,paper=DiffusionDPO,1,0.0,test,0.60783,1,miss
22e9aca88e136167,DEEPSEEK_R1,71b0361d743c4fb3,paper=DiffusionDPO,1,1.0,train,0.941278,1,-
22e9aca88e136167,DEEPSEEK_R1,e88070f56b9fb1cb,paper=DiffusionDPO,1,1.0,train,0.415021,0,-
22e9aca88e136167,DEEPSEEK_R1,9b01ebcddab81b38,paper=DiffusionDPO,1,1.0,train,0.968923,1,-
22e9aca88e136167,DEEPSEEK_R1,ea86b4880dfd8fdb,paper=DiffusionDPO,1,1.0,train,0.997697,1,-
22e9aca88e136167,DEEPSEEK_R1,8f0e598619fb078b,paper=DiffusionDPO,1,0.0,train,0.913472,1,-
22e9aca88e136167,DEEPSEEK_R1,482503dd76cb606a,paper=DiffusionDPO,1,1.0,train,0.852071,1,-
22e9aca88e136167,DEEPSEEK_R1,7cc646bb2a9fcbde,paper=DiffusionDPO,1,1.0,train,0.949632,1,-
22e9aca88e136167,DEEPSEEK_R1,330bfa32cff6c613,paper=DiffusionDPO,1,1.0,test,0.457574,0,miss
1872c1340f216012,O1_HIGH,7931cbe5aaadc550,paper=DiffusionDPO,1,1.0,train,0.706591,1,-
1872c1340f216012,O1_HIGH,71b0361d743c4fb3,paper=DiffusionDPO,1,1.0,train,0.961399,1,-
1872c1340f216012,O1_HIGH,e88070f56b9fb1cb,paper=DiffusionDPO,1,1.0,train,0.52434,1,-
1872c1340f216012,O1_HIGH,9b01ebcddab81b38,paper=DiffusionDPO,1,1.0,train,0.979775,1,-
1872c1340f216012,O1_HIGH,ea86b4880dfd8fdb,paper=DiffusionDPO,1,1.0,test,0.998516,1,match
1872c1340f216012,O1_HIGH,8f0e598619fb078b,paper=DiffusionDPO,1,1.0,train,0.942539,1,-
1872c1340f216012,O1_HIGH,482503dd76cb606a,paper=DiffusionDPO,1,0.0,train,0.899494,1,-
1872c1340f216012,O1_HIGH,7cc646bb2a9fcbde,paper=DiffusionDPO,1,1.0,train,0.96699,1,-
1872c1340f216012,O1_HIGH,330bfa32cff6c613,paper=DiffusionDPO,1,0.0,train,0.567233,1,-
8d49a7a13f10df7f,GPT_4_1,7931cbe5aaadc550,paper=DiffusionDPO,1,0.0,test,0.755751,1,miss
8d49a7a13f10df7f,GPT_4_1,71b0361d743c4fb3,paper=DiffusionDPO,1,1.0,train,0.969697,1,-
8d49a7a13f10df7f,GPT_4_1,e88070f56b9fb1cb,paper=DiffusionDPO,1,0.0,test,0.586151,1,miss
8d49a7a13f10df7f,GPT_4_1,9b01ebcddab81b38,paper=DiffusionDPO,1,1.0,train,0.984188,1,-
8d49a7a13f10df7f,GPT_4_1,ea86b4880dfd8fdb,paper=DiffusionDPO,1,1.0,train,0.998845,1,-
8d49a7a13f10df7f,GPT_4_1,8f0e598619fb078b,paper=DiffusionDPO,1,1.0,train,0.954701,1,-
8d49a7a13f10df7f,GPT_4_1,482503dd76cb606a,paper=DiffusionDPO,1,1.0,test,0.919994,1,match
8d49a7a13f10df7f,GPT_4_1,7cc646bb2a9fcbde,paper=DiffusionDPO,1,1.0,test,0.974119,1,match
8d49a7a13f10df7f,GPT_4_1,330bfa32cff6c613,paper=DiffusionDPO,1,0.0,train,0.62743,1,-
efdd1f09f2fb64b9,GPT_4_1_MINI,7931cbe5aaadc550,paper=DiffusionDPO,1,0.0,test,0.586512,1,miss
efdd1f09f2fb64b9,GPT_4_1_MINI,71b0361d743c4fb3,paper=DiffusionDPO,1,1.0,test,0.936183,1,match
efdd1f09f2fb64b9,GPT_4_1_MINI,e88070f56b9fb1cb,paper=DiffusionDPO,1,0.0,train,0.393677,0,-
efdd1f09f2fb64b9,GPT_4_1_MINI,9b01ebcddab81b38,paper=DiffusionDPO,1,1.0,train,0.96614,1,-
efdd1f09f2fb64b9,GPT_4_1_MINI,ea86b4880dfd8fdb,paper=DiffusionDPO,1,1.0,train,0.997484,1,-
efdd1f09f2fb64b9,GPT_4_1_MINI,8f0e598619fb078b,paper=DiffusionDPO,1,0.0,train,0.906205,1,-
efdd1f09f2fb64b9,GPT_4_1_MINI,482503dd76cb606a,paper=DiffusionDPO,1,1.0,train,0.840546,1,-
efdd1f09f2fb64b9,GPT_4_1_MINI,7cc646bb2a9fcbde,paper=DiffusionDPO,1,1.0,train,0.945219,1,-
efdd1f09f2fb64b9,GPT_4_1_MINI,330bfa32cff6c613,paper=DiffusionDPO,1,0.0,train,0.435671,0,-
be16a6de1e20efee,GPT_4_1_NANO,7931cbe5aaadc550,paper=DiffusionDPO,1,0.0,train,0.071784,0,-
be16a6de1e20efee,GPT_4_1_NANO,71b0361d743c4fb3,paper=DiffusionDPO,1,0.0,test,0.444386,0,match
be16a6de1e20efee,GPT_4_1_NANO,e88070f56b9fb1cb,paper=DiffusionDPO,1,0.0,train,0.034189,0,-
be16a6de1e20efee,GPT_4_1_NANO,9b01ebcddab81b38,paper=DiffusionDPO,1,0.0,train,0.608716,1,-
be16a6de1e20efee,GPT_4_1_NANO,ea86b4880dfd8fdb,paper=DiffusionDPO,1,1.0,train,0.955782,1,-
be16a6de1e20efee,GPT_4_1_NANO,8f0e598619fb078b,paper=DiffusionDPO,1,0.0,train,0.345017,0,-
be16a6de1e20efee,GPT_4_1_NANO,482503dd76cb606a,paper=DiffusionDPO,1,0.0,test,0.223242,0,match
be16a6de1e20efee,GPT_4_1_NANO,7cc646bb2a9fcbde,paper=DiffusionDPO,1,0.0,train,0.48473,0,-
be16a6de1e20efee,GPT_4_1_NANO,330bfa32cff6c613,paper=DiffusionDPO,1,0.0,train,0.040391,0,-
1c618d9d58429b09,O3_HIGH,7931cbe5aaadc550,paper=DiffusionDPO,1,1.0,train,0.881855,1,-
1c618d9d58429b09,O3_HIGH,71b0361d743c4fb3,paper=DiffusionDPO,1,1.0,train,0.987212,1,-
1c618d9d58429b09,O3_HIGH,e88070f56b9fb1cb,paper=DiffusionDPO,1,1.0,train,0.773585,1,-
1c618d9d58429b09,O3_HIGH,9b01ebcddab81b38,paper=DiffusionDPO,1,1.0,train,0.993384,1,-
1c618d9d58429b09,O3_HIGH,ea86b4880dfd8fdb,paper=DiffusionDPO,1,1.0,train,0.999521,1,-
1c618d9d58429b09,O3_HIGH,8f0e598619fb078b,paper=DiffusionDPO,1,1.0,train,0.98071,1,-
1c618d9d58429b09,O3_HIGH,482503dd76cb606a,paper=DiffusionDPO,1,1.0,train,0.965204,1,-
1c618d9d58429b09,O3_HIGH,7cc646bb2a9fcbde,paper=DiffusionDPO,1,1.0,train,0.989106,1,-
1c618d9d58429b09,O3_HIGH,330bfa32cff6c613,paper=DiffusionDPO,1,1.0,test,0.802469,1,match
bce3d3ee52ef698f,CLAUDE_3_5_SONNET_2024_10_22,7931cbe5aaadc550,paper=DiffusionDPO,1,1.0,train,0.684097,1,-
bce3d3ee52ef698f,CLAUDE_3_5_SONNET_2024_10_22,71b0361d743c4fb3,paper=DiffusionDPO,1,1.0,train,0.957258,1,-
bce3d3ee52ef698f,CLAUDE_3_5_SONNET_2024_10_22,e88070f56b9fb1cb,paper=DiffusionDPO,1,0.0,train,0.497805,0,-
bce3d3ee52ef698f,CLAUDE_3_5_SONNET_2024_10_22,9b01ebcddab81b38,paper=DiffusionDPO,1,1.0,train,0.97756,1,-
bce3d3ee52ef698f,CLAUDE_3_5_SONNET_2024_10_22,ea86b4880dfd8fdb,paper=DiffusionDPO,1,1.0,train,0.998351,1,-
bce3d3ee52ef698f,CLAUDE_3_5_SONNET_2024_10_22,8f0e598619fb078b,paper=DiffusionDPO,1,1.0,train,0.936509,1,-
bce3d3ee52ef698f,CLAUDE_3_5_SONNET_2024_10_22,482503dd76cb606a,paper=DiffusionDPO,1,1.0,train,0.889476,1,-
bce3d3ee52ef698f,CLAUDE_3_5_SONNET_2024_10_22,7cc646bb2a9fcbde,paper=DiffusionDPO,1,1.0,train,0.963426,1,-
bce3d3ee52ef698f,CLAUDE_3_5_SONNET_2024_10_22,330bfa32cff6c613,paper=DiffusionDPO,1,0.0,train,0.540996,1,-
39edf3fbaacf1629,CLAUDE_3_7_SONNET_2025_02_19,7931cbe5aaadc550,paper=DiffusionDPO,1,1.0,train,0.756274,1,-
39edf3fbaacf1629,CLAUDE_3_7_SONNET_2025_02_19,71b0361d743c4fb3,paper=DiffusionDPO,1,1.0,train,0.969781,1,-
39edf3fbaacf1629,CLAUDE_3_7_SONNET_2025_02_19,e88070f56b9fb1cb,paper=DiffusionDPO,1,1.0,train,0.586839,1,-
39edf3fbaacf1629,CLAUDE_3_7_SONNET_2025_02_19,9b01ebcddab81b38,paper=DiffusionDPO,1,1.0,test,0.984232,1,match
39edf3fbaacf1629,CLAUDE_3_7_SONNET_2025_02_19,ea86b4880dfd8fdb,paper=DiffusionDPO,1,1.0,train,0.998848,1,-
39edf3fbaacf1629,CLAUDE_3_7_SONNET_2025_02_19,8f0e598619fb078b,paper=DiffusionDPO,1,1.0,train,0.954824,1,-
39edf3fbaacf1629,CLAUDE_3_7_SONNET_2025_02_19,482503dd76cb606a,paper=DiffusionDPO,1,1.0,train,0.920202,1,-
39edf3fbaacf1629,CLAUDE_3_7_SONNET_2025_02_19,7cc646bb2a9fcbde,paper=DiffusionDPO,1,1.0,train,0.974191,1,-
39edf3fbaacf1629,CLAUDE_3_7_SONNET_2025_02_19,330bfa32cff6c613,paper=DiffusionDPO,1,0.0,train,0.628093,1,-
a531ea372ae4b71d,GROK_3_BETA,7931cbe5aaadc550,paper=DiffusionDPO,1,1.0,test,0.529424,1,match
a531ea372ae4b71d,GROK_3_BETA,71b0361d743c4fb3,paper=DiffusionDPO,1,1.0,train,0.920858,1,-
a531ea372ae4b71d,GROK_3_BETA,e88070f56b9fb1cb,paper=DiffusionDPO,1,0.0,train,0.339928,0,-
a531ea372ae4b71d,GROK_3_BETA,9b01ebcddab81b38,paper=DiffusionDPO,1,1.0,train,0.957684,1,-
a531ea372ae4b71d,GROK_3_BETA,ea86b4880dfd8fdb,paper=DiffusionDPO,1,1.0,test,0.99683,1,match
a531ea372ae4b71d,GROK_3_BETA,8f0e598619fb078b,paper=DiffusionDPO,1,1.0,train,0.884569,1,-
a531ea372ae4b71d,GROK_3_BETA,482503dd76cb606a,paper=DiffusionDPO,1,1.0,train,0.80699,1,-
a531ea372ae4b71d,GROK_3_BETA,7cc646bb2a9fcbde,paper=DiffusionDPO,1,1.0,train,0.931906,1,-
a531ea372ae4b71d,GROK_3_BETA,330bfa32cff6c613,paper=DiffusionDPO,1,1.0,train,0.37978,0,-
ac78f79a36a11b0e,GEMINI_2_5_PRO_PREVIEW_03_25,7931cbe5aaadc550,paper=DiffusionDPO,1,0.0,test,0.903224,1,miss
ac78f79a36a11b0e,GEMINI_2_5_PRO_PREVIEW_03_25,71b0361d743c4fb3,paper=DiffusionDPO,1,1.0,train,0.989746,1,-
ac78f79a36a11b0e,GEMINI_2_5_PRO_PREVIEW_03_25,e88070f56b9fb1cb,paper=DiffusionDPO,1,1.0,test,0.810324,1,match
ac78f79a36a11b0e,GEMINI_2_5_PRO_PREVIEW_03_25,9b01ebcddab81b38,paper=DiffusionDPO,1,1.0,train,0.994702,1,-
ac78f79a36a11b0e,GEMINI_2_5_PRO_PREVIEW_03_25,ea86b4880dfd8fdb,paper=DiffusionDPO,1,1.0,train,0.999617,1,-
ac78f79a36a11b0e,GEMINI_2_5_PRO_PREVIEW_03_25,8f0e598619fb078b,paper=DiffusionDPO,1,1.0,train,0.984513,1,-
ac78f79a36a11b0e,GEMINI_2_5_PRO_PREVIEW_03_25,482503dd76cb606a,paper=DiffusionDPO,1,1.0,train,0.971977,1,-
ac78f79a36a11b0e,GEMINI_2_5_PRO_PREVIEW_03_25,7cc646bb2a9fcbde,paper=DiffusionDPO,1,1.0,train,0.991269,1,-
ac78f79a36a11b0e,GEMINI_2_5_PRO_PREVIEW_03_25,330bfa32cff6c613,paper=DiffusionDPO,1,1.0,test,0.835518,1,match
b97dccb68ad1d70a,OPENROUTER_DEEPSEEK_CHAT_V3_0324,7931cbe5aaadc550,paper=DiffusionDPO,1,1.0,train,0.556462,1,-
b97dccb68ad1d70a,OPENROUTER_DEEPSEEK_CHAT_V3_0324,71b0361d743c4fb3,paper=DiffusionDPO,1,1.0,train,0.928445,1,-
b97dccb68ad1d70a,OPENROUTER_DEEPSEEK_CHAT_V3_0324,e88070f56b9fb1cb,paper=DiffusionDPO,1,1.0,train,0.36479,0,-
b97dccb68ad1d70a,OPENROUTER_DEEPSEEK_CHAT_V3_0324,9b01ebcddab81b38,paper=DiffusionDPO,1,1.0,train,0.961887,1,-
b97dccb68ad1d70a,OPENROUTER_DEEPSEEK_CHAT_V3_0324,ea86b4880dfd8fdb,paper=DiffusionDPO,1,1.0,train,0.997156,1,-
b97dccb68ad1d70a,OPENROUTER_DEEPSEEK_CHAT_V3_0324,8f0e598619fb078b,paper=DiffusionDPO,1,1.0,train,0.895239,1,-
b97dccb68ad1d70a,OPENROUTER_DEEPSEEK_CHAT_V3_0324,482503dd76cb606a,paper=DiffusionDPO,1,1.0,train,0.823399,1,-
b97dccb68ad1d70a,OPENROUTER_DEEPSEEK_CHAT_V3_0324,7cc646bb2a9fcbde,paper=DiffusionDPO,1,1.0,train,0.938504,1,-
b97dccb68ad1d70a,OPENROUTER_DEEPSEEK_CHAT_V3_0324,330bfa32cff6c613,paper=DiffusionDPO,1,0.0,train,0.405765,0,-
09f4a41bb2e2d341,QWEN_2_5_CODER_32B_INSTRUCT,7931cbe5aaadc550,paper=DiffusionDPO,1,0.0,train,0.191757,0,-
09f4a41bb2e2d341,QWEN_2_5_CODER_32B_INSTRUCT,71b0361d743c4fb3,paper=DiffusionDPO,1,1.0,train,0.710454,1,-
09f4a41bb2e2d341,QWEN_2_5_CODER_32B_INSTRUCT,e88070f56b9fb1cb,paper=DiffusionDPO,1,0.0,train,0.097961,0,-
09f4a41bb2e2d341,QWEN_2_5_CODER_32B_INSTRUCT,9b01ebcddab81b38,paper=DiffusionDPO,1,1.0,train,0.826767,1,-
09f4a41bb2e2d341,QWEN_2_5_CODER_32B_INSTRUCT,ea86b4880dfd8fdb,paper=DiffusionDPO,1,1.0,train,0.985144,1,-
09f4a41bb2e2d341,QWEN_2_5_CODER_32B_INSTRUCT,8f0e598619fb078b,paper=DiffusionDPO,1,0.0,train,0.617737,1,-
09f4a41bb2e2d341,QWEN_2_5_CODER_32B_INSTRUCT,482503dd76cb606a,paper=DiffusionDPO,1,1.0,train,0.468566,0,-
09f4a41bb2e2d341,QWEN_2_5_CODER_32B_INSTRUCT,7cc646bb2a9fcbde,paper=DiffusionDPO,1,1.0,train,0.742666,1,-
09f4a41bb2e2d341,QWEN_2_5_CODER_32B_INSTRUCT,330bfa32cff6c613,paper=DiffusionDPO,1,1.0,train,0.114361,0,-
c117f9213dc5d8c9,LLAMA_3_3_70B_INSTRUCT,7931cbe5aaadc550,paper=DiffusionDPO,1,0.0,train,0.03838,0,-
c117f9213dc5d8c9,LLAMA_3_3_70B_INSTRUCT,71b0361d743c4fb3,paper=DiffusionDPO,1,1.0,train,0.292175,0,-
c117f9213dc5d8c9,LLAMA_3_3_70B_INSTRUCT,e88070f56b9fb1cb,paper=DiffusionDPO,1,0.0,train,0.017942,0,-
c117f9213dc5d8c9,LLAMA_3_3_70B_INSTRUCT,9b01ebcddab81b38,paper=DiffusionDPO,1,1.0,train,0.445333,0,-
c117f9213dc5d8c9,LLAMA_3_3_70B_INSTRUCT,ea86b4880dfd8fdb,paper=DiffusionDPO,1,1.0,train,0.917733,1,-
c117f9213dc5d8c9,LLAMA_3_3_70B_INSTRUCT,8f0e598619fb078b,paper=DiffusionDPO,1,0.0,train,0.213748,0,-
c117f9213dc5d8c9,LLAMA_3_3_70B_INSTRUCT,482503dd76cb606a,paper=DiffusionDPO,1,0.0,train,0.129168,0,-
c117f9213dc5d8c9,LLAMA_3_3_70B_INSTRUCT,7cc646bb2a9fcbde,paper=DiffusionDPO,1,1.0,train,0.326829,0,-
c117f9213dc5d8c9,LLAMA_3_3_70B_INSTRUCT,330bfa32cff6c613,paper=DiffusionDPO,1,0.0,train,0.021261,0,-
b2436ce8ede11e03,OPENROUTER_O4_MINI_HIGH,7931cbe5aaadc550,paper=DiffusionDPO,1,0.0,train,0.865528,1,-
b2436ce8ede11e03,OPENROUTER_O4_MINI_HIGH,71b0361d743c4fb3,paper=DiffusionDPO,1,1.0,test,0.9852,1,match
b2436ce8ede11e03,OPENROUTER_O4_MINI_HIGH,e88070f56b9fb1cb,paper=DiffusionDPO,1,1.0,train,0.746595,1,-
b2436ce8ede11e03,OPENROUTER_O4_MINI_HIGH,9b01ebcddab81b38,paper=DiffusionDPO,1,1.0,train,0.992336,1,-
b2436ce8ede11e03,OPENROUTER_O4_MINI_HIGH,ea86b4880dfd8fdb,paper=DiffusionDPO,1,1.0,train,0.999444,1,-
b2436ce8ede11e03,OPENROUTER_O4_MINI_HIGH,8f0e598619fb078b,paper=DiffusionDPO,1,1.0,train,0.977699,1,-
b2436ce8ede11e03,OPENROUTER_O4_MINI_HIGH,482503dd76cb606a,paper=DiffusionDPO,1,1.0,train,0.959872,1,-
b2436ce8ede11e03,OPENROUTER_O4_MINI_HIGH,7cc646bb2a9fcbde,paper=DiffusionDPO,1,1.0,test,0.987389,1,match
b2436ce8ede11e03,OPENROUTER_O4_MINI_HIGH,330bfa32cff6c613,paper=DiffusionDPO,1,0.0,test,0.777934,1,miss
2bfd4cd36591d7f5,GROK_3_MINI_BETA_HIGH,7931cbe5aaadc550,paper=DiffusionDPO,1,0.0,train,0.113458,0,-
2bfd4cd36591d7f5,GROK_3_MINI_BETA_HIGH,71b0361d743c4fb3,paper=DiffusionDPO,1,0.0,train,0.569627,1,-
2bfd4cd36591d7f5,GROK_3_MINI_BETA_HIGH,e88070f56b9fb1cb,paper=DiffusionDPO,1,0.0,train,0.055339,0,-
2bfd4cd36591d7f5,GROK_3_MINI_BETA_HIGH,9b01ebcddab81b38,paper=DiffusionDPO,1,0.0,train,0.720234,1,-
2bfd4cd36591d7f5,GROK_3_MINI_BETA_HIGH,ea86b4880dfd8fdb,paper=DiffusionDPO,1,1.0,train,0.972804,1,-
2bfd4cd36591d7f5,GROK_3_MINI_BETA_HIGH,8f0e598619fb078b,paper=DiffusionDPO,1,0.0,train,0.465727,0,-
2bfd4cd36591d7f5,GROK_3_MINI_BETA_HIGH,482503dd76cb606a,paper=DiffusionDPO,1,0.0,test,0.322312,0,match
2bfd4cd36591d7f5,GROK_3_MINI_BETA_HIGH,7cc646bb2a9fcbde,paper=DiffusionDPO,1,0.0,train,0.60888,1,-
2bfd4cd36591d7f5,GROK_3_MINI_BETA_HIGH,330bfa32cff6c613,paper=DiffusionDPO,1,0.0,test,0.065118,0,match
9dafe621e945d614,GROK_2_1212,7931cbe5aaadc550,paper=DiffusionDPO,1,0.0,test,0.122378,0,match
9dafe621e945d614,GROK_2_1212,71b0361d743c4fb3,paper=DiffusionDPO,1,0.0,train,0.590524,1,-
9dafe621e945d614,GROK_2_1212,e88070f56b9fb1cb,paper=DiffusionDPO,1,0.0,train,0.059999,0,-
9dafe621e945d614,GROK_2_1212,9b01ebcddab81b38,paper=DiffusionDPO,1,1.0,train,0.737192,1,-
9dafe621e945d614,GROK_2_1212,ea86b4880dfd8fdb,paper=DiffusionDPO,1,1.0,train,0.974984,1,-
9dafe621e945d614,GROK_2_1212,8f0e598619fb078b,paper=DiffusionDPO,1,1.0,train,0.487126,0,-
9dafe621e945d614,GROK_2_1212,482503dd76cb606a,paper=DiffusionDPO,1,1.0,train,0.341332,0,-
9dafe621e945d614,GROK_2_1212,7cc646bb2a9fcbde,paper=DiffusionDPO,1,1.0,train,0.629112,1,-
9dafe621e945d614,GROK_2_1212,330bfa32cff6c613,paper=DiffusionDPO,1,0.0,train,0.070541,0,-
8d84404dc2cabd80,OPENROUTER_CLAUDE_3_5_HAIKU,7931cbe5aaadc550,paper=DiffusionDPO,1,1.0,train,0.488851,0,-
8d84404dc2cabd80,OPENROUTER_CLAUDE_3_5_HAIKU,71b0361d743c4fb3,paper=DiffusionDPO,1,1.0,train,0.908181,1,-
8d84404dc2cabd80,OPENROUTER_CLAUDE_3_5_HAIKU,e88070f56b9fb1cb,paper=DiffusionDPO,1,0.0,train,0.304481,0,-
8d84404dc2cabd80,OPENROUTER_CLAUDE_3_5_HAIKU,9b01ebcddab81b38,paper=DiffusionDPO,1,1.0,train,0.95059,1,-
8d84404dc2cabd80,OPENROUTER_CLAUDE_3_5_HAIKU,ea86b4880dfd8fdb,paper=DiffusionDPO,1,1.0,train,0.996273,1,-
8d84404dc2cabd80,OPENROUTER_CLAUDE_3_5_HAIKU,8f0e598619fb078b,paper=DiffusionDPO,1,1.0,train,0.866919,1,-
8d84404dc2cabd80,OPENROUTER_CLAUDE_3_5_HAIKU,482503dd76cb606a,paper=DiffusionDPO,1,1.0,train,0.780423,1,-
8d84404dc2cabd80,OPENROUTER_CLAUDE_3_5_HAIKU,7cc646bb2a9fcbde,paper=DiffusionDPO,1,1.0,train,0.920847,1,-
8d84404dc2cabd80,OPENROUTER_CLAUDE_3_5_HAIKU,330bfa32cff6c613,paper=DiffusionDPO,1,1.0,train,0.342332,0,-
42d17e7b8b8e8451,OPENROUTER_LLAMA_4_MAVERICK,7931cbe5aaadc550,paper=DiffusionDPO,1,0.0,test,0.234323,0,match
42d17e7b8b8e8451,OPENROUTER_LLAMA_4_MAVERICK,71b0361d743c4fb3,paper=DiffusionDPO,1,0.0,test,0.759906,1,miss
42d17e7b8b8e8451,OPENROUTER_LLAMA_4_MAVERICK,e88070f56b9fb1cb,paper=DiffusionDPO,1,0.0,train,0.122872,0,-
42d17e7b8b8e8451,OPENROUTER_LLAMA_4_MAVERICK,9b01ebcddab81b38,paper=DiffusionDPO,1,1.0,train,0.860261,1,-
42d17e7b8b8e8451,OPENROUTER_LLAMA_4_MAVERICK,ea86b4880dfd8fdb,paper=DiffusionDPO,1,1.0,train,0.988444,1,-
42d17e7b8b8e8451,OPENROUTER_LLAMA_4_MAVERICK,8f0e598619fb078b,paper=DiffusionDPO,1,1.0,train,0.675799,1,-
42d17e7b8b8e8451,OPENROUTER_LLAMA_4_MAVERICK,482503dd76cb606a,paper=DiffusionDPO,1,0.0,train,0.532124,1,-
42d17e7b8b8e8451,OPENROUTER_LLAMA_4_MAVERICK,7cc646bb2a9fcbde,paper=DiffusionDPO,1,1.0,test,0.788256,1,match
42d17e7b8b8e8451,OPENROUTER_LLAMA_4_MAVERICK,330bfa32cff6c613,paper=DiffusionDPO,1,1.0,train,0.142782,0,-
f346f5a402064340,OPENROUTER_LLAMA_4_SCOUT,7931cbe5aaadc550,paper=DiffusionDPO,1,0.0,test,0.089498,0,match
f346f5a402064340,OPENROUTER_LLAMA_4_SCOUT,71b0361d743c4fb3,paper=DiffusionDPO,1,0.0,train,0.504113,1,-
f346f5a402064340,OPENROUTER_LLAMA_4_SCOUT,e88070f56b9fb1cb,paper=DiffusionDPO,1,0.0,train,0.043057,0,-
f346f5a402064340,OPENROUTER_LLAMA_4_SCOUT,9b01ebcddab81b38,paper=DiffusionDPO,1,0.0,train,0.664129,1,-
f346f5a402064340,OPENROUTER_LLAMA_4_SCOUT,ea86b4880dfd8fdb,paper=DiffusionDPO,1,1.0,train,0.96488,1,-
f346f5a402064340,OPENROUTER_LLAMA_4_SCOUT,8f0e598619fb078b,paper=DiffusionDPO,1,1.0,train,0.401028,0,-
f346f5a402064340,OPENROUTER_LLAMA_4_SCOUT,482503dd76cb606a,paper=DiffusionDPO,1,0.0,train,0.267559,0,-
f346f5a402064340,OPENROUTER_LLAMA_4_SCOUT,7cc646bb2a9fcbde,paper=DiffusionDPO,1,1.0,train,0.544565,1,-
f346f5a402064340,OPENROUTER_LLAMA_4_SCOUT,330bfa32cff6c613,paper=DiffusionDPO,1,0.0,train,0.050782,0,-
d9512a7be0630043,MISTRAL_CODESTRAL_2501,7931cbe5aaadc550,paper=DiffusionDPO,1,0.0,train,0.316302,0,-
d9512a7be0630043,MISTRAL_CODESTRAL_2501,71b0361d743c4fb3,paper=DiffusionDPO,1,1.0,train,0.827128,1,-
d9512a7be0630043,MISTRAL_CODESTRAL_2501,e88070f56b9fb1cb,paper=DiffusionDPO,1,0.0,train,0.174759,0,-
d9512a7be0630043,MISTRAL_CODESTRAL_2501,9b01ebcddab81b38,paper=DiffusionDPO,1,1.0,train,0.902973,1,-
d9512a7be0630043,MISTRAL_CODESTRAL_2501,ea86b4880dfd8fdb,paper=DiffusionDPO,1,1.0,train,0.992326,1,-
d9512a7be0630043,MISTRAL_CODESTRAL_2501,8f0e598619fb078b,paper=DiffusionDPO,1,1.0,train,0.759104,1,-
d9512a7be0630043,MISTRAL_CODESTRAL_2501,482503dd76cb606a,paper=DiffusionDPO,1,1.0,train,0.632258,1,-
d9512a7be0630043,MISTRAL_CODESTRAL_2501,7cc646bb2a9fcbde,paper=DiffusionDPO,1,1.0,train,0.849117,1,-
d9512a7be0630043,MISTRAL_CODESTRAL_2501,330bfa32cff6c613,paper=DiffusionDPO,1,0.0,train,0.201148,0,-
4a938d775c0363f7,GEMINI_2_5_PRO_PREVIEW_05_06,7931cbe5aaadc550,paper=DiffusionDPO,1,1.0,train,0.938814,1,-
4a938d775c0363f7,GEMINI_2_5_PRO_PREVIEW_05_06,71b0361d743c4fb3,paper=DiffusionDPO,1,1.0,train,0.993738,1,-
4a938d775c0363f7,GEMINI_2_5_PRO_PREVIEW_05_06,e88070f56b9fb1cb,paper=DiffusionDPO,1,0.0,train,0.875364,1,-
4a938d775c0363f7,GEMINI_2_5_PRO_PREVIEW_05_06,9b01ebcddab81b38,paper=DiffusionDPO,1,1.0,train,0.996771,1,-
4a938d775c0363f7,GEMINI_2_5_PRO_PREVIEW_05_06,ea86b4880dfd8fdb,paper=DiffusionDPO,1,1.0,train,0.999767,1,-
4a938d775c0363f7,GEMINI_2_5_PRO_PREVIEW_05_06,8f0e598619fb078b,paper=DiffusionDPO,1,1.0,test,0.990522,1,match
4a938d775c0363f7,GEMINI_2_5_PRO_PREVIEW_05_06,482503dd76cb606a,paper=DiffusionDPO,1,1.0,train,0.982765,1,-
4a938d775c0363f7,GEMINI_2_5_PRO_PREVIEW_05_06,7cc646bb2a9fcbde,paper=DiffusionDPO,1,1.0,test,0.994671,1,match
4a938d775c0363f7,GEMINI_2_5_PRO_PREVIEW_05_06,330bfa32cff6c613,paper=DiffusionDPO,1,1.0,test,0.893059,1,match
0201bf34008b40fa,OPENROUTER_QWEN_TURBO,7931cbe5aaadc550,paper=DiffusionDPO,1,0.0,train,0.01694,0,-
0201bf34008b40fa,OPENROUTER_QWEN_TURBO,71b0361d743c4fb3,paper=DiffusionDPO,1,0.0,train,0.151255,0,-
0201bf34008b40fa,OPENROUTER_QWEN_TURBO,e88070f56b9fb1cb,paper=DiffusionDPO,1,0.0,test,0.007826,0,match
0201bf34008b40fa,OPENROUTER_QWEN_TURBO,9b01ebcddab81b38,paper=DiffusionDPO,1,0.0,train,0.257405,0,-
0201bf34008b40fa,OPENROUTER_QWEN_TURBO,ea86b4880dfd8fdb,paper=DiffusionDPO,1,1.0,train,0.828066,1,-
0201bf34008b40fa,OPENROUTER_QWEN_TURBO,8f0e598619fb078b,paper=DiffusionDPO,1,1.0,train,0.105041,0,-
0201bf34008b40fa,OPENROUTER_QWEN_TURBO,482503dd76cb606a,paper=DiffusionDPO,1,0.0,train,0.060183,0,-
0201bf34008b40fa,OPENROUTER_QWEN_TURBO,7cc646bb2a9fcbde,paper=DiffusionDPO,1,0.0,train,0.173286,0,-
0201bf34008b40fa,OPENROUTER_QWEN_TURBO,330bfa32cff6c613,paper=DiffusionDPO,1,0.0,train,0.009291,0,-
9bbf8d46fe2a4b4d,OPENROUTER_MISTRAL_CODESTRAL_MAMBA,7931cbe5aaadc550,paper=DiffusionDPO,1,0.0,train,0.003662,0,-
9bbf8d46fe2a4b4d,OPENROUTER_MISTRAL_CODESTRAL_MAMBA,71b0361d743c4fb3,paper=DiffusionDPO,1,0.0,train,0.036623,0,-
9bbf8d46fe2a4b4d,OPENROUTER_MISTRAL_CODESTRAL_MAMBA,e88070f56b9fb1cb,paper=DiffusionDPO,1,0.0,train,0.00168,0,-
9bbf8d46fe2a4b4d,OPENROUTER_MISTRAL_CODESTRAL_MAMBA,9b01ebcddab81b38,paper=DiffusionDPO,1,0.0,train,0.068851,0,-
9bbf8d46fe2a4b4d,OPENROUTER_MISTRAL_CODESTRAL_MAMBA,ea86b4880dfd8fdb,paper=DiffusionDPO,1,0.0,train,0.506749,1,-
9bbf8d46fe2a4b4d,OPENROUTER_MISTRAL_CODESTRAL_MAMBA,8f0e598619fb078b,paper=DiffusionDPO,1,0.0,test,0.024425,0,match
9bbf8d46fe2a4b4d,OPENROUTER_MISTRAL_CODESTRAL_MAMBA,482503dd76cb606a,paper=DiffusionDPO,1,0.0,train,0.013476,0,-
9bbf8d46fe2a4b4d,OPENROUTER_MISTRAL_CODESTRAL_MAMBA,7cc646bb2a9fcbde,paper=DiffusionDPO,1,0.0,train,0.042799,0,-
9bbf8d46fe2a4b4d,OPENROUTER_MISTRAL_CODESTRAL_MAMBA,330bfa32cff6c613,paper=DiffusionDPO,1,0.0,train,0.001997,0,-
0e68149d77ff2477,OPENROUTER_AMAZON_NOVA_PRO_1_0,7931cbe5aaadc550,paper=DiffusionDPO,1,0.0,test,0.186407,0,match
0e68149d77ff2477,OPENROUTER_AMAZON_NOVA_PRO_1_0,71b0361d743c4fb3,paper=DiffusionDPO,1,1.0,train,0.703225,1,-
0e68149d77ff2477,OPENROUTER_AMAZON_NOVA_PRO_1_0,e88070f56b9fb1cb,paper=DiffusionDPO,1,0.0,train,0.094921,0,-
0e68149d77ff2477,OPENROUTER_AMAZON_NOVA_PRO_1_0,9b01ebcddab81b38,paper=DiffusionDPO,1,1.0,train,0.821713,1,-
0e68149d77ff2477,OPENROUTER_AMAZON_NOVA_PRO_1_0,ea86b4880dfd8fdb,paper=DiffusionDPO,1,1.0,train,0.984624,1,-
0e68149d77ff2477,OPENROUTER_AMAZON_NOVA_PRO_1_0,8f0e598619fb078b,paper=DiffusionDPO,1,1.0,train,0.609465,1,-
0e68149d77ff2477,OPENROUTER_AMAZON_NOVA_PRO_1_0,482503dd76cb606a,paper=DiffusionDPO,1,0.0,train,0.459889,0,-
0e68149d77ff2477,OPENROUTER_AMAZON_NOVA_PRO_1_0,7cc646bb2a9fcbde,paper=DiffusionDPO,1,1.0,test,0.735942,1,match
0e68149d77ff2477,OPENROUTER_AMAZON_NOVA_PRO_1_0,330bfa32cff6c613,paper=DiffusionDPO,1,0.0,train,0.110874,0,-
f89d3f7268252d37,OPENROUTER_COHERE_COMMAND_A,7931cbe5aaadc550,paper=DiffusionDPO,1,1.0,test,0.262781,0,miss
f89d3f7268252d37,OPENROUTER_COHERE_COMMAND_A,71b0361d743c4fb3,paper=DiffusionDPO,1,1.0,train,0.786619,1,-
f89d3f7268252d37,OPENROUTER_COHERE_COMMAND_A,e88070f56b9fb1cb,paper=DiffusionDPO,1,1.0,train,0.140275,0,-
f89d3f7268252d37,OPENROUTER_COHERE_COMMAND_A,9b01ebcddab81b38,paper=DiffusionDPO,1,1.0,train,0.877607,1,-
f89d3f7268252d37,OPENROUTER_COHERE_COMMAND_A,ea86b4880dfd8fdb,paper=DiffusionDPO,1,1.0,train,0.990062,1,-
f89d3f7268252d37,OPENROUTER_COHERE_COMMAND_A,8f0e598619fb078b,paper=DiffusionDPO,1,1.0,train,0.708277,1,-
f89d3f7268252d37,OPENROUTER_COHERE_COMMAND_A,482503dd76cb606a,paper=DiffusionDPO,1,1.0,test,0.569833,1,match
f89d3f7268252d37,OPENROUTER_COHERE_COMMAND_A,7cc646bb2a9fcbde,paper=DiffusionDPO,1,1.0,train,0.812593,1,-
f89d3f7268252d37,OPENROUTER_COHERE_COMMAND_A,330bfa32cff6c613,paper=DiffusionDPO,1,1.0,test,0.162482,0,miss
6439159aa9f9ba95,GEMINI_2_5_FLASH_PREVIEW_04_17,7931cbe5aaadc550,paper=DiffusionDPO,1,0.0,test,0.679753,1,miss
6439159aa9f9ba95,GEMINI_2_5_FLASH_PREVIEW_04_17,71b0361d743c4fb3,paper=DiffusionDPO,1,1.0,train,0.956431,1,-
6439159aa9f9ba95,GEMINI_2_5_FLASH_PREVIEW_04_17,e88070f56b9fb1cb,paper=DiffusionDPO,1,0.0,train,0.492798,0,-
6439159aa9f9ba95,GEMINI_2_5_FLASH_PREVIEW_04_17,9b01ebcddab81b38,paper=DiffusionDPO,1,1.0,train,0.977116,1,-
6439159aa9f9ba95,GEMINI_2_5_FLASH_PREVIEW_04_17,ea86b4880dfd8fdb,paper=DiffusionDPO,1,1.0,train,0.998317,1,-
6439159aa9f9ba95,GEMINI_2_5_FLASH_PREVIEW_04_17,8f0e598619fb078b,paper=DiffusionDPO,1,1.0,train,0.935307,1,-
6439159aa9f9ba95,GEMINI_2_5_FLASH_PREVIEW_04_17,482503dd76cb606a,paper=DiffusionDPO,1,1.0,train,0.887492,1,-
6439159aa9f9ba95,GEMINI_2_5_FLASH_PREVIEW_04_17,7cc646bb2a9fcbde,paper=DiffusionDPO,1,1.0,train,0.962714,1,-
6439159aa9f9ba95,GEMINI_2_5_FLASH_PREVIEW_04_17,330bfa32cff6c613,paper=DiffusionDPO,1,1.0,train,0.536018,1,-
4a199d31e7ac5440,GEMINI_2_0_FLASH_LITE,7931cbe5aaadc550,paper=DiffusionDPO,1,0.0,test,0.314526,0,match
4a199d31e7ac5440,GEMINI_2_0_FLASH_LITE,71b0361d743c4fb3,paper=DiffusionDPO,1,1.0,train,0.825949,1,-
4a199d31e7ac5440,GEMINI_2_0_FLASH_LITE,e88070f56b9fb1cb,paper=DiffusionDPO,1,0.0,train,0.173576,0,-
4a199d31e7ac5440,GEMINI_2_0_FLASH_LITE,9b01ebcddab81b38,paper=DiffusionDPO,1,1.0,train,0.90225,1,-
4a199d31e7ac5440,GEMINI_2_0_FLASH_LITE,ea86b4880dfd8fdb,paper=DiffusionDPO,1,1.0,train,0.992263,1,-
4a199d31e7ac5440,GEMINI_2_0_FLASH_LITE,8f0e598619fb078b,paper=DiffusionDPO,1,0.0,train,0.757596,1,-
4a199d31e7ac5440,GEMINI_2_0_FLASH_LITE,482503dd76cb606a,paper=DiffusionDPO,1,1.0,train,0.630343,1,-
4a199d31e7ac5440,GEMINI_2_0_FLASH_LITE,7cc646bb2a9fcbde,paper=DiffusionDPO,1,0.0,train,0.84806,1,-
4a199d31e7ac5440,GEMINI_2_0_FLASH_LITE,330bfa32cff6c613,paper=DiffusionDPO,1,0.0,test,0.199829,0,match
5a9db67a33a34b6b,OPENROUTER_MISTRAL_MEDIUM_3,7931cbe5aaadc550,paper=DiffusionDPO,1,0.0,train,0.437259,0,-
5a9db67a33a34b6b,OPENROUTER_MISTRAL_MEDIUM_3,71b0361d743c4fb3,paper=DiffusionDPO,1,1.0,train,0.889332,1,-
5a9db67a33a34b6b,OPENROUTER_MISTRAL_MEDIUM_3,e88070f56b9fb1cb,paper=DiffusionDPO,1,0.0,train,0.262359,0,-
5a9db67a33a34b6b,OPENROUTER_MISTRAL_MEDIUM_3,9b01ebcddab81b38,paper=DiffusionDPO,1,1.0,train,0.93987,1,-
5a9db67a33a34b6b,OPENROUTER_MISTRAL_MEDIUM_3,ea86b4880dfd8fdb,paper=DiffusionDPO,1,1.0,train,0.995416,1,-
5a9db67a33a34b6b,OPENROUTER_MISTRAL_MEDIUM_3,8f0e598619fb078b,paper=DiffusionDPO,1,1.0,train,0.841081,1,-
5a9db67a33a34b6b,OPENROUTER_MISTRAL_MEDIUM_3,482503dd76cb606a,paper=DiffusionDPO,1,1.0,test,0.742775,1,match
5a9db67a33a34b6b,OPENROUTER_MISTRAL_MEDIUM_3,7cc646bb2a9fcbde,paper=DiffusionDPO,1,1.0,train,0.904323,1,-
5a9db67a33a34b6b,OPENROUTER_MISTRAL_MEDIUM_3,330bfa32cff6c613,paper=DiffusionDPO,1,0.0,train,0.297212,0,-
92da838173d9f753,GEMINI_2_0_FLASH,3652bb9be0e17b63,paper=DyT,1,1.0,train,0.984511,1,-
92da838173d9f753,GEMINI_2_0_FLASH,ad92b2408340d18c,paper=DyT,1,1.0,train,0.928881,1,-
92da838173d9f753,GEMINI_2_0_FLASH,5805652166b8c76d,paper=DyT,1,1.0,test,0.98049,1,match
92da838173d9f753,GEMINI_2_0_FLASH,6d6518baf7004b12,paper=DyT,1,1.0,test,0.961939,1,match
92da838173d9f753,GEMINI_2_0_FLASH,d04ca7bd76ee4c99,paper=DyT,1,1.0,train,0.338856,0,-
92da838173d9f753,GEMINI_2_0_FLASH,1c4ba0cc61dca5f3,paper=DyT,1,1.0,train,0.90092,1,-
92da838173d9f753,GEMINI_2_0_FLASH,5a500172be535573,paper=DyT,1,0.0,train,0.454387,0,-
92da838173d9f753,GEMINI_2_0_FLASH,d8182ad5d88c6c48,paper=DyT,1,0.0,train,0.691567,1,-
92da838173d9f753,GEMINI_2_0_FLASH,2fcb88a2d0a1cae8,paper=DyT,1,0.0,train,0.528235,1,-
7184624c9762b8b9,GPT_4O_2024_08_06,3652bb9be0e17b63,paper=DyT,1,1.0,train,0.989183,1,-
7184624c9762b8b9,GPT_4O_2024_08_06,ad92b2408340d18c,paper=DyT,1,1.0,train,0.949472,1,-
7184624c9762b8b9,GPT_4O_2024_08_06,5805652166b8c76d,paper=DyT,1,1.0,train,0.986358,1,-
7184624c9762b8b9,GPT_4O_2024_08_06,6d6518baf7004b12,paper=DyT,1,1.0,test,0.973235,1,match
7184624c9762b8b9,GPT_4O_2024_08_06,d04ca7bd76ee4c99,paper=DyT,1,0.0,test,0.424422,0,match
7184624c9762b8b9,GPT_4O_2024_08_06,1c4ba0cc61dca5f3,paper=DyT,1,1.0,train,0.928988,1,-
7184624c9762b8b9,GPT_4O_2024_08_06,5a500172be535573,paper=DyT,1,0.0,test,0.545074,1,miss
7184624c9762b8b9,GPT_4O_2024_08_06,d8182ad5d88c6c48,paper=DyT,1,1.0,train,0.763362,1,-
7184624c9762b8b9,GPT_4O_2024_08_06,2fcb88a2d0a1cae8,paper=DyT,1,1.0,test,0.616994,1,match
3f126a3baa99198a,GPT_4O_MINI,3652bb9be0e17b63,paper=DyT,1,1.0,train,0.937778,1,-
3f126a3baa99198a,GPT_4O_MINI,ad92b2408340d18c,paper=DyT,1,1.0,test,0.755912,1,match
3f126a3baa99198a,GPT_4O_MINI,5805652166b8c76d,paper=DyT,1,1.0,train,0.92258,1,-
3f126a3baa99198a,GPT_4O_MINI,6d6518baf7004b12,paper=DyT,1,1.0,train,0.856995,1,-
3f126a3baa99198a,GPT_4O_MINI,d04ca7bd76ee4c99,paper=DyT,1,0.0,train,0.108359,0,-
3f126a3baa99198a,GPT_4O_MINI,1c4ba0cc61dca5f3,paper=DyT,1,1.0,test,0.683147,1,match
3f126a3baa99198a,GPT_4O_MINI,5a500172be535573,paper=DyT,1,0.0,train,0.164904,0,-
3f126a3baa99198a,GPT_4O_MINI,d8182ad5d88c6c48,paper=DyT,1,1.0,train,0.34711,0,-
3f126a3baa99198a,GPT_4O_MINI,2fcb88a2d0a1cae8,paper=DyT,1,0.0,train,0.209795,0,-
21a139c20bbac1e2,O3_MINI_HIGH,3652bb9be0e17b63,paper=DyT,1,1.0,train,0.997567,1,-
21a139c20bbac1e2,O3_MINI_HIGH,ad92b2408340d18c,paper=DyT,1,1.0,train,0.988268,1,-
21a139c20bbac1e2,O3_MINI_HIGH,5805652166b8c76d,paper=DyT,1,1.0,train,0.996924,1,-
21a139c20bbac1e2,O3_MINI_HIGH,6d6518baf7004b12,paper=DyT,1,1.0,train,0.993903,1,-
21a139c20bbac1e2,O3_MINI_HIGH,d04ca7bd76ee4c99,paper=DyT,1,1.0,train,0.767751,1,-
21a139c20bbac1e2,O3_MINI_HIGH,1c4ba0cc61dca5f3,paper=DyT,1,1.0,train,0.983235,1,-
21a139c20bbac1e2,O3_MINI_HIGH,5a500172be535573,paper=DyT,1,1.0,test,0.843049,1,match
21a139c20bbac1e2,O3_MINI_HIGH,d8182ad5d88c6c48,paper=DyT,1,1.0,train,0.935324,1,-
21a139c20bbac1e2,O3_MINI_HIGH,2fcb88a2d0a1cae8,paper=DyT,1,1.0,train,0.878373,1,-
22e9aca88e136167,DEEPSEEK_R1,3652bb9be0e17b63,paper=DyT,1,1.0,train,0.992393,1,-
22e9aca88e136167,DEEPSEEK_R1,ad92b2408340d18c,paper=DyT,1,1.0,train,0.964036,1,-
22e9aca88e136167,DEEPSEEK_R1,5805652166b8c76d,paper=DyT,1,1.0,train,0.990398,1,-
22e9aca88e136167,DEEPSEEK_R1,6d6518baf7004b12,paper=DyT,1,1.0,train,0.981086,1,-
22e9aca88e136167,DEEPSEEK_R1,d04ca7bd76ee4c99,paper=DyT,1,1.0,test,0.512644,1,match
22e9aca88e136167,DEEPSEEK_R1,1c4ba0cc61dca5f3,paper=DyT,1,1.0,train,0.94914,1,-
22e9aca88e136167,DEEPSEEK_R1,5a500172be535573,paper=DyT,1,1.0,test,0.630886,1,match
22e9aca88e136167,DEEPSEEK_R1,d8182ad5d88c6c48,paper=DyT,1,0.0,train,0.821484,1,-
22e9aca88e136167,DEEPSEEK_R1,2fcb88a2d0a1cae8,paper=DyT,1,1.0,train,0.696786,1,-
1872c1340f216012,O1_HIGH,3652bb9be0e17b63,paper=DyT,1,1.0,train,0.995091,1,-
1872c1340f216012,O1_HIGH,ad92b2408340d18c,paper=DyT,1,1.0,test,0.976553,1,match
1872c1340f216012,O1_HIGH,5805652166b8c76d,paper=DyT,1,1.0,train,0.993799,1,-
1872c1340f216012,O1_HIGH,6d6518baf7004b12,paper=DyT,1,1.0,train,0.987744,1,-
1872c1340f216012,O1_HIGH,d04ca7bd76ee4c99,paper=DyT,1,1.0,train,0.620405,1,-
1872c1340f216012,O1_HIGH,1c4ba0cc61dca5f3,paper=DyT,1,1.0,train,0.966662,1,-
1872c1340f216012,O1_HIGH,5a500172be535573,paper=DyT,1,1.0,train,0.726454,1,-
1872c1340f216012,O1_HIGH,d8182ad5d88c6c48,paper=DyT,1,0.0,test,0.877301,1,miss
1872c1340f216012,O1_HIGH,2fcb88a2d0a1cae8,paper=DyT,1,1.0,train,0.781209,1,-
8d49a7a13f10df7f,GPT_4_1,3652bb9be0e17b63,paper=DyT,1,1.0,train,0.996175,1,-
8d49a7a13f10df7f,GPT_4_1,ad92b2408340d18c,paper=DyT,1,1.0,test,0.981656,1,match
8d49a7a13f10df7f,GPT_4_1,5805652166b8c76d,paper=DyT,1,1.0,train,0.995167,1,-
8d49a7a13f10df7f,GPT_4_1,6d6518baf7004b12,paper=DyT,1,1.0,test,0.990435,1,match
8d49a7a13f10df7f,GPT_4_1,d04ca7bd76ee4c99,paper=DyT,1,1.0,test,0.677413,1,match
8d49a7a13f10df7f,GPT_4_1,1c4ba0cc61dca5f3,paper=DyT,1,1.0,train,0.97386,1,-
8d49a7a13f10df7f,GPT_4_1,5a500172be535573,paper=DyT,1,1.0,train,0.773353,1,-
8d49a7a13f10df7f,GPT_4_1,d8182ad5d88c6c48,paper=DyT,1,1.0,train,0.901833,1,-
8d49a7a13f10df7f,GPT_4_1,2fcb88a2d0a1cae8,paper=DyT,1,1.0,train,0.821033,1,-
efdd1f09f2fb64b9,GPT_4_1_MINI,3652bb9be0e17b63,paper=DyT,1,1.0,train,0.991693,1,-
efdd1f09f2fb64b9,GPT_4_1_MINI,ad92b2408340d18c,paper=DyT,1,1.0,train,0.960833,1,-
efdd1f09f2fb64b9,GPT_4_1_MINI,5805652166b8c76d,paper=DyT,1,1.0,train,0.989517,1,-
efdd1f09f2fb64b9,GPT_4_1_MINI,6d6518baf7004b12,paper=DyT,1,1.0,train,0.979369,1,-
efdd1f09f2fb64b9,GPT_4_1_MINI,d04ca7bd76ee4c99,paper=DyT,1,1.0,train,0.490489,0,-
efdd1f09f2fb64b9,GPT_4_1_MINI,1c4ba0cc61dca5f3,paper=DyT,1,1.0,train,0.944687,1,-
efdd1f09f2fb64b9,GPT_4_1_MINI,5a500172be535573,paper=DyT,1,1.0,train,0.610017,1,-
efdd1f09f2fb64b9,GPT_4_1_MINI,d8182ad5d88c6c48,paper=DyT,1,1.0,train,0.808114,1,-
efdd1f09f2fb64b9,GPT_4_1_MINI,2fcb88a2d0a1cae8,paper=DyT,1,1.0,train,0.67774,1,-
be16a6de1e20efee,GPT_4_1_NANO,3652bb9be0e17b63,paper=DyT,1,1.0,train,0.866828,1,-
be16a6de1e20efee,GPT_4_1_NANO,ad92b2408340d18c,paper=DyT,1,1.0,test,0.57219,1,match
be16a6de1e20efee,GPT_4_1_NANO,5805652166b8c76d,paper=DyT,1,1.0,train,0.837306,1,-
be16a6de1e20efee,GPT_4_1_NANO,6d6518baf7004b12,paper=DyT,1,1.0,train,0.721305,1,-
be16a6de1e20efee,GPT_4_1_NANO,d04ca7bd76ee4c99,paper=DyT,1,0.0,train,0.049868,0,-
be16a6de1e20efee,GPT_4_1_NANO,1c4ba0cc61dca5f3,paper=DyT,1,0.0,train,0.482174,0,-
be16a6de1e20efee,GPT_4_1_NANO,5a500172be535573,paper=DyT,1,0.0,train,0.078581,0,-
be16a6de1e20efee,GPT_4_1_NANO,d8182ad5d88c6c48,paper=DyT,1,0.0,train,0.186734,0,-
be16a6de1e20efee,GPT_4_1_NANO,2fcb88a2d0a1cae8,paper=DyT,1,0.0,train,0.102867,0,-
1c618d9d58429b09,O3_HIGH,3652bb9be0e17b63,paper=DyT,1,1.0,train,0.998411,1,-
1c618d9d58429b09,O3_HIGH,ad92b2408340d18c,paper=DyT,1,1.0,train,0.992313,1,-
1c618d9d58429b09,O3_HIGH,5805652166b8c76d,paper=DyT,1,1.0,train,0.997991,1,-
1c618d9d58429b09,O3_HIGH,6d6518baf7004b12,paper=DyT,1,1.0,test,0.996013,1,match
1c618d9d58429b09,O3_HIGH,d04ca7bd76ee4c99,paper=DyT,1,1.0,train,0.83514,1,-
1c618d9d58429b09,O3_HIGH,1c4ba0cc61dca5f3,paper=DyT,1,1.0,test,0.988996,1,match
1c618d9d58429b09,O3_HIGH,5a500172be535573,paper=DyT,1,1.0,train,0.891672,1,-
1c618d9d58429b09,O3_HIGH,d8182ad5d88c6c48,paper=DyT,1,1.0,train,0.956825,1,-
1c618d9d58429b09,O3_HIGH,2fcb88a2d0a1cae8,paper=DyT,1,0.0,test,0.917128,1,miss
bce3d3ee52ef698f,CLAUDE_3_5_SONNET_2024_10_22,3652bb9be0e17b63,paper=DyT,1,1.0,train,0.994543,1,-
bce3d3ee52ef698f,CLAUDE_3_5_SONNET_2024_10_22,ad92b2408340d18c,paper=DyT,1,1.0,train,0.973994,1,-
bce3d3ee52ef698f,CLAUDE_3_5_SONNET_2024_10_22,5805652166b8c76d,paper=DyT,1,1.0,train,0.993109,1,-
bce3d3ee52ef698f,CLAUDE_3_5_SONNET_2024_10_22,6d6518baf7004b12,paper=DyT,1,1.0,train,0.98639,1,-
bce3d3ee52ef698f,CLAUDE_3_5_SONNET_2024_10_22,d04ca7bd76ee4c99,paper=DyT,1,1.0,train,0.595091,1,-
bce3d3ee52ef698f,CLAUDE_3_5_SONNET_2024_10_22,1c4ba0cc61dca5f3,paper=DyT,1,1.0,test,0.963064,1,match
bce3d3ee52ef698f,CLAUDE_3_5_SONNET_2024_10_22,5a500172be535573,paper=DyT,1,1.0,train,0.704847,1,-
bce3d3ee52ef698f,CLAUDE_3_5_SONNET_2024_10_22,d8182ad5d88c6c48,paper=DyT,1,1.0,train,0.865402,1,-
bce3d3ee52ef698f,CLAUDE_3_5_SONNET_2024_10_22,2fcb88a2d0a1cae8,paper=DyT,1,1.0,train,0.762513,1,-
39edf3fbaacf1629,CLAUDE_3_7_SONNET_2025_02_19,3652bb9be0e17b63,paper=DyT,1,1.0,train,0.996186,1,-
39edf3fbaacf1629,CLAUDE_3_7_SONNET_2025_02_19,ad92b2408340d18c,paper=DyT,1,1.0,train,0.981707,1,-
39edf3fbaacf1629,CLAUDE_3_7_SONNET_2025_02_19,5805652166b8c76d,paper=DyT,1,1.0,train,0.995181,1,-
39edf3fbaacf1629,CLAUDE_3_7_SONNET_2025_02_19,6d6518baf7004b12,paper=DyT,1,1.0,train,0.990462,1,-
39edf3fbaacf1629,CLAUDE_3_7_SONNET_2025_02_19,d04ca7bd76ee4c99,paper=DyT,1,1.0,train,0.678033,1,-
39edf3fbaacf1629,CLAUDE_3_7_SONNET_2025_02_19,1c4ba0cc61dca5f3,paper=DyT,1,1.0,train,0.973932,1,-
39edf3fbaacf1629,CLAUDE_3_7_SONNET_2025_02_19,5a500172be535573,paper=DyT,1,1.0,train,0.77385,1,-
39edf3fbaacf1629,CLAUDE_3_7_SONNET_2025_02_19,d8182ad5d88c6c48,paper=DyT,1,1.0,train,0.902084,1,-
39edf3fbaacf1629,CLAUDE_3_7_SONNET_2025_02_19,2fcb88a2d0a1cae8,paper=DyT,1,1.0,train,0.82145,1,-
a531ea372ae4b71d,GROK_3_BETA,3652bb9be0e17b63,paper=DyT,1,1.0,train,0.98955,1,-
a531ea372ae4b71d,GROK_3_BETA,ad92b2408340d18c,paper=DyT,1,1.0,train,0.951118,1,-
a531ea372ae4b71d,GROK_3_BETA,5805652166b8c76d,paper=DyT,1,1.0,train,0.98682,1,-
a531ea372ae4b71d,GROK_3_BETA,6d6518baf7004b12,paper=DyT,1,1.0,train,0.974128,1,-
a531ea372ae4b71d,GROK_3_BETA,d04ca7bd76ee4c99,paper=DyT,1,1.0,test,0.43296,0,miss
a531ea372ae4b71d,GROK_3_BETA,1c4ba0cc61dca5f3,paper=DyT,1,1.0,train,0.931253,1,-
a531ea372ae4b71d,GROK_3_BETA,5a500172be535573,paper=DyT,1,1.0,train,0.553705,1,-
a531ea372ae4b71d,GROK_3_BETA,d8182ad5d88c6c48,paper=DyT,1,1.0,test,0.769602,1,match
a531ea372ae4b71d,GROK_3_BETA,2fcb88a2d0a1cae8,paper=DyT,1,1.0,train,0.625198,1,-
ac78f79a36a11b0e,GEMINI_2_5_PRO_PREVIEW_03_25,3652bb9be0e17b63,paper=DyT,1,1.0,train,0.998729,1,-
ac78f79a36a11b0e,GEMINI_2_5_PRO_PREVIEW_03_25,ad92b2408340d18c,paper=DyT,1,1.0,train,0.993843,1,-
ac78f79a36a11b0e,GEMINI_2_5_PRO_PREVIEW_03_25,5805652166b8c76d,paper=DyT,1,1.0,train,0.998392,1,-
ac78f79a36a11b0e,GEMINI_2_5_PRO_PREVIEW_03_25,6d6518baf7004b12,paper=DyT,1,1.0,train,0.996809,1,-
ac78f79a36a11b0e,GEMINI_2_5_PRO_PREVIEW_03_25,d04ca7bd76ee4c99,paper=DyT,1,0.0,test,0.863651,1,miss
ac78f79a36a11b0e,GEMINI_2_5_PRO_PREVIEW_03_25,1c4ba0cc61dca5f3,paper=DyT,1,1.0,train,0.99118,1,-
ac78f79a36a11b0e,GEMINI_2_5_PRO_PREVIEW_03_25,5a500172be535573,paper=DyT,1,1.0,train,0.911443,1,-
ac78f79a36a11b0e,GEMINI_2_5_PRO_PREVIEW_03_25,d8182ad5d88c6c48,paper=DyT,1,1.0,train,0.965169,1,-
ac78f79a36a11b0e,GEMINI_2_5_PRO_PREVIEW_03_25,2fcb88a2d0a1cae8,paper=DyT,1,1.0,train,0.932605,1,-
b97dccb68ad1d70a,OPENROUTER_DEEPSEEK_CHAT_V3_0324,3652bb9be0e17b63,paper=DyT,1,1.0,train,0.990619,1,-
b97dccb68ad1d70a,OPENROUTER_DEEPSEEK_CHAT_V3_0324,ad92b2408340d18c,paper=DyT,1,1.0,test,0.955943,1,match
b97dccb68ad1d70a,OPENROUTER_DEEPSEEK_CHAT_V3_0324,5805652166b8c76d,paper=DyT,1,1.0,test,0.988164,1,match
b97dccb68ad1d70a,OPENROUTER_DEEPSEEK_CHAT_V3_0324,6d6518baf7004b12,paper=DyT,1,1.0,train,0.976737,1,-
b97dccb68ad1d70a,OPENROUTER_DEEPSEEK_CHAT_V3_0324,d04ca7bd76ee4c99,paper=DyT,1,1.0,train,0.459886,0,-
b97dccb68ad1d70a,OPENROUTER_DEEPSEEK_CHAT_V3_0324,1c4ba0cc61dca5f3,paper=DyT,1,1.0,train,0.937911,1,-
b97dccb68ad1d70a,OPENROUTER_DEEPSEEK_CHAT_V3_0324,5a500172be535573,paper=DyT,1,1.0,train,0.580453,1,-
b97dccb68ad1d70a,OPENROUTER_DEEPSEEK_CHAT_V3_0324,d8182ad5d88c6c48,paper=DyT,1,1.0,train,0.788357,1,-
b97dccb68ad1d70a,OPENROUTER_DEEPSEEK_CHAT_V3_0324,2fcb88a2d0a1cae8,paper=DyT,1,1.0,train,0.650367,1,-
09f4a41bb2e2d341,QWEN_2_5_CODER_32B_INSTRUCT,3652bb9be0e17b63,paper=DyT,1,1.0,train,0.95231,1,-
09f4a41bb2e2d341,QWEN_2_5_CODER_32B_INSTRUCT,ad92b2408340d18c,paper=DyT,1,1.0,test,0.804044,1,match
09f4a41bb2e2d341,QWEN_2_5_CODER_32B_INSTRUCT,5805652166b8c76d,paper=DyT,1,1.0,train,0.940436,1,-
09f4a41bb2e2d341,QWEN_2_5_CODER_32B_INSTRUCT,6d6518baf7004b12,paper=DyT,1,1.0,train,0.888143,1,-
09f4a41bb2e2d341,QWEN_2_5_CODER_32B_INSTRUCT,d04ca7bd76ee4c99,paper=DyT,1,0.0,train,0.138686,0,-
09f4a41bb2e2d341,QWEN_2_5_CODER_32B_INSTRUCT,1c4ba0cc61dca5f3,paper=DyT,1,0.0,train,0.740705,1,-
09f4a41bb2e2d341,QWEN_2_5_CODER_32B_INSTRUCT,5a500172be535573,paper=DyT,1,0.0,train,0.207376,0,-
09f4a41bb2e2d341,QWEN_2_5_CODER_32B_INSTRUCT,d8182ad5d88c6c48,paper=DyT,1,0.0,train,0.413285,0,-
09f4a41bb2e2d341,QWEN_2_5_CODER_32B_INSTRUCT,2fcb88a2d0a1cae8,paper=DyT,1,0.0,train,0.260226,0,-
c117f9213dc5d8c9,LLAMA_3_3_70B_INSTRUCT,3652bb9be0e17b63,paper=DyT,1,1.0,train,0.770606,1,-
c117f9213dc5d8c9,LLAMA_3_3_70B_INSTRUCT,ad92b2408340d18c,paper=DyT,1,0.0,train,0.408379,0,-
c117f9213dc5d8c9,LLAMA_3_3_70B_INSTRUCT,5805652166b8c76d,paper=DyT,1,1.0,train,0.726484,1,-
c117f9213dc5d8c9,LLAMA_3_3_70B_INSTRUCT,6d6518baf7004b12,paper=DyT,1,0.0,train,0.571869,1,-
c117f9213dc5d8c9,LLAMA_3_3_70B_INSTRUCT,d04ca7bd76ee4c99,paper=DyT,1,0.0,test,0.026373,0,match
c117f9213dc5d8c9,LLAMA_3_3_70B_INSTRUCT,1c4ba0cc61dca5f3,paper=DyT,1,0.0,train,0.324581,0,-
c117f9213dc5d8c9,LLAMA_3_3_70B_INSTRUCT,5a500172be535573,paper=DyT,1,0.0,test,0.042158,0,match
c117f9213dc5d8c9,LLAMA_3_3_70B_INSTRUCT,d8182ad5d88c6c48,paper=DyT,1,1.0,test,0.105946,0,miss
c117f9213dc5d8c9,LLAMA_3_3_70B_INSTRUCT,2fcb88a2d0a1cae8,paper=DyT,1,0.0,train,0.05587,0,-
b2436ce8ede11e03,OPENROUTER_O4_MINI_HIGH,3652bb9be0e17b63,paper=DyT,1,1.0,train,0.998157,1,-
b2436ce8ede11e03,OPENROUTER_O4_MINI_HIGH,ad92b2408340d18c,paper=DyT,1,1.0,train,0.991097,1,-
b2436ce8ede11e03,OPENROUTER_O4_MINI_HIGH,5805652166b8c76d,paper=DyT,1,1.0,train,0.997671,1,-
b2436ce8ede11e03,OPENROUTER_O4_MINI_HIGH,6d6518baf7004b12,paper=DyT,1,1.0,train,0.995379,1,-
b2436ce8ede11e03,OPENROUTER_O4_MINI_HIGH,d04ca7bd76ee4c99,paper=DyT,1,0.0,train,0.81372,1,-
b2436ce8ede11e03,OPENROUTER_O4_MINI_HIGH,1c4ba0cc61dca5f3,paper=DyT,1,1.0,train,0.987261,1,-
b2436ce8ede11e03,OPENROUTER_O4_MINI_HIGH,5a500172be535573,paper=DyT,1,1.0,train,0.876511,1,-
b2436ce8ede11e03,OPENROUTER_O4_MINI_HIGH,d8182ad5d88c6c48,paper=DyT,1,1.0,train,0.950274,1,-
b2436ce8ede11e03,OPENROUTER_O4_MINI_HIGH,2fcb88a2d0a1cae8,paper=DyT,1,1.0,train,0.905151,1,-
2bfd4cd36591d7f5,GROK_3_MINI_BETA_HIGH,3652bb9be0e17b63,paper=DyT,1,1.0,test,0.915049,1,match
2bfd4cd36591d7f5,GROK_3_MINI_BETA_HIGH,ad92b2408340d18c,paper=DyT,1,1.0,train,0.688797,1,-
2bfd4cd36591d7f5,GROK_3_MINI_BETA_HIGH,5805652166b8c76d,paper=DyT,1,1.0,train,0.894921,1,-
2bfd4cd36591d7f5,GROK_3_MINI_BETA_HIGH,6d6518baf7004b12,paper=DyT,1,1.0,train,0.810713,1,-
2bfd4cd36591d7f5,GROK_3_MINI_BETA_HIGH,d04ca7bd76ee4c99,paper=DyT,1,0.0,train,0.079914,0,-
2bfd4cd36591d7f5,GROK_3_MINI_BETA_HIGH,1c4ba0cc61dca5f3,paper=DyT,1,0.0,train,0.60644,1,-
2bfd4cd36591d7f5,GROK_3_MINI_BETA_HIGH,5a500172be535573,paper=DyT,1,0.0,train,0.123675,0,-
2bfd4cd36591d7f5,GROK_3_MINI_BETA_HIGH,d8182ad5d88c6c48,paper=DyT,1,0.0,train,0.275346,0,-
2bfd4cd36591d7f5,GROK_3_MINI_BETA_HIGH,2fcb88a2d0a1cae8,paper=DyT,1,0.0,train,0.159486,0,-
9dafe621e945d614,GROK_2_1212,3652bb9be0e17b63,paper=DyT,1,0.0,train,0.921486,1,-
9dafe621e945d614,GROK_2_1212,ad92b2408340d18c,paper=DyT,1,0.0,train,0.706885,1,-
9dafe621e945d614,GROK_2_1212,5805652166b8c76d,paper=DyT,1,0.0,train,0.902721,1,-
9dafe621e945d614,GROK_2_1212,6d6518baf7004b12,paper=DyT,1,0.0,train,0.823531,1,-
9dafe621e945d614,GROK_2_1212,d04ca7bd76ee4c99,paper=DyT,1,0.0,train,0.086455,0,-
9dafe621e945d614,GROK_2_1212,1c4ba0cc61dca5f3,paper=DyT,1,0.0,train,0.626721,1,-
9dafe621e945d614,GROK_2_1212,5a500172be535573,paper=DyT,1,0.0,train,0.133278,0,-
9dafe621e945d614,GROK_2_1212,d8182ad5d88c6c48,paper=DyT,1,0.0,train,0.292792,0,-
9dafe621e945d614,GROK_2_1212,2fcb88a2d0a1cae8,paper=DyT,1,0.0,train,0.171326,0,-
8d84404dc2cabd80,OPENROUTER_CLAUDE_3_5_HAIKU,3652bb9be0e17b63,paper=DyT,1,1.0,train,0.987729,1,-
8d84404dc2cabd80,OPENROUTER_CLAUDE_3_5_HAIKU,ad92b2408340d18c,paper=DyT,1,1.0,train,0.942988,1,-
8d84404dc2cabd80,OPENROUTER_CLAUDE_3_5_HAIKU,5805652166b8c76d,paper=DyT,1,1.0,train,0.984531,1,-
8d84404dc2cabd80,OPENROUTER_CLAUDE_3_5_HAIKU,6d6518baf7004b12,paper=DyT,1,1.0,train,0.969703,1,-
8d84404dc2cabd80,OPENROUTER_CLAUDE_3_5_HAIKU,d04ca7bd76ee4c99,paper=DyT,1,0.0,train,0.393597,0,-
8d84404dc2cabd80,OPENROUTER_CLAUDE_3_5_HAIKU,1c4ba0cc61dca5f3,paper=DyT,1,1.0,train,0.920097,1,-
8d84404dc2cabd80,OPENROUTER_CLAUDE_3_5_HAIKU,5a500172be535573,paper=DyT,1,0.0,train,0.513301,1,-
8d84404dc2cabd80,OPENROUTER_CLAUDE_3_5_HAIKU,d8182ad5d88c6c48,paper=DyT,1,0.0,train,0.73955,1,-
8d84404dc2cabd80,OPENROUTER_CLAUDE_3_5_HAIKU,2fcb88a2d0a1cae8,paper=DyT,1,1.0,train,0.586433,1,-
42d17e7b8b8e8451,OPENROUTER_LLAMA_4_MAVERICK,3652bb9be0e17b63,paper=DyT,1,1.0,train,0.962628,1,-
42d17e7b8b8e8451,OPENROUTER_LLAMA_4_MAVERICK,ad92b2408340d18c,paper=DyT,1,1.0,train,0.841087,1,-
42d17e7b8b8e8451,OPENROUTER_LLAMA_4_MAVERICK,5805652166b8c76d,paper=DyT,1,1.0,test,0.953197,1,match
42d17e7b8b8e8451,OPENROUTER_LLAMA_4_MAVERICK,6d6518baf7004b12,paper=DyT,1,1.0,train,0.911047,1,-
42d17e7b8b8e8451,OPENROUTER_LLAMA_4_MAVERICK,d04ca7bd76ee4c99,paper=DyT,1,0.0,train,0.171978,0,-
42d17e7b8b8e8451,OPENROUTER_LLAMA_4_MAVERICK,1c4ba0cc61dca5f3,paper=DyT,1,1.0,train,0.786543,1,-
42d17e7b8b8e8451,OPENROUTER_LLAMA_4_MAVERICK,5a500172be535573,paper=DyT,1,0.0,test,0.252327,0,match
42d17e7b8b8e8451,OPENROUTER_LLAMA_4_MAVERICK,d8182ad5d88c6c48,paper=DyT,1,1.0,train,0.476062,0,-
42d17e7b8b8e8451,OPENROUTER_LLAMA_4_MAVERICK,2fcb88a2d0a1cae8,paper=DyT,1,0.0,train,0.312121,0,-
f346f5a402064340,OPENROUTER_LLAMA_4_SCOUT,3652bb9be0e17b63,paper=DyT,1,1.0,test,0.892163,1,match
f346f5a402064340,OPENROUTER_LLAMA_4_SCOUT,ad92b2408340d18c,paper=DyT,1,1.0,test,0.629629,1,match
f346f5a402064340,OPENROUTER_LLAMA_4_SCOUT,5805652166b8c76d,paper=DyT,1,1.0,train,0.867399,1,-
f346f5a402064340,OPENROUTER_LLAMA_4_SCOUT,6d6518baf7004b12,paper=DyT,1,1.0,train,0.76688,1,-
f346f5a402064340,OPENROUTER_LLAMA_4_SCOUT,d04ca7bd76ee4c99,paper=DyT,1,0.0,train,0.062539,0,-
f346f5a402064340,OPENROUTER_LLAMA_4_SCOUT,1c4ba0cc61dca5f3,paper=DyT,1,1.0,train,0.542025,1,-
f346f5a402064340,OPENROUTER_LLAMA_4_SCOUT,5a500172be535573,paper=DyT,1,0.0,train,0.097796,0,-
f346f5a402064340,OPENROUTER_LLAMA_4_SCOUT,d8182ad5d88c6c48,paper=DyT,1,0.0,train,0.225912,0,-
f346f5a402064340,OPENROUTER_LLAMA_4_SCOUT,2fcb88a2d0a1cae8,paper=DyT,1,0.0,train,0.127201,0,-
d9512a7be0630043,MISTRAL_CODESTRAL_2501,3652bb9be0e17b63,paper=DyT,1,1.0,train,0.974962,1,-
d9512a7be0630043,MISTRAL_CODESTRAL_2501,ad92b2408340d18c,paper=DyT,1,1.0,train,0.888903,1,-
d9512a7be0630043,MISTRAL_CODESTRAL_2501,5805652166b8c76d,paper=DyT,1,1.0,train,0.968541,1,-
d9512a7be0630043,MISTRAL_CODESTRAL_2501,6d6518baf7004b12,paper=DyT,1,1.0,train,0.939331,1,-
d9512a7be0630043,MISTRAL_CODESTRAL_2501,d04ca7bd76ee4c99,paper=DyT,1,0.0,train,0.238952,0,-
d9512a7be0630043,MISTRAL_CODESTRAL_2501,1c4ba0cc61dca5f3,paper=DyT,1,1.0,train,0.847801,1,-
d9512a7be0630043,MISTRAL_CODESTRAL_2501,5a500172be535573,paper=DyT,1,0.0,train,0.337825,0,-
d9512a7be0630043,MISTRAL_CODESTRAL_2501,d8182ad5d88c6c48,paper=DyT,1,1.0,train,0.578694,1,-
d9512a7be0630043,MISTRAL_CODESTRAL_2501,2fcb88a2d0a1cae8,paper=DyT,1,0.0,train,0.406856,0,-
4a938d775c0363f7,GEMINI_2_5_PRO_PREVIEW_05_06,3652bb9be0e17b63,paper=DyT,1,1.0,train,0.999226,1,-
4a938d775c0363f7,GEMINI_2_5_PRO_PREVIEW_05_06,ad92b2408340d18c,paper=DyT,1,1.0,train,0.996246,1,-
4a938d775c0363f7,GEMINI_2_5_PRO_PREVIEW_05_06,5805652166b8c76d,paper=DyT,1,1.0,train,0.999022,1,-
4a938d775c0363f7,GEMINI_2_5_PRO_PREVIEW_05_06,6d6518baf7004b12,paper=DyT,1,1.0,train,0.998056,1,-
4a938d775c0363f7,GEMINI_2_5_PRO_PREVIEW_05_06,d04ca7bd76ee4c99,paper=DyT,1,1.0,train,0.912383,1,-
4a938d775c0363f7,GEMINI_2_5_PRO_PREVIEW_05_06,1c4ba0cc61dca5f3,paper=DyT,1,1.0,train,0.994616,1,-
4a938d775c0363f7,GEMINI_2_5_PRO_PREVIEW_05_06,5a500172be535573,paper=DyT,1,1.0,train,0.944197,1,-
4a938d775c0363f7,GEMINI_2_5_PRO_PREVIEW_05_06,d8182ad5d88c6c48,paper=DyT,1,1.0,test,0.97852,1,match
4a938d775c0363f7,GEMINI_2_5_PRO_PREVIEW_05_06,2fcb88a2d0a1cae8,paper=DyT,1,1.0,train,0.957894,1,-
0201bf34008b40fa,OPENROUTER_QWEN_TURBO,3652bb9be0e17b63,paper=DyT,1,0.0,train,0.59189,1,-
0201bf34008b40fa,OPENROUTER_QWEN_TURBO,ad92b2408340d18c,paper=DyT,1,0.0,train,0.229591,0,-
0201bf34008b40fa,OPENROUTER_QWEN_TURBO,5805652166b8c76d,paper=DyT,1,1.0,test,0.534173,1,match
0201bf34008b40fa,OPENROUTER_QWEN_TURBO,6d6518baf7004b12,paper=DyT,1,1.0,test,0.365755,0,miss
0201bf34008b40fa,OPENROUTER_QWEN_TURBO,d04ca7bd76ee4c99,paper=DyT,1,0.0,test,0.011559,0,match
0201bf34008b40fa,OPENROUTER_QWEN_TURBO,1c4ba0cc61dca5f3,paper=DyT,1,1.0,train,0.171825,0,-
0201bf34008b40fa,OPENROUTER_QWEN_TURBO,5a500172be535573,paper=DyT,1,0.0,train,0.018648,0,-
0201bf34008b40fa,OPENROUTER_QWEN_TURBO,d8182ad5d88c6c48,paper=DyT,1,0.0,train,0.04867,0,-
0201bf34008b40fa,OPENROUTER_QWEN_TURBO,2fcb88a2d0a1cae8,paper=DyT,1,0.0,train,0.024912,0,-
9bbf8d46fe2a4b4d,OPENROUTER_MISTRAL_CODESTRAL_MAMBA,3652bb9be0e17b63,paper=DyT,1,1.0,train,0.236278,0,-
9bbf8d46fe2a4b4d,OPENROUTER_MISTRAL_CODESTRAL_MAMBA,ad92b2408340d18c,paper=DyT,1,0.0,train,0.059771,0,-
9bbf8d46fe2a4b4d,OPENROUTER_MISTRAL_CODESTRAL_MAMBA,5805652166b8c76d,paper=DyT,1,0.0,train,0.196538,0,-
9bbf8d46fe2a4b4d,OPENROUTER_MISTRAL_CODESTRAL_MAMBA,6d6518baf7004b12,paper=DyT,1,0.0,train,0.10954,0,-
9bbf8d46fe2a4b4d,OPENROUTER_MISTRAL_CODESTRAL_MAMBA,d04ca7bd76ee4c99,paper=DyT,1,0.0,train,0.002488,0,-
9bbf8d46fe2a4b4d,OPENROUTER_MISTRAL_CODESTRAL_MAMBA,1c4ba0cc61dca5f3,paper=DyT,1,0.0,train,0.042382,0,-
9bbf8d46fe2a4b4d,OPENROUTER_MISTRAL_CODESTRAL_MAMBA,5a500172be535573,paper=DyT,1,0.0,train,0.004037,0,-
9bbf8d46fe2a4b4d,OPENROUTER_MISTRAL_CODESTRAL_MAMBA,d8182ad5d88c6c48,paper=DyT,1,0.0,train,0.010796,0,-
9bbf8d46fe2a4b4d,OPENROUTER_MISTRAL_CODESTRAL_MAMBA,2fcb88a2d0a1cae8,paper=DyT,1,0.0,train,0.00542,0,-
0e68149d77ff2477,OPENROUTER_AMAZON_NOVA_PRO_1_0,3652bb9be0e17b63,paper=DyT,1,1.0,train,0.9507,1,-
0e68149d77ff2477,OPENROUTER_AMAZON_NOVA_PRO_1_0,ad92b2408340d18c,paper=DyT,1,1.0,train,0.798489,1,-
0e68149d77ff2477,OPENROUTER_AMAZON_NOVA_PRO_1_0,5805652166b8c76d,paper=DyT,1,1.0,train,0.938451,1,-
0e68149d77ff2477,OPENROUTER_AMAZON_NOVA_PRO_1_0,6d6518baf7004b12,paper=DyT,1,1.0,train,0.88463,1,-
0e68149d77ff2477,OPENROUTER_AMAZON_NOVA_PRO_1_0,d04ca7bd76ee4c99,paper=DyT,1,0.0,train,0.13457,0,-
0e68149d77ff2477,OPENROUTER_AMAZON_NOVA_PRO_1_0,1c4ba0cc61dca5f3,paper=DyT,1,1.0,train,0.733948,1,-
0e68149d77ff2477,OPENROUTER_AMAZON_NOVA_PRO_1_0,5a500172be535573,paper=DyT,1,0.0,train,0.201699,0,-
0e68149d77ff2477,OPENROUTER_AMAZON_NOVA_PRO_1_0,d8182ad5d88c6c48,paper=DyT,1,1.0,train,0.404851,0,-
0e68149d77ff2477,OPENROUTER_AMAZON_NOVA_PRO_1_0,2fcb88a2d0a1cae8,paper=DyT,1,0.0,train,0.253566,0,-
f89d3f7268252d37,OPENROUTER_COHERE_COMMAND_A,3652bb9be0e17b63,paper=DyT,1,1.0,train,0.967743,1,-
f89d3f7268252d37,OPENROUTER_COHERE_COMMAND_A,ad92b2408340d18c,paper=DyT,1,1.0,train,0.860427,1,-
f89d3f7268252d37,OPENROUTER_COHERE_COMMAND_A,5805652166b8c76d,paper=DyT,1,1.0,train,0.959549,1,-
f89d3f7268252d37,OPENROUTER_COHERE_COMMAND_A,6d6518baf7004b12,paper=DyT,1,1.0,test,0.922656,1,match
f89d3f7268252d37,OPENROUTER_COHERE_COMMAND_A,d04ca7bd76ee4c99,paper=DyT,1,0.0,train,0.194791,0,-
f89d3f7268252d37,OPENROUTER_COHERE_COMMAND_A,1c4ba0cc61dca5f3,paper=DyT,1,1.0,test,0.811029,1,match
f89d3f7268252d37,OPENROUTER_COHERE_COMMAND_A,5a500172be535573,paper=DyT,1,0.0,train,0.282166,0,-
f89d3f7268252d37,OPENROUTER_COHERE_COMMAND_A,d8182ad5d88c6c48,paper=DyT,1,1.0,train,0.514164,1,-
f89d3f7268252d37,OPENROUTER_COHERE_COMMAND_A,2fcb88a2d0a1cae8,paper=DyT,1,0.0,train,0.345761,0,-
6439159aa9f9ba95,GEMINI_2_5_FLASH_PREVIEW_04_17,3652bb9be0e17b63,paper=DyT,1,1.0,train,0.994434,1,-
6439159aa9f9ba95,GEMINI_2_5_FLASH_PREVIEW_04_17,ad92b2408340d18c,paper=DyT,1,1.0,train,0.973482,1,-
6439159aa9f9ba95,GEMINI_2_5_FLASH_PREVIEW_04_17,5805652166b8c76d,paper=DyT,1,1.0,train,0.99297,1,-
6439159aa9f9ba95,GEMINI_2_5_FLASH_PREVIEW_04_17,6d6518baf7004b12,paper=DyT,1,1.0,train,0.986118,1,-
6439159aa9f9ba95,GEMINI_2_5_FLASH_PREVIEW_04_17,d04ca7bd76ee4c99,paper=DyT,1,0.0,train,0.590255,1,-
6439159aa9f9ba95,GEMINI_2_5_FLASH_PREVIEW_04_17,1c4ba0cc61dca5f3,paper=DyT,1,1.0,train,0.962345,1,-
6439159aa9f9ba95,GEMINI_2_5_FLASH_PREVIEW_04_17,5a500172be535573,paper=DyT,1,1.0,train,0.700663,1,-
6439159aa9f9ba95,GEMINI_2_5_FLASH_PREVIEW_04_17,d8182ad5d88c6c48,paper=DyT,1,1.0,train,0.863052,1,-
6439159aa9f9ba95,GEMINI_2_5_FLASH_PREVIEW_04_17,2fcb88a2d0a1cae8,paper=DyT,1,1.0,test,0.758867,1,match
4a199d31e7ac5440,GEMINI_2_0_FLASH_LITE,3652bb9be0e17b63,paper=DyT,1,1.0,train,0.97476,1,-
4a199d31e7ac5440,GEMINI_2_0_FLASH_LITE,ad92b2408340d18c,paper=DyT,1,1.0,test,0.888088,1,match
4a199d31e7ac5440,GEMINI_2_0_FLASH_LITE,5805652166b8c76d,paper=DyT,1,1.0,train,0.968289,1,-
4a199d31e7ac5440,GEMINI_2_0_FLASH_LITE,6d6518baf7004b12,paper=DyT,1,1.0,train,0.93886,1,-
4a199d31e7ac5440,GEMINI_2_0_FLASH_LITE,d04ca7bd76ee4c99,paper=DyT,1,0.0,train,0.237459,0,-
4a199d31e7ac5440,GEMINI_2_0_FLASH_LITE,1c4ba0cc61dca5f3,paper=DyT,1,1.0,train,0.846736,1,-
4a199d31e7ac5440,GEMINI_2_0_FLASH_LITE,5a500172be535573,paper=DyT,1,0.0,train,0.335988,0,-
4a199d31e7ac5440,GEMINI_2_0_FLASH_LITE,d8182ad5d88c6c48,paper=DyT,1,0.0,train,0.576687,1,-
4a199d31e7ac5440,GEMINI_2_0_FLASH_LITE,2fcb88a2d0a1cae8,paper=DyT,1,0.0,train,0.404872,0,-
5a9db67a33a34b6b,OPENROUTER_MISTRAL_MEDIUM_3,3652bb9be0e17b63,paper=DyT,1,1.0,test,0.98494,1,match
5a9db67a33a34b6b,OPENROUTER_MISTRAL_MEDIUM_3,ad92b2408340d18c,paper=DyT,1,1.0,train,0.93074,1,-
5a9db67a33a34b6b,OPENROUTER_MISTRAL_MEDIUM_3,5805652166b8c76d,paper=DyT,1,1.0,train,0.981028,1,-
5a9db67a33a34b6b,OPENROUTER_MISTRAL_MEDIUM_3,6d6518baf7004b12,paper=DyT,1,1.0,train,0.962969,1,-
5a9db67a33a34b6b,OPENROUTER_MISTRAL_MEDIUM_3,d04ca7bd76ee4c99,paper=DyT,1,0.0,test,0.345267,0,match
5a9db67a33a34b6b,OPENROUTER_MISTRAL_MEDIUM_3,1c4ba0cc61dca5f3,paper=DyT,1,1.0,train,0.903434,1,-
5a9db67a33a34b6b,OPENROUTER_MISTRAL_MEDIUM_3,5a500172be535573,paper=DyT,1,0.0,test,0.461458,0,match
5a9db67a33a34b6b,OPENROUTER_MISTRAL_MEDIUM_3,d8182ad5d88c6c48,paper=DyT,1,1.0,train,0.697609,1,-
5a9db67a33a34b6b,OPENROUTER_MISTRAL_MEDIUM_3,2fcb88a2d0a1cae8,paper=DyT,1,1.0,train,0.535327,1,-
92da838173d9f753,GEMINI_2_0_FLASH,eba46b7e2dbd4e57,paper=eomt,1,0.0,train,0.013436,0,-
92da838173d9f753,GEMINI_2_0_FLASH,9f6908a52dc07ea6,paper=eomt,1,0.0,test,0.000214,0,match
92da838173d9f753,GEMINI_2_0_FLASH,331429a54711c5b6,paper=eomt,1,1.0,train,0.947189,1,-
92da838173d9f753,GEMINI_2_0_FLASH,f6ac25a06b6420fa,paper=eomt,1,0.0,train,0.067779,0,-
92da838173d9f753,GEMINI_2_0_FLASH,ea27c8f39b1755a4,paper=eomt,1,1.0,train,0.924055,1,-
92da838173d9f753,GEMINI_2_0_FLASH,859c32e53164a617,paper=eomt,1,1.0,train,0.84148,1,-
92da838173d9f753,GEMINI_2_0_FLASH,67fa04fcf90c435d,paper=eomt,1,0.0,train,0.021515,0,-
92da838173d9f753,GEMINI_2_0_FLASH,343d5ac1ad7e342e,paper=eomt,1,1.0,train,0.845369,1,-
92da838173d9f753,GEMINI_2_0_FLASH,c9544007f03a7721,paper=eomt,1,0.0,test,0.448619,0,match
92da838173d9f753,GEMINI_2_0_FLASH,3d85d9ad47595a55,paper=eomt,1,1.0,train,0.421464,0,-
92da838173d9f753,GEMINI_2_0_FLASH,904eb334eb4d76df,paper=eomt,1,0.0,train,0.014686,0,-
92da838173d9f753,GEMINI_2_0_FLASH,d3ec8ab8eeeb5b4a,paper=eomt,1,0.0,train,0.098947,0,-
92da838173d9f753,GEMINI_2_0_FLASH,1fcdc0bad345d18a,paper=eomt,1,0.0,train,0.28017,0,-
92da838173d9f753,GEMINI_2_0_FLASH,64521900778c3c90,paper=eomt,1,1.0,train,0.806625,1,-
92da838173d9f753,GEMINI_2_0_FLASH,885bf6bc2b30211e,paper=eomt,1,0.0,train,0.17297,0,-
92da838173d9f753,GEMINI_2_0_FLASH,51d8a0d5454638b6,paper=eomt,1,1.0,train,0.766873,1,-
92da838173d9f753,GEMINI_2_0_FLASH,557e0e9212dc83c3,paper=eomt,1,1.0,train,0.774625,1,-
92da838173d9f753,GEMINI_2_0_FLASH,996ae690658f38ac,paper=eomt,1,0.0,train,0.231894,0,-
92da838173d9f753,GEMINI_2_0_FLASH,de3c06e5fd55727f,paper=eomt,1,0.0,train,0.251052,0,-
92da838173d9f753,GEMINI_2_0_FLASH,5b8c3f7041705246,paper=eomt,1,0.0,train,0.068188,0,-
92da838173d9f753,GEMINI_2_0_FLASH,4dbf2551a9799e46,paper=eomt,1,0.0,train,0.028786,0,-
92da838173d9f753,GEMINI_2_0_FLASH,5fd86ff59169d660,paper=eomt,1,0.0,train,0.086969,0,-
92da838173d9f753,GEMINI_2_0_FLASH,1aef4f6facd814ea,paper=eomt,1,1.0,train,0.362621,0,-
92da838173d9f753,GEMINI_2_0_FLASH,e8586b9f159d57cd,paper=eomt,1,0.0,train,0.088824,0,-
92da838173d9f753,GEMINI_2_0_FLASH,4d37e699df1a85fb,paper=eomt,1,0.0,test,0.172783,0,match
92da838173d9f753,GEMINI_2_0_FLASH,3056610d5d875975,paper=eomt,1,0.0,train,0.000261,0,-
92da838173d9f753,GEMINI_2_0_FLASH,340d207d50996738,paper=eomt,1,0.0,train,0.000197,0,-
92da838173d9f753,GEMINI_2_0_FLASH,d6ddcfe6ee900a29,paper=eomt,1,0.0,train,0.335317,0,-
92da838173d9f753,GEMINI_2_0_FLASH,e3cdd98caa7e1647,paper=eomt,1,0.0,train,0.080136,0,-
92da838173d9f753,GEMINI_2_0_FLASH,68772b2dd72d2238,paper=eomt,1,0.0,train,0.000285,0,-
92da838173d9f753,GEMINI_2_0_FLASH,042e9eafe940e570,paper=eomt,1,1.0,train,0.612496,1,-
92da838173d9f753,GEMINI_2_0_FLASH,3694d1de719e157b,paper=eomt,1,0.0,train,0.000192,0,-
92da838173d9f753,GEMINI_2_0_FLASH,7206e293fbedb36e,paper=eomt,1,0.0,train,0.245674,0,-
92da838173d9f753,GEMINI_2_0_FLASH,fe364a0b040e9dd5,paper=eomt,1,0.0,train,0.014779,0,-
92da838173d9f753,GEMINI_2_0_FLASH,d28fea369713673d,paper=eomt,1,0.0,test,0.45098,0,match
92da838173d9f753,GEMINI_2_0_FLASH,9074f21629aead7d,paper=eomt,1,0.0,train,0.154681,0,-
92da838173d9f753,GEMINI_2_0_FLASH,1b17b86a13c2b523,paper=eomt,1,1.0,train,0.836045,1,-
7184624c9762b8b9,GPT_4O_2024_08_06,eba46b7e2dbd4e57,paper=eomt,1,0.0,test,0.019217,0,match
7184624c9762b8b9,GPT_4O_2024_08_06,9f6908a52dc07ea6,paper=eomt,1,0.0,train,0.000308,0,-
7184624c9762b8b9,GPT_4O_2024_08_06,331429a54711c5b6,paper=eomt,1,1.0,train,0.962692,1,-
7184624c9762b8b9,GPT_4O_2024_08_06,f6ac25a06b6420fa,paper=eomt,1,0.0,train,0.094699,0,-
7184624c9762b8b9,GPT_4O_2024_08_06,ea27c8f39b1755a4,paper=eomt,1,1.0,train,0.945962,1,-
7184624c9762b8b9,GPT_4O_2024_08_06,859c32e53164a617,paper=eomt,1,1.0,test,0.884221,1,match
7184624c9762b8b9,GPT_4O_2024_08_06,67fa04fcf90c435d,paper=eomt,1,0.0,train,0.030664,0,-
7184624c9762b8b9,GPT_4O_2024_08_06,343d5ac1ad7e342e,paper=eomt,1,1.0,train,0.887202,1,-
7184624c9762b8b9,GPT_4O_2024_08_06,c9544007f03a7721,paper=eomt,1,0.0,test,0.539292,1,miss
7184624c9762b8b9,GPT_4O_2024_08_06,3d85d9ad47595a55,paper=eomt,1,1.0,train,0.511743,1,-
7184624c9762b8b9,GPT_4O_2024_08_06,904eb334eb4d76df,paper=eomt,1,0.0,train,0.020993,0,-
7184624c9762b8b9,GPT_4O_2024_08_06,d3ec8ab8eeeb5b4a,paper=eomt,1,0.0,train,0.136433,0,-
7184624c9762b8b9,GPT_4O_2024_08_06,1fcdc0bad345d18a,paper=eomt,1,1.0,test,0.358963,0,miss
7184624c9762b8b9,GPT_4O_2024_08_06,64521900778c3c90,paper=eomt,1,1.0,train,0.857169,1,-
7184624c9762b8b9,GPT_4O_2024_08_06,885bf6bc2b30211e,paper=eomt,1,0.0,train,0.231302,0,-
7184624c9762b8b9,GPT_4O_2024_08_06,51d8a0d5454638b6,paper=eomt,1,0.0,train,0.82556,1,-
7184624c9762b8b9,GPT_4O_2024_08_06,557e0e9212dc83c3,paper=eomt,1,1.0,train,0.831789,1,-
7184624c9762b8b9,GPT_4O_2024_08_06,996ae690658f38ac,paper=eomt,1,0.0,train,0.302822,0,-
7184624c9762b8b9,GPT_4O_2024_08_06,de3c06e5fd55727f,paper=eomt,1,1.0,train,0.325356,0,-
7184624c9762b8b9,GPT_4O_2024_08_06,5b8c3f7041705246,paper=eomt,1,0.0,train,0.095254,0,-
7184624c9762b8b9,GPT_4O_2024_08_06,4dbf2551a9799e46,paper=eomt,1,0.0,train,0.040898,0,-
7184624c9762b8b9,GPT_4O_2024_08_06,5fd86ff59169d660,paper=eomt,1,0.0,train,0.120524,0,-
7184624c9762b8b9,GPT_4O_2024_08_06,1aef4f6facd814ea,paper=eomt,1,0.0,train,0.450102,0,-
7184624c9762b8b9,GPT_4O_2024_08_06,e8586b9f159d57cd,paper=eomt,1,1.0,train,0.122999,0,-
7184624c9762b8b9,GPT_4O_2024_08_06,4d37e699df1a85fb,paper=eomt,1,1.0,train,0.231069,0,-
7184624c9762b8b9,GPT_4O_2024_08_06,3056610d5d875975,paper=eomt,1,0.0,train,0.000375,0,-
7184624c9762b8b9,GPT_4O_2024_08_06,340d207d50996738,paper=eomt,1,0.0,test,0.000283,0,match
7184624c9762b8b9,GPT_4O_2024_08_06,d6ddcfe6ee900a29,paper=eomt,1,0.0,train,0.420557,0,-
7184624c9762b8b9,GPT_4O_2024_08_06,e3cdd98caa7e1647,paper=eomt,1,0.0,train,0.111377,0,-
7184624c9762b8b9,GPT_4O_2024_08_06,68772b2dd72d2238,paper=eomt,1,0.0,train,0.000411,0,-
7184624c9762b8b9,GPT_4O_2024_08_06,042e9eafe940e570,paper=eomt,1,1.0,train,0.694568,1,-
7184624c9762b8b9,GPT_4O_2024_08_06,3694d1de719e157b,paper=eomt,1,0.0,test,0.000276,0,match
7184624c9762b8b9,GPT_4O_2024_08_06,7206e293fbedb36e,paper=eomt,1,1.0,train,0.319065,0,-
7184624c9762b8b9,GPT_4O_2024_08_06,fe364a0b040e9dd5,paper=eomt,1,0.0,train,0.021126,0,-
7184624c9762b8b9,GPT_4O_2024_08_06,d28fea369713673d,paper=eomt,1,1.0,train,0.541662,1,-
7184624c9762b8b9,GPT_4O_2024_08_06,9074f21629aead7d,paper=eomt,1,0.0,train,0.2084,0,-
7184624c9762b8b9,GPT_4O_2024_08_06,1b17b86a13c2b523,paper=eomt,1,1.0,train,0.880043,1,-
3f126a3baa99198a,GPT_4O_MINI,eba46b7e2dbd4e57,paper=eomt,1,0.0,test,0.003219,0,match
3f126a3baa99198a,GPT_4O_MINI,9f6908a52dc07ea6,paper=eomt,1,0.0,train,5.1e-05,0,-
3f126a3baa99198a,GPT_4O_MINI,331429a54711c5b6,paper=eomt,1,1.0,train,0.809622,1,-
3f126a3baa99198a,GPT_4O_MINI,f6ac25a06b6420fa,paper=eomt,1,0.0,train,0.016948,0,-
3f126a3baa99198a,GPT_4O_MINI,ea27c8f39b1755a4,paper=eomt,1,1.0,test,0.742602,1,match
3f126a3baa99198a,GPT_4O_MINI,859c32e53164a617,paper=eomt,1,1.0,train,0.557262,1,-
3f126a3baa99198a,GPT_4O_MINI,67fa04fcf90c435d,paper=eomt,1,0.0,train,0.005187,0,-
3f126a3baa99198a,GPT_4O_MINI,343d5ac1ad7e342e,paper=eomt,1,0.0,test,0.564516,1,miss
3f126a3baa99198a,GPT_4O_MINI,c9544007f03a7721,paper=eomt,1,0.0,train,0.161721,0,-
3f126a3baa99198a,GPT_4O_MINI,3d85d9ad47595a55,paper=eomt,1,0.0,train,0.147294,0,-
3f126a3baa99198a,GPT_4O_MINI,904eb334eb4d76df,paper=eomt,1,0.0,train,0.003522,0,-
3f126a3baa99198a,GPT_4O_MINI,d3ec8ab8eeeb5b4a,paper=eomt,1,0.0,train,0.025377,0,-
3f126a3baa99198a,GPT_4O_MINI,1fcdc0bad345d18a,paper=eomt,1,0.0,train,0.084491,0,-
3f126a3baa99198a,GPT_4O_MINI,64521900778c3c90,paper=eomt,1,0.0,train,0.497251,0,-
3f126a3baa99198a,GPT_4O_MINI,885bf6bc2b30211e,paper=eomt,1,0.0,train,0.047248,0,-
3f126a3baa99198a,GPT_4O_MINI,51d8a0d5454638b6,paper=eomt,1,1.0,train,0.438196,0,-
3f126a3baa99198a,GPT_4O_MINI,557e0e9212dc83c3,paper=eomt,1,1.0,test,0.449026,0,miss
3f126a3baa99198a,GPT_4O_MINI,996ae690658f38ac,paper=eomt,1,0.0,train,0.066803,0,-
3f126a3baa99198a,GPT_4O_MINI,de3c06e5fd55727f,paper=eomt,1,0.0,train,0.073629,0,-
3f126a3baa99198a,GPT_4O_MINI,5b8c3f7041705246,paper=eomt,1,0.0,train,0.017056,0,-
3f126a3baa99198a,GPT_4O_MINI,4dbf2551a9799e46,paper=eomt,1,0.0,train,0.006979,0,-
3f126a3baa99198a,GPT_4O_MINI,5fd86ff59169d660,paper=eomt,1,0.0,train,0.022087,0,-
3f126a3baa99198a,GPT_4O_MINI,1aef4f6facd814ea,paper=eomt,1,0.0,test,0.118864,0,match
3f126a3baa99198a,GPT_4O_MINI,e8586b9f159d57cd,paper=eomt,1,0.0,train,0.022592,0,-
3f126a3baa99198a,GPT_4O_MINI,4d37e699df1a85fb,paper=eomt,1,0.0,train,0.047189,0,-
3f126a3baa99198a,GPT_4O_MINI,3056610d5d875975,paper=eomt,1,0.0,train,6.2e-05,0,-
3f126a3baa99198a,GPT_4O_MINI,340d207d50996738,paper=eomt,1,0.0,test,4.7e-05,0,match
3f126a3baa99198a,GPT_4O_MINI,d6ddcfe6ee900a29,paper=eomt,1,0.0,train,0.106838,0,-
3f126a3baa99198a,GPT_4O_MINI,e3cdd98caa7e1647,paper=eomt,1,0.0,train,0.020239,0,-
3f126a3baa99198a,GPT_4O_MINI,68772b2dd72d2238,paper=eomt,1,0.0,train,6.8e-05,0,-
3f126a3baa99198a,GPT_4O_MINI,042e9eafe940e570,paper=eomt,1,0.0,test,0.272613,0,match
3f126a3baa99198a,GPT_4O_MINI,3694d1de719e157b,paper=eomt,1,0.0,train,4.6e-05,0,-
3f126a3baa99198a,GPT_4O_MINI,7206e293fbedb36e,paper=eomt,1,0.0,train,0.071688,0,-
3f126a3baa99198a,GPT_4O_MINI,fe364a0b040e9dd5,paper=eomt,1,0.0,train,0.003544,0,-
3f126a3baa99198a,GPT_4O_MINI,d28fea369713673d,paper=eomt,1,0.0,train,0.163019,0,-
3f126a3baa99198a,GPT_4O_MINI,9074f21629aead7d,paper=eomt,1,0.0,train,0.041584,0,-
3f126a3baa99198a,GPT_4O_MINI,1b17b86a13c2b523,paper=eomt,1,0.0,test,0.547325,1,miss
21a139c20bbac1e2,O3_MINI_HIGH,eba46b7e2dbd4e57,paper=eomt,1,0.0,train,0.080745,0,-
21a139c20bbac1e2,O3_MINI_HIGH,9f6908a52dc07ea6,paper=eomt,1,0.0,train,0.001378,0,-
21a139c20bbac1e2,O3_MINI_HIGH,331429a54711c5b6,paper=eomt,1,1.0,test,0.99143,1,match
21a139c20bbac1e2,O3_MINI_HIGH,f6ac25a06b6420fa,paper=eomt,1,1.0,train,0.319241,0,-
21a139c20bbac1e2,O3_MINI_HIGH,ea27c8f39b1755a4,paper=eomt,1,1.0,train,0.987418,1,-
21a139c20bbac1e2,O3_MINI_HIGH,859c32e53164a617,paper=eomt,1,1.0,train,0.971621,1,-
21a139c20bbac1e2,O3_MINI_HIGH,67fa04fcf90c435d,paper=eomt,1,0.0,test,0.124204,0,match
21a139c20bbac1e2,O3_MINI_HIGH,343d5ac1ad7e342e,paper=eomt,1,1.0,test,0.972422,1,match
21a139c20bbac1e2,O3_MINI_HIGH,c9544007f03a7721,paper=eomt,1,1.0,test,0.839942,1,match
21a139c20bbac1e2,O3_MINI_HIGH,3d85d9ad47595a55,paper=eomt,1,1.0,train,0.824521,1,-
21a139c20bbac1e2,O3_MINI_HIGH,904eb334eb4d76df,paper=eomt,1,0.0,train,0.0877,0,-
21a139c20bbac1e2,O3_MINI_HIGH,d3ec8ab8eeeb5b4a,paper=eomt,1,0.0,train,0.414611,0,-
21a139c20bbac1e2,O3_MINI_HIGH,1fcdc0bad345d18a,paper=eomt,1,0.0,train,0.71513,1,-
21a139c20bbac1e2,O3_MINI_HIGH,64521900778c3c90,paper=eomt,1,1.0,train,0.964163,1,-
21a139c20bbac1e2,O3_MINI_HIGH,885bf6bc2b30211e,paper=eomt,1,0.0,train,0.574279,1,-
21a139c20bbac1e2,O3_MINI_HIGH,51d8a0d5454638b6,paper=eomt,1,1.0,train,0.954989,1,-
21a139c20bbac1e2,O3_MINI_HIGH,557e0e9212dc83c3,paper=eomt,1,1.0,train,0.956838,1,-
21a139c20bbac1e2,O3_MINI_HIGH,996ae690658f38ac,paper=eomt,1,1.0,train,0.660698,1,-
21a139c20bbac1e2,O3_MINI_HIGH,de3c06e5fd55727f,paper=eomt,1,0.0,train,0.683746,1,-
21a139c20bbac1e2,O3_MINI_HIGH,5b8c3f7041705246,paper=eomt,1,1.0,train,0.320646,0,-
21a139c20bbac1e2,O3_MINI_HIGH,4dbf2551a9799e46,paper=eomt,1,1.0,train,0.160486,0,-
21a139c20bbac1e2,O3_MINI_HIGH,5fd86ff59169d660,paper=eomt,1,0.0,train,0.38056,0,-
21a139c20bbac1e2,O3_MINI_HIGH,1aef4f6facd814ea,paper=eomt,1,1.0,train,0.785842,1,-
21a139c20bbac1e2,O3_MINI_HIGH,e8586b9f159d57cd,paper=eomt,1,1.0,train,0.38603,0,-
21a139c20bbac1e2,O3_MINI_HIGH,4d37e699df1a85fb,paper=eomt,1,1.0,train,0.573958,1,-
21a139c20bbac1e2,O3_MINI_HIGH,3056610d5d875975,paper=eomt,1,0.0,train,0.001678,0,-
21a139c20bbac1e2,O3_MINI_HIGH,340d207d50996738,paper=eomt,1,0.0,train,0.001266,0,-
21a139c20bbac1e2,O3_MINI_HIGH,d6ddcfe6ee900a29,paper=eomt,1,0.0,test,0.764915,1,miss
21a139c20bbac1e2,O3_MINI_HIGH,e3cdd98caa7e1647,paper=eomt,1,0.0,train,0.35975,0,-
21a139c20bbac1e2,O3_MINI_HIGH,68772b2dd72d2238,paper=eomt,1,0.0,train,0.001838,0,-
21a139c20bbac1e2,O3_MINI_HIGH,042e9eafe940e570,paper=eomt,1,1.0,train,0.910672,1,-
21a139c20bbac1e2,O3_MINI_HIGH,3694d1de719e157b,paper=eomt,1,0.0,train,0.001237,0,-
21a139c20bbac1e2,O3_MINI_HIGH,7206e293fbedb36e,paper=eomt,1,0.0,train,0.677484,1,-
21a139c20bbac1e2,O3_MINI_HIGH,fe364a0b040e9dd5,paper=eomt,1,0.0,train,0.088217,0,-
21a139c20bbac1e2,O3_MINI_HIGH,d28fea369713673d,paper=eomt,1,1.0,train,0.841221,1,-
21a139c20bbac1e2,O3_MINI_HIGH,9074f21629aead7d,paper=eomt,1,1.0,train,0.541332,1,-
21a139c20bbac1e2,O3_MINI_HIGH,1b17b86a13c2b523,paper=eomt,1,1.0,train,0.970492,1,-
22e9aca88e136167,DEEPSEEK_R1,eba46b7e2dbd4e57,paper=eomt,1,0.0,train,0.02719,0,-
22e9aca88e136167,DEEPSEEK_R1,9f6908a52dc07ea6,paper=eomt,1,0.0,train,0.000439,0,-
22e9aca88e136167,DEEPSEEK_R1,331429a54711c5b6,paper=eomt,1,1.0,train,0.973552,1,-
22e9aca88e136167,DEEPSEEK_R1,f6ac25a06b6420fa,paper=eomt,1,0.0,train,0.129845,0,-
22e9aca88e136167,DEEPSEEK_R1,ea27c8f39b1755a4,paper=eomt,1,1.0,train,0.961496,1,-
22e9aca88e136167,DEEPSEEK_R1,859c32e53164a617,paper=eomt,1,1.0,train,0.915928,1,-
22e9aca88e136167,DEEPSEEK_R1,67fa04fcf90c435d,paper=eomt,1,0.0,train,0.043178,0,-
22e9aca88e136167,DEEPSEEK_R1,343d5ac1ad7e342e,paper=eomt,1,1.0,train,0.918168,1,-
22e9aca88e136167,DEEPSEEK_R1,c9544007f03a7721,paper=eomt,1,1.0,train,0.625445,1,-
22e9aca88e136167,DEEPSEEK_R1,3d85d9ad47595a55,paper=eomt,1,1.0,test,0.59922,1,match
22e9aca88e136167,DEEPSEEK_R1,904eb334eb4d76df,paper=eomt,1,0.0,train,0.029681,0,-
22e9aca88e136167,DEEPSEEK_R1,d3ec8ab8eeeb5b4a,paper=eomt,1,1.0,train,0.183921,0,-
22e9aca88e136167,DEEPSEEK_R1,1fcdc0bad345d18a,paper=eomt,1,1.0,train,0.444076,0,-
22e9aca88e136167,DEEPSEEK_R1,64521900778c3c90,paper=eomt,1,1.0,train,0.895408,1,-
22e9aca88e136167,DEEPSEEK_R1,885bf6bc2b30211e,paper=eomt,1,0.0,test,0.300327,0,match
22e9aca88e136167,DEEPSEEK_R1,51d8a0d5454638b6,paper=eomt,1,1.0,test,0.870987,1,match
22e9aca88e136167,DEEPSEEK_R1,557e0e9212dc83c3,paper=eomt,1,1.0,train,0.875838,1,-
22e9aca88e136167,DEEPSEEK_R1,996ae690658f38ac,paper=eomt,1,0.0,test,0.382568,0,match
22e9aca88e136167,DEEPSEEK_R1,de3c06e5fd55727f,paper=eomt,1,1.0,train,0.407568,0,-
22e9aca88e136167,DEEPSEEK_R1,5b8c3f7041705246,paper=eomt,1,0.0,train,0.130576,0,-
22e9aca88e136167,DEEPSEEK_R1,4dbf2551a9799e46,paper=eomt,1,0.0,train,0.057341,0,-
22e9aca88e136167,DEEPSEEK_R1,5fd86ff59169d660,paper=eomt,1,1.0,train,0.163523,0,-
22e9aca88e136167,DEEPSEEK_R1,1aef4f6facd814ea,paper=eomt,1,0.0,train,0.538666,1,-
22e9aca88e136167,DEEPSEEK_R1,e8586b9f159d57cd,paper=eomt,1,0.0,test,0.166714,0,match
22e9aca88e136167,DEEPSEEK_R1,4d37e699df1a85fb,paper=eomt,1,1.0,test,0.300052,0,miss
22e9aca88e136167,DEEPSEEK_R1,3056610d5d875975,paper=eomt,1,0.0,train,0.000535,0,-
22e9aca88e136167,DEEPSEEK_R1,340d207d50996738,paper=eomt,1,0.0,train,0.000403,0,-
22e9aca88e136167,DEEPSEEK_R1,d6ddcfe6ee900a29,paper=eomt,1,1.0,test,0.508686,1,match
22e9aca88e136167,DEEPSEEK_R1,e3cdd98caa7e1647,paper=eomt,1,0.0,train,0.151676,0,-
22e9aca88e136167,DEEPSEEK_R1,68772b2dd72d2238,paper=eomt,1,0.0,train,0.000586,0,-
22e9aca88e136167,DEEPSEEK_R1,042e9eafe940e570,paper=eomt,1,1.0,train,0.764372,1,-
22e9aca88e136167,DEEPSEEK_R1,3694d1de719e157b,paper=eomt,1,0.0,test,0.000394,0,match
22e9aca88e136167,DEEPSEEK_R1,7206e293fbedb36e,paper=eomt,1,1.0,train,0.400631,0,-
22e9aca88e136167,DEEPSEEK_R1,fe364a0b040e9dd5,paper=eomt,1,0.0,train,0.029867,0,-
22e9aca88e136167,DEEPSEEK_R1,d28fea369713673d,paper=eomt,1,0.0,train,0.627678,1,-
22e9aca88e136167,DEEPSEEK_R1,9074f21629aead7d,paper=eomt,1,0.0,train,0.273018,0,-
22e9aca88e136167,DEEPSEEK_R1,1b17b86a13c2b523,paper=eomt,1,1.0,test,0.912781,1,match
1872c1340f216012,O1_HIGH,eba46b7e2dbd4e57,paper=eomt,1,0.0,test,0.04162,0,match
1872c1340f216012,O1_HIGH,9f6908a52dc07ea6,paper=eomt,1,0.0,train,0.000682,0,-
1872c1340f216012,O1_HIGH,331429a54711c5b6,paper=eomt,1,1.0,test,0.982816,1,match
1872c1340f216012,O1_HIGH,f6ac25a06b6420fa,paper=eomt,1,0.0,train,0.188215,0,-
1872c1340f216012,O1_HIGH,ea27c8f39b1755a4,paper=eomt,1,1.0,train,0.974874,1,-
1872c1340f216012,O1_HIGH,859c32e53164a617,paper=eomt,1,1.0,train,0.94422,1,-
1872c1340f216012,O1_HIGH,67fa04fcf90c435d,paper=eomt,1,0.0,train,0.065522,0,-
1872c1340f216012,O1_HIGH,343d5ac1ad7e342e,paper=eomt,1,1.0,train,0.945751,1,-
1872c1340f216012,O1_HIGH,c9544007f03a7721,paper=eomt,1,1.0,train,0.7218,1,-
1872c1340f216012,O1_HIGH,3d85d9ad47595a55,paper=eomt,1,1.0,train,0.699075,1,-
1872c1340f216012,O1_HIGH,904eb334eb4d76df,paper=eomt,1,0.0,test,0.045372,0,match
1872c1340f216012,O1_HIGH,d3ec8ab8eeeb5b4a,paper=eomt,1,1.0,test,0.259356,0,miss
1872c1340f216012,O1_HIGH,1fcdc0bad345d18a,paper=eomt,1,0.0,train,0.553803,1,-
1872c1340f216012,O1_HIGH,64521900778c3c90,paper=eomt,1,1.0,train,0.930078,1,-
1872c1340f216012,O1_HIGH,885bf6bc2b30211e,paper=eomt,1,1.0,test,0.400098,0,miss
1872c1340f216012,O1_HIGH,51d8a0d5454638b6,paper=eomt,1,0.0,test,0.912966,1,miss
1872c1340f216012,O1_HIGH,557e0e9212dc83c3,paper=eomt,1,1.0,train,0.91639,1,-
1872c1340f216012,O1_HIGH,996ae690658f38ac,paper=eomt,1,0.0,train,0.490506,0,-
1872c1340f216012,O1_HIGH,de3c06e5fd55727f,paper=eomt,1,0.0,test,0.516657,1,miss
1872c1340f216012,O1_HIGH,5b8c3f7041705246,paper=eomt,1,0.0,train,0.189204,0,-
1872c1340f216012,O1_HIGH,4dbf2551a9799e46,paper=eomt,1,0.0,test,0.086353,0,match
1872c1340f216012,O1_HIGH,5fd86ff59169d660,paper=eomt,1,0.0,train,0.23298,0,-
1872c1340f216012,O1_HIGH,1aef4f6facd814ea,paper=eomt,1,1.0,train,0.644662,1,-
1872c1340f216012,O1_HIGH,e8586b9f159d57cd,paper=eomt,1,0.0,train,0.237141,0,-
1872c1340f216012,O1_HIGH,4d37e699df1a85fb,paper=eomt,1,1.0,test,0.399784,0,miss
1872c1340f216012,O1_HIGH,3056610d5d875975,paper=eomt,1,0.0,train,0.000831,0,-
1872c1340f216012,O1_HIGH,340d207d50996738,paper=eomt,1,0.0,train,0.000627,0,-
1872c1340f216012,O1_HIGH,d6ddcfe6ee900a29,paper=eomt,1,1.0,test,0.616668,1,match
1872c1340f216012,O1_HIGH,e3cdd98caa7e1647,paper=eomt,1,0.0,train,0.217408,0,-
1872c1340f216012,O1_HIGH,68772b2dd72d2238,paper=eomt,1,0.0,train,0.00091,0,-
1872c1340f216012,O1_HIGH,042e9eafe940e570,paper=eomt,1,1.0,train,0.834448,1,-
1872c1340f216012,O1_HIGH,3694d1de719e157b,paper=eomt,1,0.0,train,0.000612,0,-
1872c1340f216012,O1_HIGH,7206e293fbedb36e,paper=eomt,1,1.0,train,0.50946,1,-
1872c1340f216012,O1_HIGH,fe364a0b040e9dd5,paper=eomt,1,0.0,test,0.045652,0,match
1872c1340f216012,O1_HIGH,d28fea369713673d,paper=eomt,1,1.0,train,0.723713,1,-
1872c1340f216012,O1_HIGH,9074f21629aead7d,paper=eomt,1,0.0,train,0.368494,0,-
1872c1340f216012,O1_HIGH,1b17b86a13c2b523,paper=eomt,1,1.0,train,0.942065,1,-
8d49a7a13f10df7f,GPT_4_1,eba46b7e2dbd4e57,paper=eomt,1,0.0,train,0.052849,0,-
8d49a7a13f10df7f,GPT_4_1,9f6908a52dc07ea6,paper=eomt,1,0.0,test,0.000876,0,match
8d49a7a13f10df7f,GPT_4_1,331429a54711c5b6,paper=eomt,1,1.0,train,0.986574,1,-
8d49a7a13f10df7f,GPT_4_1,f6ac25a06b6420fa,paper=eomt,1,0.0,test,0.229523,0,match
8d49a7a13f10df7f,GPT_4_1,ea27c8f39b1755a4,paper=eomt,1,1.0,train,0.980335,1,-
8d49a7a13f10df7f,GPT_4_1,859c32e53164a617,paper=eomt,1,1.0,train,0.956043,1,-
8d49a7a13f10df7f,GPT_4_1,67fa04fcf90c435d,paper=eomt,1,0.0,train,0.082644,0,-
8d49a7a13f10df7f,GPT_4_1,343d5ac1ad7e342e,paper=eomt,1,1.0,train,0.957264,1,-
8d49a7a13f10df7f,GPT_4_1,c9544007f03a7721,paper=eomt,1,0.0,train,0.769245,1,-
8d49a7a13f10df7f,GPT_4_1,3d85d9ad47595a55,paper=eomt,1,1.0,train,0.749047,1,-
8d49a7a13f10df7f,GPT_4_1,904eb334eb4d76df,paper=eomt,1,0.0,train,0.057552,0,-
8d49a7a13f10df7f,GPT_4_1,d3ec8ab8eeeb5b4a,paper=eomt,1,0.0,train,0.310308,0,-
8d49a7a13f10df7f,GPT_4_1,1fcdc0bad345d18a,paper=eomt,1,1.0,train,0.6146,1,-
8d49a7a13f10df7f,GPT_4_1,64521900778c3c90,paper=eomt,1,0.0,train,0.944723,1,-
8d49a7a13f10df7f,GPT_4_1,885bf6bc2b30211e,paper=eomt,1,1.0,train,0.461473,0,-
8d49a7a13f10df7f,GPT_4_1,51d8a0d5454638b6,paper=eomt,1,1.0,test,0.930929,1,match
8d49a7a13f10df7f,GPT_4_1,557e0e9212dc83c3,paper=eomt,1,1.0,train,0.933697,1,-
8d49a7a13f10df7f,GPT_4_1,996ae690658f38ac,paper=eomt,1,0.0,train,0.552965,1,-
8d49a7a13f10df7f,GPT_4_1,de3c06e5fd55727f,paper=eomt,1,1.0,train,0.578665,1,-
8d49a7a13f10df7f,GPT_4_1,5b8c3f7041705246,paper=eomt,1,0.0,train,0.230667,0,-
8d49a7a13f10df7f,GPT_4_1,4dbf2551a9799e46,paper=eomt,1,0.0,train,0.108287,0,-
8d49a7a13f10df7f,GPT_4_1,5fd86ff59169d660,paper=eomt,1,0.0,train,0.280715,0,-
8d49a7a13f10df7f,GPT_4_1,1aef4f6facd814ea,paper=eomt,1,1.0,train,0.69979,1,-
8d49a7a13f10df7f,GPT_4_1,e8586b9f159d57cd,paper=eomt,1,0.0,train,0.285411,0,-
8d49a7a13f10df7f,GPT_4_1,4d37e699df1a85fb,paper=eomt,1,0.0,test,0.461147,0,match
8d49a7a13f10df7f,GPT_4_1,3056610d5d875975,paper=eomt,1,0.0,train,0.001067,0,-
8d49a7a13f10df7f,GPT_4_1,340d207d50996738,paper=eomt,1,0.0,train,0.000805,0,-
8d49a7a13f10df7f,GPT_4_1,d6ddcfe6ee900a29,paper=eomt,1,0.0,train,0.673943,1,-
8d49a7a13f10df7f,GPT_4_1,e3cdd98caa7e1647,paper=eomt,1,1.0,train,0.263046,0,-
8d49a7a13f10df7f,GPT_4_1,68772b2dd72d2238,paper=eomt,1,0.0,train,0.001168,0,-
8d49a7a13f10df7f,GPT_4_1,042e9eafe940e570,paper=eomt,1,1.0,train,0.866241,1,-
8d49a7a13f10df7f,GPT_4_1,3694d1de719e157b,paper=eomt,1,0.0,test,0.000786,0,match
8d49a7a13f10df7f,GPT_4_1,7206e293fbedb36e,paper=eomt,1,0.0,train,0.571626,1,-
8d49a7a13f10df7f,GPT_4_1,fe364a0b040e9dd5,paper=eomt,1,0.0,train,0.057903,0,-
8d49a7a13f10df7f,GPT_4_1,d28fea369713673d,paper=eomt,1,1.0,test,0.770934,1,match
8d49a7a13f10df7f,GPT_4_1,9074f21629aead7d,paper=eomt,1,0.0,test,0.428483,0,match
8d49a7a13f10df7f,GPT_4_1,1b17b86a13c2b523,paper=eomt,1,1.0,train,0.954322,1,-
efdd1f09f2fb64b9,GPT_4_1_MINI,eba46b7e2dbd4e57,paper=eomt,1,0.0,train,0.024941,0,-
efdd1f09f2fb64b9,GPT_4_1_MINI,9f6908a52dc07ea6,paper=eomt,1,0.0,train,0.000402,0,-
efdd1f09f2fb64b9,GPT_4_1_MINI,331429a54711c5b6,paper=eomt,1,1.0,train,0.971171,1,-
efdd1f09f2fb64b9,GPT_4_1_MINI,f6ac25a06b6420fa,paper=eomt,1,1.0,train,0.120154,0,-
efdd1f09f2fb64b9,GPT_4_1_MINI,ea27c8f39b1755a4,paper=eomt,1,1.0,train,0.958077,1,-
efdd1f09f2fb64b9,GPT_4_1_MINI,859c32e53164a617,paper=eomt,1,1.0,test,0.908846,1,match
efdd1f09f2fb64b9,GPT_4_1_MINI,67fa04fcf90c435d,paper=eomt,1,0.0,train,0.039661,0,-
efdd1f09f2fb64b9,GPT_4_1_MINI,343d5ac1ad7e342e,paper=eomt,1,1.0,train,0.911257,1,-
efdd1f09f2fb64b9,GPT_4_1_MINI,c9544007f03a7721,paper=eomt,1,0.0,test,0.604462,1,miss
efdd1f09f2fb64b9,GPT_4_1_MINI,3d85d9ad47595a55,paper=eomt,1,0.0,train,0.577759,1,-
efdd1f09f2fb64b9,GPT_4_1_MINI,904eb334eb4d76df,paper=eomt,1,0.0,train,0.027232,0,-
efdd1f09f2fb64b9,GPT_4_1_MINI,d3ec8ab8eeeb5b4a,paper=eomt,1,1.0,test,0.170988,0,miss
efdd1f09f2fb64b9,GPT_4_1_MINI,1fcdc0bad345d18a,paper=eomt,1,0.0,train,0.422317,0,-
efdd1f09f2fb64b9,GPT_4_1_MINI,64521900778c3c90,paper=eomt,1,1.0,test,0.886811,1,match
efdd1f09f2fb64b9,GPT_4_1_MINI,885bf6bc2b30211e,paper=eomt,1,0.0,test,0.282038,0,match
efdd1f09f2fb64b9,GPT_4_1_MINI,51d8a0d5454638b6,paper=eomt,1,1.0,train,0.860696,1,-
efdd1f09f2fb64b9,GPT_4_1_MINI,557e0e9212dc83c3,paper=eomt,1,1.0,test,0.865874,1,match
efdd1f09f2fb64b9,GPT_4_1_MINI,996ae690658f38ac,paper=eomt,1,0.0,train,0.36186,0,-
efdd1f09f2fb64b9,GPT_4_1_MINI,de3c06e5fd55727f,paper=eomt,1,1.0,train,0.386354,0,-
efdd1f09f2fb64b9,GPT_4_1_MINI,5b8c3f7041705246,paper=eomt,1,0.0,train,0.120839,0,-
efdd1f09f2fb64b9,GPT_4_1_MINI,4dbf2551a9799e46,paper=eomt,1,0.0,train,0.052734,0,-
efdd1f09f2fb64b9,GPT_4_1_MINI,5fd86ff59169d660,paper=eomt,1,0.0,train,0.151758,0,-
efdd1f09f2fb64b9,GPT_4_1_MINI,1aef4f6facd814ea,paper=eomt,1,0.0,train,0.516578,1,-
efdd1f09f2fb64b9,GPT_4_1_MINI,e8586b9f159d57cd,paper=eomt,1,0.0,test,0.154761,0,match
efdd1f09f2fb64b9,GPT_4_1_MINI,4d37e699df1a85fb,paper=eomt,1,0.0,train,0.281773,0,-
efdd1f09f2fb64b9,GPT_4_1_MINI,3056610d5d875975,paper=eomt,1,0.0,train,0.000489,0,-
efdd1f09f2fb64b9,GPT_4_1_MINI,340d207d50996738,paper=eomt,1,0.0,train,0.000369,0,-
efdd1f09f2fb64b9,GPT_4_1_MINI,d6ddcfe6ee900a29,paper=eomt,1,0.0,test,0.486531,0,match
efdd1f09f2fb64b9,GPT_4_1_MINI,e3cdd98caa7e1647,paper=eomt,1,1.0,test,0.140619,0,miss
efdd1f09f2fb64b9,GPT_4_1_MINI,68772b2dd72d2238,paper=eomt,1,0.0,train,0.000536,0,-
efdd1f09f2fb64b9,GPT_4_1_MINI,042e9eafe940e570,paper=eomt,1,0.0,train,0.748036,1,-
efdd1f09f2fb64b9,GPT_4_1_MINI,3694d1de719e157b,paper=eomt,1,0.0,train,0.00036,0,-
efdd1f09f2fb64b9,GPT_4_1_MINI,7206e293fbedb36e,paper=eomt,1,0.0,train,0.379547,0,-
efdd1f09f2fb64b9,GPT_4_1_MINI,fe364a0b040e9dd5,paper=eomt,1,0.0,train,0.027403,0,-
efdd1f09f2fb64b9,GPT_4_1_MINI,d28fea369713673d,paper=eomt,1,1.0,test,0.606741,1,match
efdd1f09f2fb64b9,GPT_4_1_MINI,9074f21629aead7d,paper=eomt,1,0.0,train,0.255783,0,-
efdd1f09f2fb64b9,GPT_4_1_MINI,1b17b86a13c2b523,paper=eomt,1,1.0,train,0.905461,1,-
be16a6de1e20efee,GPT_4_1_NANO,eba46b7e2dbd4e57,paper=eomt,1,0.0,test,0.001393,0,match
be16a6de1e20efee,GPT_4_1_NANO,9f6908a52dc07ea6,paper=eomt,1,0.0,train,2.2e-05,0,-
be16a6de1e20efee,GPT_4_1_NANO,331429a54711c5b6,paper=eomt,1,1.0,train,0.647474,1,-
be16a6de1e20efee,GPT_4_1_NANO,f6ac25a06b6420fa,paper=eomt,1,0.0,train,0.007391,0,-
be16a6de1e20efee,GPT_4_1_NANO,ea27c8f39b1755a4,paper=eomt,1,0.0,train,0.554762,1,-
be16a6de1e20efee,GPT_4_1_NANO,859c32e53164a617,paper=eomt,1,0.0,train,0.352162,0,-
be16a6de1e20efee,GPT_4_1_NANO,67fa04fcf90c435d,paper=eomt,1,0.0,test,0.002247,0,match
be16a6de1e20efee,GPT_4_1_NANO,343d5ac1ad7e342e,paper=eomt,1,0.0,train,0.358911,0,-
be16a6de1e20efee,GPT_4_1_NANO,c9544007f03a7721,paper=eomt,1,0.0,test,0.076911,0,match
be16a6de1e20efee,GPT_4_1_NANO,3d85d9ad47595a55,paper=eomt,1,0.0,train,0.069423,0,-
be16a6de1e20efee,GPT_4_1_NANO,904eb334eb4d76df,paper=eomt,1,0.0,train,0.001524,0,-
be16a6de1e20efee,GPT_4_1_NANO,d3ec8ab8eeeb5b4a,paper=eomt,1,0.0,train,0.01112,0,-
be16a6de1e20efee,GPT_4_1_NANO,1fcdc0bad345d18a,paper=eomt,1,0.0,train,0.03833,0,-
be16a6de1e20efee,GPT_4_1_NANO,64521900778c3c90,paper=eomt,1,1.0,train,0.299307,0,-
be16a6de1e20efee,GPT_4_1_NANO,885bf6bc2b30211e,paper=eomt,1,0.0,train,0.020968,0,-
be16a6de1e20efee,GPT_4_1_NANO,51d8a0d5454638b6,paper=eomt,1,0.0,test,0.251978,0,match
be16a6de1e20efee,GPT_4_1_NANO,557e0e9212dc83c3,paper=eomt,1,0.0,train,0.260338,0,-
be16a6de1e20efee,GPT_4_1_NANO,996ae690658f38ac,paper=eomt,1,0.0,test,0.029989,0,match
be16a6de1e20efee,GPT_4_1_NANO,de3c06e5fd55727f,paper=eomt,1,0.0,train,0.033187,0,-
be16a6de1e20efee,GPT_4_1_NANO,5b8c3f7041705246,paper=eomt,1,0.0,train,0.007438,0,-
be16a6de1e20efee,GPT_4_1_NANO,4dbf2551a9799e46,paper=eomt,1,0.0,train,0.003026,0,-
be16a6de1e20efee,GPT_4_1_NANO,5fd86ff59169d660,paper=eomt,1,0.0,train,0.00966,0,-
be16a6de1e20efee,GPT_4_1_NANO,1aef4f6facd814ea,paper=eomt,1,0.0,train,0.055053,0,-
be16a6de1e20efee,GPT_4_1_NANO,e8586b9f159d57cd,paper=eomt,1,0.0,train,0.009884,0,-
be16a6de1e20efee,GPT_4_1_NANO,4d37e699df1a85fb,paper=eomt,1,0.0,train,0.020941,0,-
be16a6de1e20efee,GPT_4_1_NANO,3056610d5d875975,paper=eomt,1,0.0,train,2.7e-05,0,-
be16a6de1e20efee,GPT_4_1_NANO,340d207d50996738,paper=eomt,1,0.0,test,2e-05,0,match
be16a6de1e20efee,GPT_4_1_NANO,d6ddcfe6ee900a29,paper=eomt,1,0.0,train,0.049123,0,-
be16a6de1e20efee,GPT_4_1_NANO,e3cdd98caa7e1647,paper=eomt,1,0.0,train,0.008842,0,-
be16a6de1e20efee,GPT_4_1_NANO,68772b2dd72d2238,paper=eomt,1,0.0,train,2.9e-05,0,-
be16a6de1e20efee,GPT_4_1_NANO,042e9eafe940e570,paper=eomt,1,0.0,train,0.139313,0,-
be16a6de1e20efee,GPT_4_1_NANO,3694d1de719e157b,paper=eomt,1,0.0,test,2e-05,0,match
be16a6de1e20efee,GPT_4_1_NANO,7206e293fbedb36e,paper=eomt,1,0.0,train,0.032275,0,-
be16a6de1e20efee,GPT_4_1_NANO,fe364a0b040e9dd5,paper=eomt,1,0.0,test,0.001534,0,match
be16a6de1e20efee,GPT_4_1_NANO,d28fea369713673d,paper=eomt,1,1.0,train,0.077591,0,-
be16a6de1e20efee,GPT_4_1_NANO,9074f21629aead7d,paper=eomt,1,0.0,train,0.018394,0,-
be16a6de1e20efee,GPT_4_1_NANO,1b17b86a13c2b523,paper=eomt,1,0.0,train,0.343049,0,-
1c618d9d58429b09,O3_HIGH,eba46b7e2dbd4e57,paper=eomt,1,0.0,train,0.118635,0,-
1c618d9d58429b09,O3_HIGH,9f6908a52dc07ea6,paper=eomt,1,0.0,train,0.002111,0,-
1c618d9d58429b09,O3_HIGH,331429a54711c5b6,paper=eomt,1,1.0,train,0.994391,1,-
1c618d9d58429b09,O3_HIGH,f6ac25a06b6420fa,paper=eomt,1,0.0,train,0.418139,0,-
1c618d9d58429b09,O3_HIGH,ea27c8f39b1755a4,paper=eomt,1,1.0,train,0.991753,1,-
1c618d9d58429b09,O3_HIGH,859c32e53164a617,paper=eomt,1,1.0,test,0.981297,1,match
1c618d9d58429b09,O3_HIGH,67fa04fcf90c435d,paper=eomt,1,0.0,test,0.178526,0,match
1c618d9d58429b09,O3_HIGH,343d5ac1ad7e342e,paper=eomt,1,1.0,train,0.98183,1,-
1c618d9d58429b09,O3_HIGH,c9544007f03a7721,paper=eomt,1,1.0,train,0.889401,1,-
1c618d9d58429b09,O3_HIGH,3d85d9ad47595a55,paper=eomt,1,1.0,train,0.878054,1,-
1c618d9d58429b09,O3_HIGH,904eb334eb4d76df,paper=eomt,1,0.0,train,0.128397,0,-
1c618d9d58429b09,O3_HIGH,d3ec8ab8eeeb5b4a,paper=eomt,1,1.0,test,0.520466,1,match
1c618d9d58429b09,O3_HIGH,1fcdc0bad345d18a,paper=eomt,1,1.0,test,0.793684,1,match
1c618d9d58429b09,O3_HIGH,64521900778c3c90,paper=eomt,1,1.0,train,0.976319,1,-
1c618d9d58429b09,O3_HIGH,885bf6bc2b30211e,paper=eomt,1,1.0,test,0.673965,1,match
1c618d9d58429b09,O3_HIGH,51d8a0d5454638b6,paper=eomt,1,1.0,train,0.970161,1,-
1c618d9d58429b09,O3_HIGH,557e0e9212dc83c3,paper=eomt,1,1.0,test,0.971405,1,match
1c618d9d58429b09,O3_HIGH,996ae690658f38ac,paper=eomt,1,1.0,train,0.748993,1,-
1c618d9d58429b09,O3_HIGH,de3c06e5fd55727f,paper=eomt,1,1.0,train,0.768148,1,-
1c618d9d58429b09,O3_HIGH,5b8c3f7041705246,paper=eomt,1,0.0,train,0.419711,0,-
1c618d9d58429b09,O3_HIGH,4dbf2551a9799e46,paper=eomt,1,0.0,train,0.226572,0,-
1c618d9d58429b09,O3_HIGH,5fd86ff59169d660,paper=eomt,1,1.0,train,0.484922,0,-
1c618d9d58429b09,O3_HIGH,1aef4f6facd814ea,paper=eomt,1,1.0,train,0.849014,1,-
1c618d9d58429b09,O3_HIGH,e8586b9f159d57cd,paper=eomt,1,0.0,test,0.490704,0,match
1c618d9d58429b09,O3_HIGH,4d37e699df1a85fb,paper=eomt,1,1.0,test,0.673677,1,match
1c618d9d58429b09,O3_HIGH,3056610d5d875975,paper=eomt,1,0.0,train,0.00257,0,-
1c618d9d58429b09,O3_HIGH,340d207d50996738,paper=eomt,1,0.0,train,0.001939,0,-
1c618d9d58429b09,O3_HIGH,d6ddcfe6ee900a29,paper=eomt,1,1.0,train,0.832947,1,-
1c618d9d58429b09,O3_HIGH,e3cdd98caa7e1647,paper=eomt,1,1.0,test,0.462668,0,miss
1c618d9d58429b09,O3_HIGH,68772b2dd72d2238,paper=eomt,1,0.0,train,0.002814,0,-
1c618d9d58429b09,O3_HIGH,042e9eafe940e570,paper=eomt,1,1.0,train,0.939841,1,-
1c618d9d58429b09,O3_HIGH,3694d1de719e157b,paper=eomt,1,0.0,train,0.001894,0,-
1c618d9d58429b09,O3_HIGH,7206e293fbedb36e,paper=eomt,1,1.0,train,0.762978,1,-
1c618d9d58429b09,O3_HIGH,fe364a0b040e9dd5,paper=eomt,1,0.0,test,0.129121,0,match
1c618d9d58429b09,O3_HIGH,d28fea369713673d,paper=eomt,1,1.0,train,0.890337,1,-
1c618d9d58429b09,O3_HIGH,9074f21629aead7d,paper=eomt,1,0.0,test,0.64395,1,miss
1c618d9d58429b09,O3_HIGH,1b17b86a13c2b523,paper=eomt,1,1.0,train,0.980545,1,-
bce3d3ee52ef698f,CLAUDE_3_5_SONNET_2024_10_22,eba46b7e2dbd4e57,paper=eomt,1,0.0,train,0.037584,0,-
bce3d3ee52ef698f,CLAUDE_3_5_SONNET_2024_10_22,9f6908a52dc07ea6,paper=eomt,1,0.0,train,0.000613,0,-
bce3d3ee52ef698f,CLAUDE_3_5_SONNET_2024_10_22,331429a54711c5b6,paper=eomt,1,1.0,test,0.980927,1,match
bce3d3ee52ef698f,CLAUDE_3_5_SONNET_2024_10_22,f6ac25a06b6420fa,paper=eomt,1,0.0,train,0.172521,0,-
bce3d3ee52ef698f,CLAUDE_3_5_SONNET_2024_10_22,ea27c8f39b1755a4,paper=eomt,1,1.0,train,0.972137,1,-
bce3d3ee52ef698f,CLAUDE_3_5_SONNET_2024_10_22,859c32e53164a617,paper=eomt,1,1.0,train,0.938354,1,-
bce3d3ee52ef698f,CLAUDE_3_5_SONNET_2024_10_22,67fa04fcf90c435d,paper=eomt,1,0.0,train,0.059311,0,-
bce3d3ee52ef698f,CLAUDE_3_5_SONNET_2024_10_22,343d5ac1ad7e342e,paper=eomt,1,1.0,train,0.940036,1,-
bce3d3ee52ef698f,CLAUDE_3_5_SONNET_2024_10_22,c9544007f03a7721,paper=eomt,1,1.0,train,0.699978,1,-
bce3d3ee52ef698f,CLAUDE_3_5_SONNET_2024_10_22,3d85d9ad47595a55,paper=eomt,1,1.0,train,0.67627,1,-
bce3d3ee52ef698f,CLAUDE_3_5_SONNET_2024_10_22,904eb334eb4d76df,paper=eomt,1,0.0,train,0.040987,0,-
bce3d3ee52ef698f,CLAUDE_3_5_SONNET_2024_10_22,d3ec8ab8eeeb5b4a,paper=eomt,1,0.0,train,0.239479,0,-
bce3d3ee52ef698f,CLAUDE_3_5_SONNET_2024_10_22,1fcdc0bad345d18a,paper=eomt,1,1.0,train,0.52743,1,-
bce3d3ee52ef698f,CLAUDE_3_5_SONNET_2024_10_22,64521900778c3c90,paper=eomt,1,1.0,train,0.922847,1,-
bce3d3ee52ef698f,CLAUDE_3_5_SONNET_2024_10_22,885bf6bc2b30211e,paper=eomt,1,0.0,test,0.374895,0,match
bce3d3ee52ef698f,CLAUDE_3_5_SONNET_2024_10_22,51d8a0d5454638b6,paper=eomt,1,1.0,train,0.904148,1,-
bce3d3ee52ef698f,CLAUDE_3_5_SONNET_2024_10_22,557e0e9212dc83c3,paper=eomt,1,1.0,train,0.907883,1,-
bce3d3ee52ef698f,CLAUDE_3_5_SONNET_2024_10_22,996ae690658f38ac,paper=eomt,1,1.0,test,0.464013,0,miss
bce3d3ee52ef698f,CLAUDE_3_5_SONNET_2024_10_22,de3c06e5fd55727f,paper=eomt,1,0.0,train,0.49011,0,-
bce3d3ee52ef698f,CLAUDE_3_5_SONNET_2024_10_22,5b8c3f7041705246,paper=eomt,1,0.0,train,0.173445,0,-
bce3d3ee52ef698f,CLAUDE_3_5_SONNET_2024_10_22,4dbf2551a9799e46,paper=eomt,1,0.0,train,0.078333,0,-
bce3d3ee52ef698f,CLAUDE_3_5_SONNET_2024_10_22,5fd86ff59169d660,paper=eomt,1,1.0,train,0.214539,0,-
bce3d3ee52ef698f,CLAUDE_3_5_SONNET_2024_10_22,1aef4f6facd814ea,paper=eomt,1,0.0,train,0.619974,1,-
bce3d3ee52ef698f,CLAUDE_3_5_SONNET_2024_10_22,e8586b9f159d57cd,paper=eomt,1,0.0,train,0.218465,0,-
bce3d3ee52ef698f,CLAUDE_3_5_SONNET_2024_10_22,4d37e699df1a85fb,paper=eomt,1,0.0,train,0.374588,0,-
bce3d3ee52ef698f,CLAUDE_3_5_SONNET_2024_10_22,3056610d5d875975,paper=eomt,1,0.0,test,0.000747,0,match
bce3d3ee52ef698f,CLAUDE_3_5_SONNET_2024_10_22,340d207d50996738,paper=eomt,1,1.0,test,0.000563,0,miss
bce3d3ee52ef698f,CLAUDE_3_5_SONNET_2024_10_22,d6ddcfe6ee900a29,paper=eomt,1,1.0,train,0.591269,1,-
bce3d3ee52ef698f,CLAUDE_3_5_SONNET_2024_10_22,e3cdd98caa7e1647,paper=eomt,1,0.0,train,0.199879,0,-
bce3d3ee52ef698f,CLAUDE_3_5_SONNET_2024_10_22,68772b2dd72d2238,paper=eomt,1,0.0,train,0.000818,0,-
bce3d3ee52ef698f,CLAUDE_3_5_SONNET_2024_10_22,042e9eafe940e570,paper=eomt,1,1.0,train,0.819249,1,-
bce3d3ee52ef698f,CLAUDE_3_5_SONNET_2024_10_22,3694d1de719e157b,paper=eomt,1,0.0,train,0.00055,0,-
bce3d3ee52ef698f,CLAUDE_3_5_SONNET_2024_10_22,7206e293fbedb36e,paper=eomt,1,1.0,train,0.482914,0,-
bce3d3ee52ef698f,CLAUDE_3_5_SONNET_2024_10_22,fe364a0b040e9dd5,paper=eomt,1,0.0,train,0.041241,0,-
bce3d3ee52ef698f,CLAUDE_3_5_SONNET_2024_10_22,d28fea369713673d,paper=eomt,1,0.0,train,0.701978,1,-
bce3d3ee52ef698f,CLAUDE_3_5_SONNET_2024_10_22,9074f21629aead7d,paper=eomt,1,1.0,train,0.34414,0,-
bce3d3ee52ef698f,CLAUDE_3_5_SONNET_2024_10_22,1b17b86a13c2b523,paper=eomt,1,1.0,train,0.935988,1,-
39edf3fbaacf1629,CLAUDE_3_7_SONNET_2025_02_19,eba46b7e2dbd4e57,paper=eomt,1,0.0,train,0.052991,0,-
39edf3fbaacf1629,CLAUDE_3_7_SONNET_2025_02_19,9f6908a52dc07ea6,paper=eomt,1,0.0,train,0.000879,0,-
39edf3fbaacf1629,CLAUDE_3_7_SONNET_2025_02_19,331429a54711c5b6,paper=eomt,1,1.0,train,0.986612,1,-
39edf3fbaacf1629,CLAUDE_3_7_SONNET_2025_02_19,f6ac25a06b6420fa,paper=eomt,1,0.0,train,0.230025,0,-
39edf3fbaacf1629,CLAUDE_3_7_SONNET_2025_02_19,ea27c8f39b1755a4,paper=eomt,1,1.0,train,0.98039,1,-
39edf3fbaacf1629,CLAUDE_3_7_SONNET_2025_02_19,859c32e53164a617,paper=eomt,1,1.0,train,0.956162,1,-
39edf3fbaacf1629,CLAUDE_3_7_SONNET_2025_02_19,67fa04fcf90c435d,paper=eomt,1,0.0,test,0.082859,0,match
39edf3fbaacf1629,CLAUDE_3_7_SONNET_2025_02_19,343d5ac1ad7e342e,paper=eomt,1,1.0,train,0.95738,1,-
39edf3fbaacf1629,CLAUDE_3_7_SONNET_2025_02_19,c9544007f03a7721,paper=eomt,1,1.0,train,0.769748,1,-
39edf3fbaacf1629,CLAUDE_3_7_SONNET_2025_02_19,3d85d9ad47595a55,paper=eomt,1,1.0,train,0.74958,1,-
39edf3fbaacf1629,CLAUDE_3_7_SONNET_2025_02_19,904eb334eb4d76df,paper=eomt,1,0.0,test,0.057706,0,match
39edf3fbaacf1629,CLAUDE_3_7_SONNET_2025_02_19,d3ec8ab8eeeb5b4a,paper=eomt,1,0.0,train,0.310915,0,-
39edf3fbaacf1629,CLAUDE_3_7_SONNET_2025_02_19,1fcdc0bad345d18a,paper=eomt,1,1.0,test,0.615271,1,match
39edf3fbaacf1629,CLAUDE_3_7_SONNET_2025_02_19,64521900778c3c90,paper=eomt,1,1.0,train,0.944871,1,-
39edf3fbaacf1629,CLAUDE_3_7_SONNET_2025_02_19,885bf6bc2b30211e,paper=eomt,1,0.0,train,0.462177,0,-
39edf3fbaacf1629,CLAUDE_3_7_SONNET_2025_02_19,51d8a0d5454638b6,paper=eomt,1,1.0,train,0.931111,1,-
39edf3fbaacf1629,CLAUDE_3_7_SONNET_2025_02_19,557e0e9212dc83c3,paper=eomt,1,1.0,train,0.933872,1,-
39edf3fbaacf1629,CLAUDE_3_7_SONNET_2025_02_19,996ae690658f38ac,paper=eomt,1,1.0,test,0.553666,1,match
39edf3fbaacf1629,CLAUDE_3_7_SONNET_2025_02_19,de3c06e5fd55727f,paper=eomt,1,1.0,train,0.579356,1,-
39edf3fbaacf1629,CLAUDE_3_7_SONNET_2025_02_19,5b8c3f7041705246,paper=eomt,1,0.0,train,0.23117,0,-
39edf3fbaacf1629,CLAUDE_3_7_SONNET_2025_02_19,4dbf2551a9799e46,paper=eomt,1,0.0,train,0.108561,0,-
39edf3fbaacf1629,CLAUDE_3_7_SONNET_2025_02_19,5fd86ff59169d660,paper=eomt,1,1.0,train,0.281288,0,-
39edf3fbaacf1629,CLAUDE_3_7_SONNET_2025_02_19,1aef4f6facd814ea,paper=eomt,1,0.0,train,0.700385,1,-
39edf3fbaacf1629,CLAUDE_3_7_SONNET_2025_02_19,e8586b9f159d57cd,paper=eomt,1,1.0,train,0.28599,0,-
39edf3fbaacf1629,CLAUDE_3_7_SONNET_2025_02_19,4d37e699df1a85fb,paper=eomt,1,0.0,train,0.461852,0,-
39edf3fbaacf1629,CLAUDE_3_7_SONNET_2025_02_19,3056610d5d875975,paper=eomt,1,0.0,test,0.00107,0,match
39edf3fbaacf1629,CLAUDE_3_7_SONNET_2025_02_19,340d207d50996738,paper=eomt,1,0.0,train,0.000807,0,-
39edf3fbaacf1629,CLAUDE_3_7_SONNET_2025_02_19,d6ddcfe6ee900a29,paper=eomt,1,1.0,train,0.674565,1,-
39edf3fbaacf1629,CLAUDE_3_7_SONNET_2025_02_19,e3cdd98caa7e1647,paper=eomt,1,0.0,train,0.263596,0,-
39edf3fbaacf1629,CLAUDE_3_7_SONNET_2025_02_19,68772b2dd72d2238,paper=eomt,1,0.0,train,0.001172,0,-
39edf3fbaacf1629,CLAUDE_3_7_SONNET_2025_02_19,042e9eafe940e570,paper=eomt,1,0.0,train,0.866569,1,-
39edf3fbaacf1629,CLAUDE_3_7_SONNET_2025_02_19,3694d1de719e157b,paper=eomt,1,0.0,train,0.000788,0,-
39edf3fbaacf1629,CLAUDE_3_7_SONNET_2025_02_19,7206e293fbedb36e,paper=eomt,1,1.0,test,0.57232,1,match
39edf3fbaacf1629,CLAUDE_3_7_SONNET_2025_02_19,fe364a0b040e9dd5,paper=eomt,1,0.0,train,0.058058,0,-
39edf3fbaacf1629,CLAUDE_3_7_SONNET_2025_02_19,d28fea369713673d,paper=eomt,1,1.0,train,0.771435,1,-
39edf3fbaacf1629,CLAUDE_3_7_SONNET_2025_02_19,9074f21629aead7d,paper=eomt,1,1.0,train,0.429178,0,-
39edf3fbaacf1629,CLAUDE_3_7_SONNET_2025_02_19,1b17b86a13c2b523,paper=eomt,1,1.0,train,0.954446,1,-
a531ea372ae4b71d,GROK_3_BETA,eba46b7e2dbd4e57,paper=eomt,1,0.0,test,0.019885,0,match
a531ea372ae4b71d,GROK_3_BETA,9f6908a52dc07ea6,paper=eomt,1,0.0,train,0.000319,0,-
a531ea372ae4b71d,GROK_3_BETA,331429a54711c5b6,paper=eomt,1,1.0,train,0.963924,1,-
a531ea372ae4b71d,GROK_3_BETA,f6ac25a06b6420fa,paper=eomt,1,0.0,train,0.09773,0,-
a531ea372ae4b71d,GROK_3_BETA,ea27c8f39b1755a4,paper=eomt,1,1.0,train,0.947716,1,-
a531ea372ae4b71d,GROK_3_BETA,859c32e53164a617,paper=eomt,1,1.0,test,0.887743,1,match
a531ea372ae4b71d,GROK_3_BETA,67fa04fcf90c435d,paper=eomt,1,0.0,test,0.031718,0,match
a531ea372ae4b71d,GROK_3_BETA,343d5ac1ad7e342e,paper=eomt,1,1.0,train,0.890645,1,-
a531ea372ae4b71d,GROK_3_BETA,c9544007f03a7721,paper=eomt,1,0.0,test,0.547942,1,miss
a531ea372ae4b71d,GROK_3_BETA,3d85d9ad47595a55,paper=eomt,1,0.0,train,0.52045,1,-
a531ea372ae4b71d,GROK_3_BETA,904eb334eb4d76df,paper=eomt,1,0.0,test,0.021722,0,match
a531ea372ae4b71d,GROK_3_BETA,d3ec8ab8eeeb5b4a,paper=eomt,1,0.0,train,0.140593,0,-
a531ea372ae4b71d,GROK_3_BETA,1fcdc0bad345d18a,paper=eomt,1,1.0,test,0.367024,0,miss
a531ea372ae4b71d,GROK_3_BETA,64521900778c3c90,paper=eomt,1,1.0,train,0.861385,1,-
a531ea372ae4b71d,GROK_3_BETA,885bf6bc2b30211e,paper=eomt,1,0.0,train,0.237559,0,-
a531ea372ae4b71d,GROK_3_BETA,51d8a0d5454638b6,paper=eomt,1,1.0,train,0.830524,1,-
a531ea372ae4b71d,GROK_3_BETA,557e0e9212dc83c3,paper=eomt,1,1.0,train,0.836611,1,-
a531ea372ae4b71d,GROK_3_BETA,996ae690658f38ac,paper=eomt,1,1.0,train,0.310232,0,-
a531ea372ae4b71d,GROK_3_BETA,de3c06e5fd55727f,paper=eomt,1,1.0,test,0.333055,0,miss
a531ea372ae4b71d,GROK_3_BETA,5b8c3f7041705246,paper=eomt,1,0.0,train,0.098301,0,-
a531ea372ae4b71d,GROK_3_BETA,4dbf2551a9799e46,paper=eomt,1,0.0,train,0.042288,0,-
a531ea372ae4b71d,GROK_3_BETA,5fd86ff59169d660,paper=eomt,1,1.0,train,0.124269,0,-
a531ea372ae4b71d,GROK_3_BETA,1aef4f6facd814ea,paper=eomt,1,0.0,train,0.458745,0,-
a531ea372ae4b71d,GROK_3_BETA,e8586b9f159d57cd,paper=eomt,1,0.0,train,0.126809,0,-
a531ea372ae4b71d,GROK_3_BETA,4d37e699df1a85fb,paper=eomt,1,0.0,train,0.237322,0,-
a531ea372ae4b71d,GROK_3_BETA,3056610d5d875975,paper=eomt,1,0.0,train,0.000388,0,-
a531ea372ae4b71d,GROK_3_BETA,340d207d50996738,paper=eomt,1,0.0,train,0.000293,0,-
a531ea372ae4b71d,GROK_3_BETA,d6ddcfe6ee900a29,paper=eomt,1,1.0,train,0.429076,0,-
a531ea372ae4b71d,GROK_3_BETA,e3cdd98caa7e1647,paper=eomt,1,0.0,train,0.114875,0,-
a531ea372ae4b71d,GROK_3_BETA,68772b2dd72d2238,paper=eomt,1,0.0,train,0.000425,0,-
a531ea372ae4b71d,GROK_3_BETA,042e9eafe940e570,paper=eomt,1,1.0,train,0.701914,1,-
a531ea372ae4b71d,GROK_3_BETA,3694d1de719e157b,paper=eomt,1,0.0,test,0.000286,0,match
a531ea372ae4b71d,GROK_3_BETA,7206e293fbedb36e,paper=eomt,1,0.0,train,0.326687,0,-
a531ea372ae4b71d,GROK_3_BETA,fe364a0b040e9dd5,paper=eomt,1,0.0,train,0.021859,0,-
a531ea372ae4b71d,GROK_3_BETA,d28fea369713673d,paper=eomt,1,1.0,train,0.550305,1,-
a531ea372ae4b71d,GROK_3_BETA,9074f21629aead7d,paper=eomt,1,0.0,train,0.21421,0,-
a531ea372ae4b71d,GROK_3_BETA,1b17b86a13c2b523,paper=eomt,1,1.0,train,0.883675,1,-
ac78f79a36a11b0e,GEMINI_2_5_PRO_PREVIEW_03_25,eba46b7e2dbd4e57,paper=eomt,1,1.0,train,0.14406,0,-
ac78f79a36a11b0e,GEMINI_2_5_PRO_PREVIEW_03_25,9f6908a52dc07ea6,paper=eomt,1,0.0,train,0.002638,0,-
ac78f79a36a11b0e,GEMINI_2_5_PRO_PREVIEW_03_25,331429a54711c5b6,paper=eomt,1,1.0,train,0.995509,1,-
ac78f79a36a11b0e,GEMINI_2_5_PRO_PREVIEW_03_25,f6ac25a06b6420fa,paper=eomt,1,0.0,train,0.473284,0,-
ac78f79a36a11b0e,GEMINI_2_5_PRO_PREVIEW_03_25,ea27c8f39b1755a4,paper=eomt,1,1.0,train,0.993394,1,-
ac78f79a36a11b0e,GEMINI_2_5_PRO_PREVIEW_03_25,859c32e53164a617,paper=eomt,1,1.0,train,0.984986,1,-
ac78f79a36a11b0e,GEMINI_2_5_PRO_PREVIEW_03_25,67fa04fcf90c435d,paper=eomt,1,0.0,test,0.213675,0,match
ac78f79a36a11b0e,GEMINI_2_5_PRO_PREVIEW_03_25,343d5ac1ad7e342e,paper=eomt,1,1.0,train,0.985415,1,-
ac78f79a36a11b0e,GEMINI_2_5_PRO_PREVIEW_03_25,c9544007f03a7721,paper=eomt,1,1.0,train,0.909545,1,-
ac78f79a36a11b0e,GEMINI_2_5_PRO_PREVIEW_03_25,3d85d9ad47595a55,paper=eomt,1,1.0,train,0.900032,1,-
ac78f79a36a11b0e,GEMINI_2_5_PRO_PREVIEW_03_25,904eb334eb4d76df,paper=eomt,1,0.0,train,0.155546,0,-
ac78f79a36a11b0e,GEMINI_2_5_PRO_PREVIEW_03_25,d3ec8ab8eeeb5b4a,paper=eomt,1,0.0,train,0.575752,1,-
ac78f79a36a11b0e,GEMINI_2_5_PRO_PREVIEW_03_25,1fcdc0bad345d18a,paper=eomt,1,1.0,train,0.827888,1,-
ac78f79a36a11b0e,GEMINI_2_5_PRO_PREVIEW_03_25,64521900778c3c90,paper=eomt,1,1.0,train,0.980971,1,-
ac78f79a36a11b0e,GEMINI_2_5_PRO_PREVIEW_03_25,885bf6bc2b30211e,paper=eomt,1,1.0,train,0.72104,1,-
ac78f79a36a11b0e,GEMINI_2_5_PRO_PREVIEW_03_25,51d8a0d5454638b6,paper=eomt,1,1.0,train,0.975992,1,-
ac78f79a36a11b0e,GEMINI_2_5_PRO_PREVIEW_03_25,557e0e9212dc83c3,paper=eomt,1,1.0,test,0.976999,1,match
ac78f79a36a11b0e,GEMINI_2_5_PRO_PREVIEW_03_25,996ae690658f38ac,paper=eomt,1,1.0,train,0.788632,1,-
ac78f79a36a11b0e,GEMINI_2_5_PRO_PREVIEW_03_25,de3c06e5fd55727f,paper=eomt,1,1.0,train,0.805548,1,-
ac78f79a36a11b0e,GEMINI_2_5_PRO_PREVIEW_03_25,5b8c3f7041705246,paper=eomt,1,0.0,train,0.474894,0,-
ac78f79a36a11b0e,GEMINI_2_5_PRO_PREVIEW_03_25,4dbf2551a9799e46,paper=eomt,1,0.0,train,0.268093,0,-
ac78f79a36a11b0e,GEMINI_2_5_PRO_PREVIEW_03_25,5fd86ff59169d660,paper=eomt,1,0.0,train,0.54069,1,-
ac78f79a36a11b0e,GEMINI_2_5_PRO_PREVIEW_03_25,1aef4f6facd814ea,paper=eomt,1,1.0,train,0.875484,1,-
ac78f79a36a11b0e,GEMINI_2_5_PRO_PREVIEW_03_25,e8586b9f159d57cd,paper=eomt,1,0.0,train,0.546432,1,-
ac78f79a36a11b0e,GEMINI_2_5_PRO_PREVIEW_03_25,4d37e699df1a85fb,paper=eomt,1,1.0,train,0.720776,1,-
ac78f79a36a11b0e,GEMINI_2_5_PRO_PREVIEW_03_25,3056610d5d875975,paper=eomt,1,0.0,train,0.003211,0,-
ac78f79a36a11b0e,GEMINI_2_5_PRO_PREVIEW_03_25,340d207d50996738,paper=eomt,1,0.0,train,0.002424,0,-
ac78f79a36a11b0e,GEMINI_2_5_PRO_PREVIEW_03_25,d6ddcfe6ee900a29,paper=eomt,1,1.0,train,0.861775,1,-
ac78f79a36a11b0e,GEMINI_2_5_PRO_PREVIEW_03_25,e3cdd98caa7e1647,paper=eomt,1,1.0,train,0.518453,1,-
ac78f79a36a11b0e,GEMINI_2_5_PRO_PREVIEW_03_25,68772b2dd72d2238,paper=eomt,1,0.0,test,0.003516,0,match
ac78f79a36a11b0e,GEMINI_2_5_PRO_PREVIEW_03_25,042e9eafe940e570,paper=eomt,1,1.0,train,0.951301,1,-
ac78f79a36a11b0e,GEMINI_2_5_PRO_PREVIEW_03_25,3694d1de719e157b,paper=eomt,1,0.0,train,0.002367,0,-
ac78f79a36a11b0e,GEMINI_2_5_PRO_PREVIEW_03_25,7206e293fbedb36e,paper=eomt,1,1.0,train,0.800995,1,-
ac78f79a36a11b0e,GEMINI_2_5_PRO_PREVIEW_03_25,fe364a0b040e9dd5,paper=eomt,1,1.0,train,0.156395,0,-
ac78f79a36a11b0e,GEMINI_2_5_PRO_PREVIEW_03_25,d28fea369713673d,paper=eomt,1,0.0,train,0.910327,1,-
ac78f79a36a11b0e,GEMINI_2_5_PRO_PREVIEW_03_25,9074f21629aead7d,paper=eomt,1,1.0,train,0.693387,1,-
ac78f79a36a11b0e,GEMINI_2_5_PRO_PREVIEW_03_25,1b17b86a13c2b523,paper=eomt,1,1.0,train,0.98438,1,-
b97dccb68ad1d70a,OPENROUTER_DEEPSEEK_CHAT_V3_0324,eba46b7e2dbd4e57,paper=eomt,1,0.0,train,0.022124,0,-
b97dccb68ad1d70a,OPENROUTER_DEEPSEEK_CHAT_V3_0324,9f6908a52dc07ea6,paper=eomt,1,0.0,train,0.000355,0,-
b97dccb68ad1d70a,OPENROUTER_DEEPSEEK_CHAT_V3_0324,331429a54711c5b6,paper=eomt,1,1.0,train,0.967528,1,-
b97dccb68ad1d70a,OPENROUTER_DEEPSEEK_CHAT_V3_0324,f6ac25a06b6420fa,paper=eomt,1,0.0,train,0.107771,0,-
b97dccb68ad1d70a,OPENROUTER_DEEPSEEK_CHAT_V3_0324,ea27c8f39b1755a4,paper=eomt,1,1.0,train,0.95286,1,-
b97dccb68ad1d70a,OPENROUTER_DEEPSEEK_CHAT_V3_0324,859c32e53164a617,paper=eomt,1,1.0,test,0.898153,1,match
b97dccb68ad1d70a,OPENROUTER_DEEPSEEK_CHAT_V3_0324,67fa04fcf90c435d,paper=eomt,1,0.0,train,0.035241,0,-
b97dccb68ad1d70a,OPENROUTER_DEEPSEEK_CHAT_V3_0324,343d5ac1ad7e342e,paper=eomt,1,1.0,train,0.900816,1,-
b97dccb68ad1d70a,OPENROUTER_DEEPSEEK_CHAT_V3_0324,c9544007f03a7721,paper=eomt,1,1.0,train,0.57477,1,-
b97dccb68ad1d70a,OPENROUTER_DEEPSEEK_CHAT_V3_0324,3d85d9ad47595a55,paper=eomt,1,0.0,train,0.547563,1,-
b97dccb68ad1d70a,OPENROUTER_DEEPSEEK_CHAT_V3_0324,904eb334eb4d76df,paper=eomt,1,1.0,train,0.024162,0,-
b97dccb68ad1d70a,OPENROUTER_DEEPSEEK_CHAT_V3_0324,d3ec8ab8eeeb5b4a,paper=eomt,1,0.0,train,0.154284,0,-
b97dccb68ad1d70a,OPENROUTER_DEEPSEEK_CHAT_V3_0324,1fcdc0bad345d18a,paper=eomt,1,1.0,train,0.392689,0,-
b97dccb68ad1d70a,OPENROUTER_DEEPSEEK_CHAT_V3_0324,64521900778c3c90,paper=eomt,1,1.0,train,0.873892,1,-
b97dccb68ad1d70a,OPENROUTER_DEEPSEEK_CHAT_V3_0324,885bf6bc2b30211e,paper=eomt,1,0.0,train,0.257859,0,-
b97dccb68ad1d70a,OPENROUTER_DEEPSEEK_CHAT_V3_0324,51d8a0d5454638b6,paper=eomt,1,0.0,train,0.845317,1,-
b97dccb68ad1d70a,OPENROUTER_DEEPSEEK_CHAT_V3_0324,557e0e9212dc83c3,paper=eomt,1,1.0,test,0.850967,1,match
b97dccb68ad1d70a,OPENROUTER_DEEPSEEK_CHAT_V3_0324,996ae690658f38ac,paper=eomt,1,1.0,train,0.334022,0,-
b97dccb68ad1d70a,OPENROUTER_DEEPSEEK_CHAT_V3_0324,de3c06e5fd55727f,paper=eomt,1,0.0,train,0.357687,0,-
b97dccb68ad1d70a,OPENROUTER_DEEPSEEK_CHAT_V3_0324,5b8c3f7041705246,paper=eomt,1,0.0,test,0.108393,0,match
b97dccb68ad1d70a,OPENROUTER_DEEPSEEK_CHAT_V3_0324,4dbf2551a9799e46,paper=eomt,1,0.0,train,0.046928,0,-
b97dccb68ad1d70a,OPENROUTER_DEEPSEEK_CHAT_V3_0324,5fd86ff59169d660,paper=eomt,1,0.0,train,0.136623,0,-
b97dccb68ad1d70a,OPENROUTER_DEEPSEEK_CHAT_V3_0324,1aef4f6facd814ea,paper=eomt,1,1.0,train,0.485901,0,-
b97dccb68ad1d70a,OPENROUTER_DEEPSEEK_CHAT_V3_0324,e8586b9f159d57cd,paper=eomt,1,0.0,test,0.139376,0,match
b97dccb68ad1d70a,OPENROUTER_DEEPSEEK_CHAT_V3_0324,4d37e699df1a85fb,paper=eomt,1,1.0,train,0.257608,0,-
b97dccb68ad1d70a,OPENROUTER_DEEPSEEK_CHAT_V3_0324,3056610d5d875975,paper=eomt,1,0.0,train,0.000433,0,-
b97dccb68ad1d70a,OPENROUTER_DEEPSEEK_CHAT_V3_0324,340d207d50996738,paper=eomt,1,0.0,test,0.000326,0,match
b97dccb68ad1d70a,OPENROUTER_DEEPSEEK_CHAT_V3_0324,d6ddcfe6ee900a29,paper=eomt,1,0.0,train,0.455955,0,-
b97dccb68ad1d70a,OPENROUTER_DEEPSEEK_CHAT_V3_0324,e3cdd98caa7e1647,paper=eomt,1,0.0,test,0.126429,0,match
b97dccb68ad1d70a,OPENROUTER_DEEPSEEK_CHAT_V3_0324,68772b2dd72d2238,paper=eomt,1,0.0,train,0.000474,0,-
b97dccb68ad1d70a,OPENROUTER_DEEPSEEK_CHAT_V3_0324,042e9eafe940e570,paper=eomt,1,1.0,test,0.724204,1,match
b97dccb68ad1d70a,OPENROUTER_DEEPSEEK_CHAT_V3_0324,3694d1de719e157b,paper=eomt,1,0.0,train,0.000319,0,-
b97dccb68ad1d70a,OPENROUTER_DEEPSEEK_CHAT_V3_0324,7206e293fbedb36e,paper=eomt,1,1.0,train,0.351096,0,-
b97dccb68ad1d70a,OPENROUTER_DEEPSEEK_CHAT_V3_0324,fe364a0b040e9dd5,paper=eomt,1,0.0,train,0.024315,0,-
b97dccb68ad1d70a,OPENROUTER_DEEPSEEK_CHAT_V3_0324,d28fea369713673d,paper=eomt,1,0.0,train,0.577101,1,-
b97dccb68ad1d70a,OPENROUTER_DEEPSEEK_CHAT_V3_0324,9074f21629aead7d,paper=eomt,1,1.0,test,0.233125,0,miss
b97dccb68ad1d70a,OPENROUTER_DEEPSEEK_CHAT_V3_0324,1b17b86a13c2b523,paper=eomt,1,1.0,train,0.894418,1,-
09f4a41bb2e2d341,QWEN_2_5_CODER_32B_INSTRUCT,eba46b7e2dbd4e57,paper=eomt,1,0.0,test,0.00426,0,match
09f4a41bb2e2d341,QWEN_2_5_CODER_32B_INSTRUCT,9f6908a52dc07ea6,paper=eomt,1,0.0,train,6.7e-05,0,-
09f4a41bb2e2d341,QWEN_2_5_CODER_32B_INSTRUCT,331429a54711c5b6,paper=eomt,1,1.0,train,0.849275,1,-
09f4a41bb2e2d341,QWEN_2_5_CODER_32B_INSTRUCT,f6ac25a06b6420fa,paper=eomt,1,0.0,test,0.022332,0,match
09f4a41bb2e2d341,QWEN_2_5_CODER_32B_INSTRUCT,ea27c8f39b1755a4,paper=eomt,1,1.0,test,0.792639,1,match
09f4a41bb2e2d341,QWEN_2_5_CODER_32B_INSTRUCT,859c32e53164a617,paper=eomt,1,1.0,train,0.62514,1,-
09f4a41bb2e2d341,QWEN_2_5_CODER_32B_INSTRUCT,67fa04fcf90c435d,paper=eomt,1,0.0,train,0.00686,0,-
09f4a41bb2e2d341,QWEN_2_5_CODER_32B_INSTRUCT,343d5ac1ad7e342e,paper=eomt,1,1.0,train,0.632016,1,-
09f4a41bb2e2d341,QWEN_2_5_CODER_32B_INSTRUCT,c9544007f03a7721,paper=eomt,1,0.0,train,0.203573,0,-
09f4a41bb2e2d341,QWEN_2_5_CODER_32B_INSTRUCT,3d85d9ad47595a55,paper=eomt,1,0.0,train,0.186241,0,-
09f4a41bb2e2d341,QWEN_2_5_CODER_32B_INSTRUCT,904eb334eb4d76df,paper=eomt,1,0.0,train,0.004661,0,-
09f4a41bb2e2d341,QWEN_2_5_CODER_32B_INSTRUCT,d3ec8ab8eeeb5b4a,paper=eomt,1,1.0,train,0.033348,0,-
09f4a41bb2e2d341,QWEN_2_5_CODER_32B_INSTRUCT,1fcdc0bad345d18a,paper=eomt,1,0.0,train,0.108954,0,-
09f4a41bb2e2d341,QWEN_2_5_CODER_32B_INSTRUCT,64521900778c3c90,paper=eomt,1,1.0,test,0.567184,1,match
09f4a41bb2e2d341,QWEN_2_5_CODER_32B_INSTRUCT,885bf6bc2b30211e,paper=eomt,1,0.0,train,0.061654,0,-
09f4a41bb2e2d341,QWEN_2_5_CODER_32B_INSTRUCT,51d8a0d5454638b6,paper=eomt,1,0.0,train,0.50822,1,-
09f4a41bb2e2d341,QWEN_2_5_CODER_32B_INSTRUCT,557e0e9212dc83c3,paper=eomt,1,1.0,train,0.51918,1,-
09f4a41bb2e2d341,QWEN_2_5_CODER_32B_INSTRUCT,996ae690658f38ac,paper=eomt,1,0.0,test,0.08663,0,match
09f4a41bb2e2d341,QWEN_2_5_CODER_32B_INSTRUCT,de3c06e5fd55727f,paper=eomt,1,0.0,train,0.095275,0,-
09f4a41bb2e2d341,QWEN_2_5_CODER_32B_INSTRUCT,5b8c3f7041705246,paper=eomt,1,0.0,test,0.022473,0,match
09f4a41bb2e2d341,QWEN_2_5_CODER_32B_INSTRUCT,4dbf2551a9799e46,paper=eomt,1,0.0,train,0.009225,0,-
09f4a41bb2e2d341,QWEN_2_5_CODER_32B_INSTRUCT,5fd86ff59169d660,paper=eomt,1,0.0,test,0.029055,0,match
09f4a41bb2e2d341,QWEN_2_5_CODER_32B_INSTRUCT,1aef4f6facd814ea,paper=eomt,1,0.0,test,0.151631,0,match
09f4a41bb2e2d341,QWEN_2_5_CODER_32B_INSTRUCT,e8586b9f159d57cd,paper=eomt,1,0.0,train,0.029715,0,-
09f4a41bb2e2d341,QWEN_2_5_CODER_32B_INSTRUCT,4d37e699df1a85fb,paper=eomt,1,0.0,train,0.061578,0,-
09f4a41bb2e2d341,QWEN_2_5_CODER_32B_INSTRUCT,3056610d5d875975,paper=eomt,1,0.0,test,8.2e-05,0,match
09f4a41bb2e2d341,QWEN_2_5_CODER_32B_INSTRUCT,340d207d50996738,paper=eomt,1,0.0,train,6.2e-05,0,-
09f4a41bb2e2d341,QWEN_2_5_CODER_32B_INSTRUCT,d6ddcfe6ee900a29,paper=eomt,1,0.0,train,0.136804,0,-
09f4a41bb2e2d341,QWEN_2_5_CODER_32B_INSTRUCT,e3cdd98caa7e1647,paper=eomt,1,0.0,train,0.02664,0,-
09f4a41bb2e2d341,QWEN_2_5_CODER_32B_INSTRUCT,68772b2dd72d2238,paper=eomt,1,0.0,test,9e-05,0,match
09f4a41bb2e2d341,QWEN_2_5_CODER_32B_INSTRUCT,042e9eafe940e570,paper=eomt,1,1.0,train,0.331804,0,-
09f4a41bb2e2d341,QWEN_2_5_CODER_32B_INSTRUCT,3694d1de719e157b,paper=eomt,1,0.0,test,6e-05,0,match
09f4a41bb2e2d341,QWEN_2_5_CODER_32B_INSTRUCT,7206e293fbedb36e,paper=eomt,1,0.0,train,0.09282,0,-
09f4a41bb2e2d341,QWEN_2_5_CODER_32B_INSTRUCT,fe364a0b040e9dd5,paper=eomt,1,0.0,test,0.004691,0,match
09f4a41bb2e2d341,QWEN_2_5_CODER_32B_INSTRUCT,d28fea369713673d,paper=eomt,1,0.0,train,0.205125,0,-
09f4a41bb2e2d341,QWEN_2_5_CODER_32B_INSTRUCT,9074f21629aead7d,paper=eomt,1,0.0,test,0.054362,0,match
09f4a41bb2e2d341,QWEN_2_5_CODER_32B_INSTRUCT,1b17b86a13c2b523,paper=eomt,1,0.0,train,0.615676,1,-
c117f9213dc5d8c9,LLAMA_3_3_70B_INSTRUCT,eba46b7e2dbd4e57,paper=eomt,1,0.0,train,0.000719,0,-
c117f9213dc5d8c9,LLAMA_3_3_70B_INSTRUCT,9f6908a52dc07ea6,paper=eomt,1,0.0,train,1.1e-05,0,-
c117f9213dc5d8c9,LLAMA_3_3_70B_INSTRUCT,331429a54711c5b6,paper=eomt,1,0.0,test,0.486626,0,match
c117f9213dc5d8c9,LLAMA_3_3_70B_INSTRUCT,f6ac25a06b6420fa,paper=eomt,1,0.0,train,0.003828,0,-
c117f9213dc5d8c9,LLAMA_3_3_70B_INSTRUCT,ea27c8f39b1755a4,paper=eomt,1,0.0,train,0.391376,0,-
c117f9213dc5d8c9,LLAMA_3_3_70B_INSTRUCT,859c32e53164a617,paper=eomt,1,0.0,train,0.219084,0,-
c117f9213dc5d8c9,LLAMA_3_3_70B_INSTRUCT,67fa04fcf90c435d,paper=eomt,1,0.0,test,0.001161,0,match
c117f9213dc5d8c9,LLAMA_3_3_70B_INSTRUCT,343d5ac1ad7e342e,paper=eomt,1,0.0,train,0.224165,0,-
c117f9213dc5d8c9,LLAMA_3_3_70B_INSTRUCT,c9544007f03a7721,paper=eomt,1,0.0,train,0.041228,0,-
c117f9213dc5d8c9,LLAMA_3_3_70B_INSTRUCT,3d85d9ad47595a55,paper=eomt,1,0.0,test,0.037074,0,match
c117f9213dc5d8c9,LLAMA_3_3_70B_INSTRUCT,904eb334eb4d76df,paper=eomt,1,0.0,train,0.000787,0,-
c117f9213dc5d8c9,LLAMA_3_3_70B_INSTRUCT,d3ec8ab8eeeb5b4a,paper=eomt,1,0.0,train,0.00577,0,-
c117f9213dc5d8c9,LLAMA_3_3_70B_INSTRUCT,1fcdc0bad345d18a,paper=eomt,1,0.0,test,0.020156,0,match
c117f9213dc5d8c9,LLAMA_3_3_70B_INSTRUCT,64521900778c3c90,paper=eomt,1,0.0,train,0.180633,0,-
c117f9213dc5d8c9,LLAMA_3_3_70B_INSTRUCT,885bf6bc2b30211e,paper=eomt,1,0.0,train,0.010933,0,-
c117f9213dc5d8c9,LLAMA_3_3_70B_INSTRUCT,51d8a0d5454638b6,paper=eomt,1,0.0,train,0.148103,0,-
c117f9213dc5d8c9,LLAMA_3_3_70B_INSTRUCT,557e0e9212dc83c3,paper=eomt,1,0.0,train,0.153725,0,-
c117f9213dc5d8c9,LLAMA_3_3_70B_INSTRUCT,996ae690658f38ac,paper=eomt,1,0.0,train,0.015705,0,-
c117f9213dc5d8c9,LLAMA_3_3_70B_INSTRUCT,de3c06e5fd55727f,paper=eomt,1,0.0,train,0.017407,0,-
c117f9213dc5d8c9,LLAMA_3_3_70B_INSTRUCT,5b8c3f7041705246,paper=eomt,1,0.0,train,0.003853,0,-
c117f9213dc5d8c9,LLAMA_3_3_70B_INSTRUCT,4dbf2551a9799e46,paper=eomt,1,0.0,train,0.001564,0,-
c117f9213dc5d8c9,LLAMA_3_3_70B_INSTRUCT,5fd86ff59169d660,paper=eomt,1,0.0,train,0.005009,0,-
c117f9213dc5d8c9,LLAMA_3_3_70B_INSTRUCT,1aef4f6facd814ea,paper=eomt,1,0.0,train,0.02919,0,-
c117f9213dc5d8c9,LLAMA_3_3_70B_INSTRUCT,e8586b9f159d57cd,paper=eomt,1,0.0,train,0.005126,0,-
c117f9213dc5d8c9,LLAMA_3_3_70B_INSTRUCT,4d37e699df1a85fb,paper=eomt,1,0.0,train,0.010918,0,-
c117f9213dc5d8c9,LLAMA_3_3_70B_INSTRUCT,3056610d5d875975,paper=eomt,1,0.0,train,1.4e-05,0,-
c117f9213dc5d8c9,LLAMA_3_3_70B_INSTRUCT,340d207d50996738,paper=eomt,1,0.0,test,1e-05,0,match
c117f9213dc5d8c9,LLAMA_3_3_70B_INSTRUCT,d6ddcfe6ee900a29,paper=eomt,1,0.0,train,0.025969,0,-
c117f9213dc5d8c9,LLAMA_3_3_70B_INSTRUCT,e3cdd98caa7e1647,paper=eomt,1,0.0,train,0.004583,0,-
c117f9213dc5d8c9,LLAMA_3_3_70B_INSTRUCT,68772b2dd72d2238,paper=eomt,1,0.0,train,1.5e-05,0,-
c117f9213dc5d8c9,LLAMA_3_3_70B_INSTRUCT,042e9eafe940e570,paper=eomt,1,0.0,train,0.077096,0,-
c117f9213dc5d8c9,LLAMA_3_3_70B_INSTRUCT,3694d1de719e157b,paper=eomt,1,0.0,train,1e-05,0,-
c117f9213dc5d8c9,LLAMA_3_3_70B_INSTRUCT,7206e293fbedb36e,paper=eomt,1,0.0,test,0.016921,0,match
c117f9213dc5d8c9,LLAMA_3_3_70B_INSTRUCT,fe364a0b040e9dd5,paper=eomt,1,0.0,train,0.000792,0,-
c117f9213dc5d8c9,LLAMA_3_3_70B_INSTRUCT,d28fea369713673d,paper=eomt,1,1.0,test,0.041607,0,miss
c117f9213dc5d8c9,LLAMA_3_3_70B_INSTRUCT,9074f21629aead7d,paper=eomt,1,0.0,train,0.009578,0,-
c117f9213dc5d8c9,LLAMA_3_3_70B_INSTRUCT,1b17b86a13c2b523,paper=eomt,1,0.0,train,0.212286,0,-
b2436ce8ede11e03,OPENROUTER_O4_MINI_HIGH,eba46b7e2dbd4e57,paper=eomt,1,0.0,train,0.103999,0,-
b2436ce8ede11e03,OPENROUTER_O4_MINI_HIGH,9f6908a52dc07ea6,paper=eomt,1,0.0,train,0.001821,0,-
b2436ce8ede11e03,OPENROUTER_O4_MINI_HIGH,331429a54711c5b6,paper=eomt,1,1.0,train,0.993501,1,-
b2436ce8ede11e03,OPENROUTER_O4_MINI_HIGH,f6ac25a06b6420fa,paper=eomt,1,0.0,train,0.382594,0,-
b2436ce8ede11e03,OPENROUTER_O4_MINI_HIGH,ea27c8f39b1755a4,paper=eomt,1,1.0,train,0.990449,1,-
b2436ce8ede11e03,OPENROUTER_O4_MINI_HIGH,859c32e53164a617,paper=eomt,1,1.0,train,0.978375,1,-
b2436ce8ede11e03,OPENROUTER_O4_MINI_HIGH,67fa04fcf90c435d,paper=eomt,1,0.0,train,0.157825,0,-
b2436ce8ede11e03,OPENROUTER_O4_MINI_HIGH,343d5ac1ad7e342e,paper=eomt,1,1.0,train,0.978989,1,-
b2436ce8ede11e03,OPENROUTER_O4_MINI_HIGH,c9544007f03a7721,paper=eomt,1,1.0,train,0.873968,1,-
b2436ce8ede11e03,OPENROUTER_O4_MINI_HIGH,3d85d9ad47595a55,paper=eomt,1,1.0,train,0.861284,1,-
b2436ce8ede11e03,OPENROUTER_O4_MINI_HIGH,904eb334eb4d76df,paper=eomt,1,0.0,train,0.112712,0,-
b2436ce8ede11e03,OPENROUTER_O4_MINI_HIGH,d3ec8ab8eeeb5b4a,paper=eomt,1,1.0,test,0.48345,0,miss
b2436ce8ede11e03,OPENROUTER_O4_MINI_HIGH,1fcdc0bad345d18a,paper=eomt,1,1.0,train,0.768372,1,-
b2436ce8ede11e03,OPENROUTER_O4_MINI_HIGH,64521900778c3c90,paper=eomt,1,1.0,train,0.972641,1,-
b2436ce8ede11e03,OPENROUTER_O4_MINI_HIGH,885bf6bc2b30211e,paper=eomt,1,1.0,train,0.640616,1,-
b2436ce8ede11e03,OPENROUTER_O4_MINI_HIGH,51d8a0d5454638b6,paper=eomt,1,1.0,train,0.96556,1,-
b2436ce8ede11e03,OPENROUTER_O4_MINI_HIGH,557e0e9212dc83c3,paper=eomt,1,0.0,train,0.96699,1,-
b2436ce8ede11e03,OPENROUTER_O4_MINI_HIGH,996ae690658f38ac,paper=eomt,1,1.0,train,0.720132,1,-
b2436ce8ede11e03,OPENROUTER_O4_MINI_HIGH,de3c06e5fd55727f,paper=eomt,1,0.0,train,0.740727,1,-
b2436ce8ede11e03,OPENROUTER_O4_MINI_HIGH,5b8c3f7041705246,paper=eomt,1,0.0,train,0.38412,0,-
b2436ce8ede11e03,OPENROUTER_O4_MINI_HIGH,4dbf2551a9799e46,paper=eomt,1,1.0,train,0.201668,0,-
b2436ce8ede11e03,OPENROUTER_O4_MINI_HIGH,5fd86ff59169d660,paper=eomt,1,0.0,train,0.448072,0,-
b2436ce8ede11e03,OPENROUTER_O4_MINI_HIGH,1aef4f6facd814ea,paper=eomt,1,1.0,train,0.829028,1,-
b2436ce8ede11e03,OPENROUTER_O4_MINI_HIGH,e8586b9f159d57cd,paper=eomt,1,0.0,train,0.453802,0,-
b2436ce8ede11e03,OPENROUTER_O4_MINI_HIGH,4d37e699df1a85fb,paper=eomt,1,1.0,train,0.640314,1,-
b2436ce8ede11e03,OPENROUTER_O4_MINI_HIGH,3056610d5d875975,paper=eomt,1,0.0,train,0.002217,0,-
b2436ce8ede11e03,OPENROUTER_O4_MINI_HIGH,340d207d50996738,paper=eomt,1,0.0,test,0.001673,0,match
b2436ce8ede11e03,OPENROUTER_O4_MINI_HIGH,d6ddcfe6ee900a29,paper=eomt,1,1.0,train,0.811307,1,-
b2436ce8ede11e03,OPENROUTER_O4_MINI_HIGH,e3cdd98caa7e1647,paper=eomt,1,0.0,train,0.42611,0,-
b2436ce8ede11e03,OPENROUTER_O4_MINI_HIGH,68772b2dd72d2238,paper=eomt,1,0.0,train,0.002428,0,-
b2436ce8ede11e03,OPENROUTER_O4_MINI_HIGH,042e9eafe940e570,paper=eomt,1,1.0,train,0.930899,1,-
b2436ce8ede11e03,OPENROUTER_O4_MINI_HIGH,3694d1de719e157b,paper=eomt,1,0.0,test,0.001634,0,match
b2436ce8ede11e03,OPENROUTER_O4_MINI_HIGH,7206e293fbedb36e,paper=eomt,1,1.0,train,0.735156,1,-
b2436ce8ede11e03,OPENROUTER_O4_MINI_HIGH,fe364a0b040e9dd5,paper=eomt,1,0.0,train,0.113358,0,-
b2436ce8ede11e03,OPENROUTER_O4_MINI_HIGH,d28fea369713673d,paper=eomt,1,0.0,train,0.875015,1,-
b2436ce8ede11e03,OPENROUTER_O4_MINI_HIGH,9074f21629aead7d,paper=eomt,1,0.0,test,0.60931,1,miss
b2436ce8ede11e03,OPENROUTER_O4_MINI_HIGH,1b17b86a13c2b523,paper=eomt,1,1.0,train,0.977508,1,-
2bfd4cd36591d7f5,GROK_3_MINI_BETA_HIGH,eba46b7e2dbd4e57,paper=eomt,1,0.0,test,0.002303,0,match
2bfd4cd36591d7f5,GROK_3_MINI_BETA_HIGH,9f6908a52dc07ea6,paper=eomt,1,0.0,train,3.6e-05,0,-
2bfd4cd36591d7f5,GROK_3_MINI_BETA_HIGH,331429a54711c5b6,paper=eomt,1,1.0,train,0.752439,1,-
2bfd4cd36591d7f5,GROK_3_MINI_BETA_HIGH,f6ac25a06b6420fa,paper=eomt,1,1.0,train,0.012171,0,-
2bfd4cd36591d7f5,GROK_3_MINI_BETA_HIGH,ea27c8f39b1755a4,paper=eomt,1,1.0,train,0.673408,1,-
2bfd4cd36591d7f5,GROK_3_MINI_BETA_HIGH,859c32e53164a617,paper=eomt,1,0.0,train,0.473564,0,-
2bfd4cd36591d7f5,GROK_3_MINI_BETA_HIGH,67fa04fcf90c435d,paper=eomt,1,0.0,train,0.003712,0,-
2bfd4cd36591d7f5,GROK_3_MINI_BETA_HIGH,343d5ac1ad7e342e,paper=eomt,1,1.0,train,0.480912,0,-
2bfd4cd36591d7f5,GROK_3_MINI_BETA_HIGH,c9544007f03a7721,paper=eomt,1,1.0,train,0.121172,0,-
2bfd4cd36591d7f5,GROK_3_MINI_BETA_HIGH,3d85d9ad47595a55,paper=eomt,1,0.0,train,0.109888,0,-
2bfd4cd36591d7f5,GROK_3_MINI_BETA_HIGH,904eb334eb4d76df,paper=eomt,1,0.0,train,0.002519,0,-
2bfd4cd36591d7f5,GROK_3_MINI_BETA_HIGH,d3ec8ab8eeeb5b4a,paper=eomt,1,1.0,test,0.018269,0,miss
2bfd4cd36591d7f5,GROK_3_MINI_BETA_HIGH,1fcdc0bad345d18a,paper=eomt,1,0.0,train,0.061877,0,-
2bfd4cd36591d7f5,GROK_3_MINI_BETA_HIGH,64521900778c3c90,paper=eomt,1,1.0,train,0.414136,0,-
2bfd4cd36591d7f5,GROK_3_MINI_BETA_HIGH,885bf6bc2b30211e,paper=eomt,1,0.0,train,0.034229,0,-
2bfd4cd36591d7f5,GROK_3_MINI_BETA_HIGH,51d8a0d5454638b6,paper=eomt,1,1.0,train,0.357925,0,-
2bfd4cd36591d7f5,GROK_3_MINI_BETA_HIGH,557e0e9212dc83c3,paper=eomt,1,1.0,test,0.36807,0,miss
2bfd4cd36591d7f5,GROK_3_MINI_BETA_HIGH,996ae690658f38ac,paper=eomt,1,0.0,train,0.048672,0,-
2bfd4cd36591d7f5,GROK_3_MINI_BETA_HIGH,de3c06e5fd55727f,paper=eomt,1,0.0,train,0.053752,0,-
2bfd4cd36591d7f5,GROK_3_MINI_BETA_HIGH,5b8c3f7041705246,paper=eomt,1,1.0,train,0.012249,0,-
2bfd4cd36591d7f5,GROK_3_MINI_BETA_HIGH,4dbf2551a9799e46,paper=eomt,1,0.0,train,0.004998,0,-
2bfd4cd36591d7f5,GROK_3_MINI_BETA_HIGH,5fd86ff59169d660,paper=eomt,1,0.0,train,0.015885,0,-
2bfd4cd36591d7f5,GROK_3_MINI_BETA_HIGH,1aef4f6facd814ea,paper=eomt,1,0.0,train,0.087934,0,-
2bfd4cd36591d7f5,GROK_3_MINI_BETA_HIGH,e8586b9f159d57cd,paper=eomt,1,0.0,train,0.016251,0,-
2bfd4cd36591d7f5,GROK_3_MINI_BETA_HIGH,4d37e699df1a85fb,paper=eomt,1,0.0,train,0.034186,0,-
2bfd4cd36591d7f5,GROK_3_MINI_BETA_HIGH,3056610d5d875975,paper=eomt,1,0.0,test,4.4e-05,0,match
2bfd4cd36591d7f5,GROK_3_MINI_BETA_HIGH,340d207d50996738,paper=eomt,1,0.0,test,3.3e-05,0,match
2bfd4cd36591d7f5,GROK_3_MINI_BETA_HIGH,d6ddcfe6ee900a29,paper=eomt,1,0.0,train,0.078757,0,-
2bfd4cd36591d7f5,GROK_3_MINI_BETA_HIGH,e3cdd98caa7e1647,paper=eomt,1,0.0,train,0.014548,0,-
2bfd4cd36591d7f5,GROK_3_MINI_BETA_HIGH,68772b2dd72d2238,paper=eomt,1,0.0,train,4.8e-05,0,-
2bfd4cd36591d7f5,GROK_3_MINI_BETA_HIGH,042e9eafe940e570,paper=eomt,1,0.0,train,0.211268,0,-
2bfd4cd36591d7f5,GROK_3_MINI_BETA_HIGH,3694d1de719e157b,paper=eomt,1,0.0,test,3.3e-05,0,match
2bfd4cd36591d7f5,GROK_3_MINI_BETA_HIGH,7206e293fbedb36e,paper=eomt,1,0.0,train,0.052305,0,-
2bfd4cd36591d7f5,GROK_3_MINI_BETA_HIGH,fe364a0b040e9dd5,paper=eomt,1,0.0,train,0.002536,0,-
2bfd4cd36591d7f5,GROK_3_MINI_BETA_HIGH,d28fea369713673d,paper=eomt,1,0.0,train,0.122192,0,-
2bfd4cd36591d7f5,GROK_3_MINI_BETA_HIGH,9074f21629aead7d,paper=eomt,1,0.0,train,0.030077,0,-
2bfd4cd36591d7f5,GROK_3_MINI_BETA_HIGH,1b17b86a13c2b523,paper=eomt,1,1.0,test,0.463557,0,miss
9dafe621e945d614,GROK_2_1212,eba46b7e2dbd4e57,paper=eomt,1,0.0,train,0.002508,0,-
9dafe621e945d614,GROK_2_1212,9f6908a52dc07ea6,paper=eomt,1,0.0,train,4e-05,0,-
9dafe621e945d614,GROK_2_1212,331429a54711c5b6,paper=eomt,1,0.0,train,0.768073,1,-
9dafe621e945d614,GROK_2_1212,f6ac25a06b6420fa,paper=eomt,1,0.0,train,0.013247,0,-
9dafe621e945d614,GROK_2_1212,ea27c8f39b1755a4,paper=eomt,1,1.0,train,0.691991,1,-
9dafe621e945d614,GROK_2_1212,859c32e53164a617,paper=eomt,1,0.0,train,0.49499,0,-
9dafe621e945d614,GROK_2_1212,67fa04fcf90c435d,paper=eomt,1,0.0,test,0.004044,0,match
9dafe621e945d614,GROK_2_1212,343d5ac1ad7e342e,paper=eomt,1,0.0,train,0.502354,1,-
9dafe621e945d614,GROK_2_1212,c9544007f03a7721,paper=eomt,1,0.0,train,0.130611,0,-
9dafe621e945d614,GROK_2_1212,3d85d9ad47595a55,paper=eomt,1,0.0,train,0.118566,0,-
9dafe621e945d614,GROK_2_1212,904eb334eb4d76df,paper=eomt,1,0.0,train,0.002744,0,-
9dafe621e945d614,GROK_2_1212,d3ec8ab8eeeb5b4a,paper=eomt,1,0.0,train,0.019873,0,-
9dafe621e945d614,GROK_2_1212,1fcdc0bad345d18a,paper=eomt,1,0.0,train,0.067049,0,-
9dafe621e945d614,GROK_2_1212,64521900778c3c90,paper=eomt,1,0.0,test,0.435096,0,match
9dafe621e945d614,GROK_2_1212,885bf6bc2b30211e,paper=eomt,1,1.0,train,0.037182,0,-
9dafe621e945d614,GROK_2_1212,51d8a0d5454638b6,paper=eomt,1,0.0,train,0.377874,0,-
9dafe621e945d614,GROK_2_1212,557e0e9212dc83c3,paper=eomt,1,0.0,train,0.388243,0,-
9dafe621e945d614,GROK_2_1212,996ae690658f38ac,paper=eomt,1,0.0,train,0.052802,0,-
9dafe621e945d614,GROK_2_1212,de3c06e5fd55727f,paper=eomt,1,0.0,test,0.058287,0,match
9dafe621e945d614,GROK_2_1212,5b8c3f7041705246,paper=eomt,1,0.0,train,0.013332,0,-
9dafe621e945d614,GROK_2_1212,4dbf2551a9799e46,paper=eomt,1,0.0,test,0.005443,0,match
9dafe621e945d614,GROK_2_1212,5fd86ff59169d660,paper=eomt,1,0.0,test,0.017284,0,match
9dafe621e945d614,GROK_2_1212,1aef4f6facd814ea,paper=eomt,1,0.0,test,0.095063,0,match
9dafe621e945d614,GROK_2_1212,e8586b9f159d57cd,paper=eomt,1,0.0,test,0.017681,0,match
9dafe621e945d614,GROK_2_1212,4d37e699df1a85fb,paper=eomt,1,0.0,test,0.037135,0,match
9dafe621e945d614,GROK_2_1212,3056610d5d875975,paper=eomt,1,0.0,train,4.8e-05,0,-
9dafe621e945d614,GROK_2_1212,340d207d50996738,paper=eomt,1,0.0,train,3.6e-05,0,-
9dafe621e945d614,GROK_2_1212,d6ddcfe6ee900a29,paper=eomt,1,0.0,train,0.085212,0,-
9dafe621e945d614,GROK_2_1212,e3cdd98caa7e1647,paper=eomt,1,0.0,train,0.015831,0,-
9dafe621e945d614,GROK_2_1212,68772b2dd72d2238,paper=eomt,1,0.0,train,5.3e-05,0,-
9dafe621e945d614,GROK_2_1212,042e9eafe940e570,paper=eomt,1,1.0,train,0.225919,0,-
9dafe621e945d614,GROK_2_1212,3694d1de719e157b,paper=eomt,1,0.0,train,3.5e-05,0,-
9dafe621e945d614,GROK_2_1212,7206e293fbedb36e,paper=eomt,1,0.0,train,0.056725,0,-
9dafe621e945d614,GROK_2_1212,fe364a0b040e9dd5,paper=eomt,1,0.0,train,0.002762,0,-
9dafe621e945d614,GROK_2_1212,d28fea369713673d,paper=eomt,1,1.0,test,0.131698,0,miss
9dafe621e945d614,GROK_2_1212,9074f21629aead7d,paper=eomt,1,0.0,train,0.032683,0,-
9dafe621e945d614,GROK_2_1212,1b17b86a13c2b523,paper=eomt,1,0.0,train,0.484948,0,-
8d84404dc2cabd80,OPENROUTER_CLAUDE_3_5_HAIKU,eba46b7e2dbd4e57,paper=eomt,1,0.0,train,0.016954,0,-
8d84404dc2cabd80,OPENROUTER_CLAUDE_3_5_HAIKU,9f6908a52dc07ea6,paper=eomt,1,0.0,train,0.000271,0,-
8d84404dc2cabd80,OPENROUTER_CLAUDE_3_5_HAIKU,331429a54711c5b6,paper=eomt,1,1.0,train,0.95783,1,-
8d84404dc2cabd80,OPENROUTER_CLAUDE_3_5_HAIKU,f6ac25a06b6420fa,paper=eomt,1,0.0,test,0.084313,0,match
8d84404dc2cabd80,OPENROUTER_CLAUDE_3_5_HAIKU,ea27c8f39b1755a4,paper=eomt,1,1.0,train,0.939057,1,-
8d84404dc2cabd80,OPENROUTER_CLAUDE_3_5_HAIKU,859c32e53164a617,paper=eomt,1,1.0,train,0.870508,1,-
8d84404dc2cabd80,OPENROUTER_CLAUDE_3_5_HAIKU,67fa04fcf90c435d,paper=eomt,1,0.0,train,0.027091,0,-
8d84404dc2cabd80,OPENROUTER_CLAUDE_3_5_HAIKU,343d5ac1ad7e342e,paper=eomt,1,1.0,train,0.873792,1,-
8d84404dc2cabd80,OPENROUTER_CLAUDE_3_5_HAIKU,c9544007f03a7721,paper=eomt,1,0.0,train,0.50748,1,-
8d84404dc2cabd80,OPENROUTER_CLAUDE_3_5_HAIKU,3d85d9ad47595a55,paper=eomt,1,1.0,train,0.479864,0,-
8d84404dc2cabd80,OPENROUTER_CLAUDE_3_5_HAIKU,904eb334eb4d76df,paper=eomt,1,0.0,test,0.018525,0,match
8d84404dc2cabd80,OPENROUTER_CLAUDE_3_5_HAIKU,d3ec8ab8eeeb5b4a,paper=eomt,1,0.0,train,0.122088,0,-
8d84404dc2cabd80,OPENROUTER_CLAUDE_3_5_HAIKU,1fcdc0bad345d18a,paper=eomt,1,1.0,train,0.330165,0,-
8d84404dc2cabd80,OPENROUTER_CLAUDE_3_5_HAIKU,64521900778c3c90,paper=eomt,1,1.0,train,0.840828,1,-
8d84404dc2cabd80,OPENROUTER_CLAUDE_3_5_HAIKU,885bf6bc2b30211e,paper=eomt,1,0.0,test,0.209401,0,match
8d84404dc2cabd80,OPENROUTER_CLAUDE_3_5_HAIKU,51d8a0d5454638b6,paper=eomt,1,1.0,train,0.80642,1,-
8d84404dc2cabd80,OPENROUTER_CLAUDE_3_5_HAIKU,557e0e9212dc83c3,paper=eomt,1,1.0,train,0.813178,1,-
8d84404dc2cabd80,OPENROUTER_CLAUDE_3_5_HAIKU,996ae690658f38ac,paper=eomt,1,0.0,train,0.276585,0,-
8d84404dc2cabd80,OPENROUTER_CLAUDE_3_5_HAIKU,de3c06e5fd55727f,paper=eomt,1,1.0,test,0.298001,0,miss
8d84404dc2cabd80,OPENROUTER_CLAUDE_3_5_HAIKU,5b8c3f7041705246,paper=eomt,1,0.0,test,0.084813,0,match
8d84404dc2cabd80,OPENROUTER_CLAUDE_3_5_HAIKU,4dbf2551a9799e46,paper=eomt,1,0.0,train,0.036177,0,-
8d84404dc2cabd80,OPENROUTER_CLAUDE_3_5_HAIKU,5fd86ff59169d660,paper=eomt,1,0.0,train,0.107643,0,-
8d84404dc2cabd80,OPENROUTER_CLAUDE_3_5_HAIKU,1aef4f6facd814ea,paper=eomt,1,1.0,train,0.418769,0,-
8d84404dc2cabd80,OPENROUTER_CLAUDE_3_5_HAIKU,e8586b9f159d57cd,paper=eomt,1,0.0,test,0.109886,0,match
8d84404dc2cabd80,OPENROUTER_CLAUDE_3_5_HAIKU,4d37e699df1a85fb,paper=eomt,1,0.0,train,0.209184,0,-
8d84404dc2cabd80,OPENROUTER_CLAUDE_3_5_HAIKU,3056610d5d875975,paper=eomt,1,0.0,train,0.00033,0,-
8d84404dc2cabd80,OPENROUTER_CLAUDE_3_5_HAIKU,340d207d50996738,paper=eomt,1,0.0,train,0.000249,0,-
8d84404dc2cabd80,OPENROUTER_CLAUDE_3_5_HAIKU,d6ddcfe6ee900a29,paper=eomt,1,1.0,train,0.389823,0,-
8d84404dc2cabd80,OPENROUTER_CLAUDE_3_5_HAIKU,e3cdd98caa7e1647,paper=eomt,1,0.0,train,0.099363,0,-
8d84404dc2cabd80,OPENROUTER_CLAUDE_3_5_HAIKU,68772b2dd72d2238,paper=eomt,1,0.0,train,0.000361,0,-
8d84404dc2cabd80,OPENROUTER_CLAUDE_3_5_HAIKU,042e9eafe940e570,paper=eomt,1,0.0,train,0.666855,1,-
8d84404dc2cabd80,OPENROUTER_CLAUDE_3_5_HAIKU,3694d1de719e157b,paper=eomt,1,0.0,test,0.000243,0,match
8d84404dc2cabd80,OPENROUTER_CLAUDE_3_5_HAIKU,7206e293fbedb36e,paper=eomt,1,0.0,train,0.29201,0,-
8d84404dc2cabd80,OPENROUTER_CLAUDE_3_5_HAIKU,fe364a0b040e9dd5,paper=eomt,1,0.0,train,0.018643,0,-
8d84404dc2cabd80,OPENROUTER_CLAUDE_3_5_HAIKU,d28fea369713673d,paper=eomt,1,0.0,test,0.509866,1,miss
8d84404dc2cabd80,OPENROUTER_CLAUDE_3_5_HAIKU,9074f21629aead7d,paper=eomt,1,0.0,train,0.188136,0,-
8d84404dc2cabd80,OPENROUTER_CLAUDE_3_5_HAIKU,1b17b86a13c2b523,paper=eomt,1,0.0,test,0.86591,1,miss
42d17e7b8b8e8451,OPENROUTER_LLAMA_4_MAVERICK,eba46b7e2dbd4e57,paper=eomt,1,0.0,train,0.005488,0,-
42d17e7b8b8e8451,OPENROUTER_LLAMA_4_MAVERICK,9f6908a52dc07ea6,paper=eomt,1,0.0,train,8.7e-05,0,-
42d17e7b8b8e8451,OPENROUTER_LLAMA_4_MAVERICK,331429a54711c5b6,paper=eomt,1,1.0,train,0.879054,1,-
42d17e7b8b8e8451,OPENROUTER_LLAMA_4_MAVERICK,f6ac25a06b6420fa,paper=eomt,1,0.0,test,0.028621,0,match
42d17e7b8b8e8451,OPENROUTER_LLAMA_4_MAVERICK,ea27c8f39b1755a4,paper=eomt,1,1.0,train,0.831386,1,-
42d17e7b8b8e8451,OPENROUTER_LLAMA_4_MAVERICK,859c32e53164a617,paper=eomt,1,0.0,train,0.682654,1,-
42d17e7b8b8e8451,OPENROUTER_LLAMA_4_MAVERICK,67fa04fcf90c435d,paper=eomt,1,0.0,test,0.008832,0,match
42d17e7b8b8e8451,OPENROUTER_LLAMA_4_MAVERICK,343d5ac1ad7e342e,paper=eomt,1,0.0,train,0.689,1,-
42d17e7b8b8e8451,OPENROUTER_LLAMA_4_MAVERICK,c9544007f03a7721,paper=eomt,1,0.0,test,0.247958,0,match
42d17e7b8b8e8451,OPENROUTER_LLAMA_4_MAVERICK,3d85d9ad47595a55,paper=eomt,1,1.0,train,0.227928,0,-
42d17e7b8b8e8451,OPENROUTER_LLAMA_4_MAVERICK,904eb334eb4d76df,paper=eomt,1,0.0,train,0.006004,0,-
42d17e7b8b8e8451,OPENROUTER_LLAMA_4_MAVERICK,d3ec8ab8eeeb5b4a,paper=eomt,1,0.0,train,0.042604,0,-
42d17e7b8b8e8451,OPENROUTER_LLAMA_4_MAVERICK,1fcdc0bad345d18a,paper=eomt,1,0.0,test,0.136238,0,match
42d17e7b8b8e8451,OPENROUTER_LLAMA_4_MAVERICK,64521900778c3c90,paper=eomt,1,1.0,test,0.628303,1,match
42d17e7b8b8e8451,OPENROUTER_LLAMA_4_MAVERICK,885bf6bc2b30211e,paper=eomt,1,0.0,train,0.078132,0,-
42d17e7b8b8e8451,OPENROUTER_LLAMA_4_MAVERICK,51d8a0d5454638b6,paper=eomt,1,1.0,train,0.571373,1,-
42d17e7b8b8e8451,OPENROUTER_LLAMA_4_MAVERICK,557e0e9212dc83c3,paper=eomt,1,1.0,test,0.582084,1,match
42d17e7b8b8e8451,OPENROUTER_LLAMA_4_MAVERICK,996ae690658f38ac,paper=eomt,1,0.0,train,0.109007,0,-
42d17e7b8b8e8451,OPENROUTER_LLAMA_4_MAVERICK,de3c06e5fd55727f,paper=eomt,1,0.0,train,0.119593,0,-
42d17e7b8b8e8451,OPENROUTER_LLAMA_4_MAVERICK,5b8c3f7041705246,paper=eomt,1,0.0,train,0.028801,0,-
42d17e7b8b8e8451,OPENROUTER_LLAMA_4_MAVERICK,4dbf2551a9799e46,paper=eomt,1,0.0,train,0.011868,0,-
42d17e7b8b8e8451,OPENROUTER_LLAMA_4_MAVERICK,5fd86ff59169d660,paper=eomt,1,0.0,train,0.037165,0,-
42d17e7b8b8e8451,OPENROUTER_LLAMA_4_MAVERICK,1aef4f6facd814ea,paper=eomt,1,0.0,test,0.187355,0,match
42d17e7b8b8e8451,OPENROUTER_LLAMA_4_MAVERICK,e8586b9f159d57cd,paper=eomt,1,0.0,train,0.038002,0,-
42d17e7b8b8e8451,OPENROUTER_LLAMA_4_MAVERICK,4d37e699df1a85fb,paper=eomt,1,0.0,train,0.078038,0,-
42d17e7b8b8e8451,OPENROUTER_LLAMA_4_MAVERICK,3056610d5d875975,paper=eomt,1,0.0,train,0.000106,0,-
42d17e7b8b8e8451,OPENROUTER_LLAMA_4_MAVERICK,340d207d50996738,paper=eomt,1,0.0,train,8e-05,0,-
42d17e7b8b8e8451,OPENROUTER_LLAMA_4_MAVERICK,d6ddcfe6ee900a29,paper=eomt,1,0.0,train,0.169734,0,-
42d17e7b8b8e8451,OPENROUTER_LLAMA_4_MAVERICK,e3cdd98caa7e1647,paper=eomt,1,0.0,train,0.034099,0,-
42d17e7b8b8e8451,OPENROUTER_LLAMA_4_MAVERICK,68772b2dd72d2238,paper=eomt,1,0.0,test,0.000116,0,match
42d17e7b8b8e8451,OPENROUTER_LLAMA_4_MAVERICK,042e9eafe940e570,paper=eomt,1,1.0,train,0.39044,0,-
42d17e7b8b8e8451,OPENROUTER_LLAMA_4_MAVERICK,3694d1de719e157b,paper=eomt,1,0.0,test,7.8e-05,0,match
42d17e7b8b8e8451,OPENROUTER_LLAMA_4_MAVERICK,7206e293fbedb36e,paper=eomt,1,0.0,train,0.116593,0,-
42d17e7b8b8e8451,OPENROUTER_LLAMA_4_MAVERICK,fe364a0b040e9dd5,paper=eomt,1,0.0,train,0.006042,0,-
42d17e7b8b8e8451,OPENROUTER_LLAMA_4_MAVERICK,d28fea369713673d,paper=eomt,1,1.0,test,0.249742,0,miss
42d17e7b8b8e8451,OPENROUTER_LLAMA_4_MAVERICK,9074f21629aead7d,paper=eomt,1,0.0,train,0.069034,0,-
42d17e7b8b8e8451,OPENROUTER_LLAMA_4_MAVERICK,1b17b86a13c2b523,paper=eomt,1,0.0,test,0.673885,1,miss
f346f5a402064340,OPENROUTER_LLAMA_4_SCOUT,eba46b7e2dbd4e57,paper=eomt,1,0.0,train,0.001769,0,-
f346f5a402064340,OPENROUTER_LLAMA_4_SCOUT,9f6908a52dc07ea6,paper=eomt,1,0.0,train,2.8e-05,0,-
f346f5a402064340,OPENROUTER_LLAMA_4_SCOUT,331429a54711c5b6,paper=eomt,1,0.0,train,0.700103,1,-
f346f5a402064340,OPENROUTER_LLAMA_4_SCOUT,f6ac25a06b6420fa,paper=eomt,1,0.0,train,0.009375,0,-
f346f5a402064340,OPENROUTER_LLAMA_4_SCOUT,ea27c8f39b1755a4,paper=eomt,1,0.0,train,0.612958,1,-
f346f5a402064340,OPENROUTER_LLAMA_4_SCOUT,859c32e53164a617,paper=eomt,1,1.0,train,0.408609,0,-
f346f5a402064340,OPENROUTER_LLAMA_4_SCOUT,67fa04fcf90c435d,paper=eomt,1,0.0,train,0.002854,0,-
f346f5a402064340,OPENROUTER_LLAMA_4_SCOUT,343d5ac1ad7e342e,paper=eomt,1,0.0,train,0.415745,0,-
f346f5a402064340,OPENROUTER_LLAMA_4_SCOUT,c9544007f03a7721,paper=eomt,1,0.0,train,0.09576,0,-
f346f5a402064340,OPENROUTER_LLAMA_4_SCOUT,3d85d9ad47595a55,paper=eomt,1,0.0,test,0.086609,0,match
f346f5a402064340,OPENROUTER_LLAMA_4_SCOUT,904eb334eb4d76df,paper=eomt,1,0.0,train,0.001936,0,-
f346f5a402064340,OPENROUTER_LLAMA_4_SCOUT,d3ec8ab8eeeb5b4a,paper=eomt,1,0.0,test,0.014092,0,match
f346f5a402064340,OPENROUTER_LLAMA_4_SCOUT,1fcdc0bad345d18a,paper=eomt,1,0.0,train,0.048218,0,-
f346f5a402064340,OPENROUTER_LLAMA_4_SCOUT,64521900778c3c90,paper=eomt,1,0.0,train,0.351884,0,-
f346f5a402064340,OPENROUTER_LLAMA_4_SCOUT,885bf6bc2b30211e,paper=eomt,1,0.0,train,0.026501,0,-
f346f5a402064340,OPENROUTER_LLAMA_4_SCOUT,51d8a0d5454638b6,paper=eomt,1,0.0,train,0.299799,0,-
f346f5a402064340,OPENROUTER_LLAMA_4_SCOUT,557e0e9212dc83c3,paper=eomt,1,1.0,test,0.309089,0,miss
f346f5a402064340,OPENROUTER_LLAMA_4_SCOUT,996ae690658f38ac,paper=eomt,1,0.0,test,0.03781,0,match
f346f5a402064340,OPENROUTER_LLAMA_4_SCOUT,de3c06e5fd55727f,paper=eomt,1,0.0,train,0.041806,0,-
f346f5a402064340,OPENROUTER_LLAMA_4_SCOUT,5b8c3f7041705246,paper=eomt,1,0.0,test,0.009435,0,match
f346f5a402064340,OPENROUTER_LLAMA_4_SCOUT,4dbf2551a9799e46,paper=eomt,1,0.0,test,0.003843,0,match
f346f5a402064340,OPENROUTER_LLAMA_4_SCOUT,5fd86ff59169d660,paper=eomt,1,0.0,train,0.012246,0,-
f346f5a402064340,OPENROUTER_LLAMA_4_SCOUT,1aef4f6facd814ea,paper=eomt,1,0.0,train,0.068945,0,-
f346f5a402064340,OPENROUTER_LLAMA_4_SCOUT,e8586b9f159d57cd,paper=eomt,1,0.0,train,0.012529,0,-
f346f5a402064340,OPENROUTER_LLAMA_4_SCOUT,4d37e699df1a85fb,paper=eomt,1,0.0,train,0.026467,0,-
f346f5a402064340,OPENROUTER_LLAMA_4_SCOUT,3056610d5d875975,paper=eomt,1,0.0,train,3.4e-05,0,-
f346f5a402064340,OPENROUTER_LLAMA_4_SCOUT,340d207d50996738,paper=eomt,1,0.0,train,2.6e-05,0,-
f346f5a402064340,OPENROUTER_LLAMA_4_SCOUT,d6ddcfe6ee900a29,paper=eomt,1,0.0,train,0.061617,0,-
f346f5a402064340,OPENROUTER_LLAMA_4_SCOUT,e3cdd98caa7e1647,paper=eomt,1,0.0,train,0.011212,0,-
f346f5a402064340,OPENROUTER_LLAMA_4_SCOUT,68772b2dd72d2238,paper=eomt,1,0.0,train,3.7e-05,0,-
f346f5a402064340,OPENROUTER_LLAMA_4_SCOUT,042e9eafe940e570,paper=eomt,1,0.0,train,0.170629,0,-
f346f5a402064340,OPENROUTER_LLAMA_4_SCOUT,3694d1de719e157b,paper=eomt,1,0.0,train,2.5e-05,0,-
f346f5a402064340,OPENROUTER_LLAMA_4_SCOUT,7206e293fbedb36e,paper=eomt,1,0.0,train,0.040667,0,-
f346f5a402064340,OPENROUTER_LLAMA_4_SCOUT,fe364a0b040e9dd5,paper=eomt,1,0.0,train,0.001949,0,-
f346f5a402064340,OPENROUTER_LLAMA_4_SCOUT,d28fea369713673d,paper=eomt,1,0.0,train,0.09659,0,-
f346f5a402064340,OPENROUTER_LLAMA_4_SCOUT,9074f21629aead7d,paper=eomt,1,0.0,train,0.023263,0,-
f346f5a402064340,OPENROUTER_LLAMA_4_SCOUT,1b17b86a13c2b523,paper=eomt,1,1.0,train,0.398935,0,-
d9512a7be0630043,MISTRAL_CODESTRAL_2501,eba46b7e2dbd4e57,paper=eomt,1,0.0,train,0.008274,0,-
d9512a7be0630043,MISTRAL_CODESTRAL_2501,9f6908a52dc07ea6,paper=eomt,1,1.0,test,0.000131,0,miss
d9512a7be0630043,MISTRAL_CODESTRAL_2501,331429a54711c5b6,paper=eomt,1,1.0,train,0.916579,1,-
d9512a7be0630043,MISTRAL_CODESTRAL_2501,f6ac25a06b6420fa,paper=eomt,1,0.0,test,0.042641,0,match
d9512a7be0630043,MISTRAL_CODESTRAL_2501,ea27c8f39b1755a4,paper=eomt,1,1.0,train,0.88171,1,-
d9512a7be0630043,MISTRAL_CODESTRAL_2501,859c32e53164a617,paper=eomt,1,0.0,train,0.764811,1,-
d9512a7be0630043,MISTRAL_CODESTRAL_2501,67fa04fcf90c435d,paper=eomt,1,0.0,test,0.013291,0,match
d9512a7be0630043,MISTRAL_CODESTRAL_2501,343d5ac1ad7e342e,paper=eomt,1,1.0,train,0.770068,1,-
d9512a7be0630043,MISTRAL_CODESTRAL_2501,c9544007f03a7721,paper=eomt,1,0.0,test,0.332635,0,match
d9512a7be0630043,MISTRAL_CODESTRAL_2501,3d85d9ad47595a55,paper=eomt,1,0.0,train,0.308572,0,-
d9512a7be0630043,MISTRAL_CODESTRAL_2501,904eb334eb4d76df,paper=eomt,1,0.0,train,0.009048,0,-
d9512a7be0630043,MISTRAL_CODESTRAL_2501,d3ec8ab8eeeb5b4a,paper=eomt,1,0.0,test,0.063031,0,match
d9512a7be0630043,MISTRAL_CODESTRAL_2501,1fcdc0bad345d18a,paper=eomt,1,0.0,train,0.19253,0,-
d9512a7be0630043,MISTRAL_CODESTRAL_2501,64521900778c3c90,paper=eomt,1,1.0,train,0.718733,1,-
d9512a7be0630043,MISTRAL_CODESTRAL_2501,885bf6bc2b30211e,paper=eomt,1,0.0,train,0.113572,0,-
d9512a7be0630043,MISTRAL_CODESTRAL_2501,51d8a0d5454638b6,paper=eomt,1,1.0,train,0.668343,1,-
d9512a7be0630043,MISTRAL_CODESTRAL_2501,557e0e9212dc83c3,paper=eomt,1,1.0,test,0.677996,1,match
d9512a7be0630043,MISTRAL_CODESTRAL_2501,996ae690658f38ac,paper=eomt,1,0.0,test,0.156081,0,match
d9512a7be0630043,MISTRAL_CODESTRAL_2501,de3c06e5fd55727f,paper=eomt,1,0.0,train,0.170364,0,-
d9512a7be0630043,MISTRAL_CODESTRAL_2501,5b8c3f7041705246,paper=eomt,1,0.0,train,0.042906,0,-
d9512a7be0630043,MISTRAL_CODESTRAL_2501,4dbf2551a9799e46,paper=eomt,1,0.0,test,0.017833,0,match
d9512a7be0630043,MISTRAL_CODESTRAL_2501,5fd86ff59169d660,paper=eomt,1,0.0,train,0.055135,0,-
d9512a7be0630043,MISTRAL_CODESTRAL_2501,1aef4f6facd814ea,paper=eomt,1,0.0,test,0.258449,0,match
d9512a7be0630043,MISTRAL_CODESTRAL_2501,e8586b9f159d57cd,paper=eomt,1,0.0,train,0.056353,0,-
d9512a7be0630043,MISTRAL_CODESTRAL_2501,4d37e699df1a85fb,paper=eomt,1,0.0,train,0.11344,0,-
d9512a7be0630043,MISTRAL_CODESTRAL_2501,3056610d5d875975,paper=eomt,1,0.0,train,0.00016,0,-
d9512a7be0630043,MISTRAL_CODESTRAL_2501,340d207d50996738,paper=eomt,1,0.0,test,0.00012,0,match
d9512a7be0630043,MISTRAL_CODESTRAL_2501,d6ddcfe6ee900a29,paper=eomt,1,1.0,train,0.236084,0,-
d9512a7be0630043,MISTRAL_CODESTRAL_2501,e3cdd98caa7e1647,paper=eomt,1,0.0,train,0.050664,0,-
d9512a7be0630043,MISTRAL_CODESTRAL_2501,68772b2dd72d2238,paper=eomt,1,0.0,train,0.000175,0,-
d9512a7be0630043,MISTRAL_CODESTRAL_2501,042e9eafe940e570,paper=eomt,1,0.0,train,0.491946,0,-
d9512a7be0630043,MISTRAL_CODESTRAL_2501,3694d1de719e157b,paper=eomt,1,0.0,train,0.000118,0,-
d9512a7be0630043,MISTRAL_CODESTRAL_2501,7206e293fbedb36e,paper=eomt,1,0.0,train,0.166331,0,-
d9512a7be0630043,MISTRAL_CODESTRAL_2501,fe364a0b040e9dd5,paper=eomt,1,0.0,train,0.009106,0,-
d9512a7be0630043,MISTRAL_CODESTRAL_2501,d28fea369713673d,paper=eomt,1,1.0,train,0.334757,0,-
d9512a7be0630043,MISTRAL_CODESTRAL_2501,9074f21629aead7d,paper=eomt,1,0.0,train,0.100798,0,-
d9512a7be0630043,MISTRAL_CODESTRAL_2501,1b17b86a13c2b523,paper=eomt,1,1.0,train,0.757506,1,-
4a938d775c0363f7,GEMINI_2_5_PRO_PREVIEW_05_06,eba46b7e2dbd4e57,paper=eomt,1,0.0,train,0.216727,0,-
4a938d775c0363f7,GEMINI_2_5_PRO_PREVIEW_05_06,9f6908a52dc07ea6,paper=eomt,1,0.0,train,0.004329,0,-
4a938d775c0363f7,GEMINI_2_5_PRO_PREVIEW_05_06,331429a54711c5b6,paper=eomt,1,1.0,train,0.997263,1,-
4a938d775c0363f7,GEMINI_2_5_PRO_PREVIEW_05_06,f6ac25a06b6420fa,paper=eomt,1,0.0,test,0.596322,1,miss
4a938d775c0363f7,GEMINI_2_5_PRO_PREVIEW_05_06,ea27c8f39b1755a4,paper=eomt,1,1.0,train,0.995971,1,-
4a938d775c0363f7,GEMINI_2_5_PRO_PREVIEW_05_06,859c32e53164a617,paper=eomt,1,1.0,train,0.990813,1,-
4a938d775c0363f7,GEMINI_2_5_PRO_PREVIEW_05_06,67fa04fcf90c435d,paper=eomt,1,1.0,train,0.30879,0,-
4a938d775c0363f7,GEMINI_2_5_PRO_PREVIEW_05_06,343d5ac1ad7e342e,paper=eomt,1,1.0,train,0.991077,1,-
4a938d775c0363f7,GEMINI_2_5_PRO_PREVIEW_05_06,c9544007f03a7721,paper=eomt,1,1.0,train,0.942957,1,-
4a938d775c0363f7,GEMINI_2_5_PRO_PREVIEW_05_06,3d85d9ad47595a55,paper=eomt,1,1.0,test,0.936714,1,match
4a938d775c0363f7,GEMINI_2_5_PRO_PREVIEW_05_06,904eb334eb4d76df,paper=eomt,1,0.0,train,0.232433,0,-
4a938d775c0363f7,GEMINI_2_5_PRO_PREVIEW_05_06,d3ec8ab8eeeb5b4a,paper=eomt,1,1.0,train,0.690507,1,-
4a938d775c0363f7,GEMINI_2_5_PRO_PREVIEW_05_06,1fcdc0bad345d18a,paper=eomt,1,1.0,train,0.88774,1,-
4a938d775c0363f7,GEMINI_2_5_PRO_PREVIEW_05_06,64521900778c3c90,paper=eomt,1,1.0,train,0.988338,1,-
4a938d775c0363f7,GEMINI_2_5_PRO_PREVIEW_05_06,885bf6bc2b30211e,paper=eomt,1,1.0,test,0.809498,1,match
4a938d775c0363f7,GEMINI_2_5_PRO_PREVIEW_05_06,51d8a0d5454638b6,paper=eomt,1,1.0,train,0.985258,1,-
4a938d775c0363f7,GEMINI_2_5_PRO_PREVIEW_05_06,557e0e9212dc83c3,paper=eomt,1,1.0,train,0.985882,1,-
4a938d775c0363f7,GEMINI_2_5_PRO_PREVIEW_05_06,996ae690658f38ac,paper=eomt,1,1.0,train,0.859824,1,-
4a938d775c0363f7,GEMINI_2_5_PRO_PREVIEW_05_06,de3c06e5fd55727f,paper=eomt,1,1.0,train,0.871967,1,-
4a938d775c0363f7,GEMINI_2_5_PRO_PREVIEW_05_06,5b8c3f7041705246,paper=eomt,1,1.0,train,0.597875,1,-
4a938d775c0363f7,GEMINI_2_5_PRO_PREVIEW_05_06,4dbf2551a9799e46,paper=eomt,1,0.0,train,0.375853,0,-
4a938d775c0363f7,GEMINI_2_5_PRO_PREVIEW_05_06,5fd86ff59169d660,paper=eomt,1,0.0,train,0.659317,1,-
4a938d775c0363f7,GEMINI_2_5_PRO_PREVIEW_05_06,1aef4f6facd814ea,paper=eomt,1,1.0,train,0.920376,1,-
4a938d775c0363f7,GEMINI_2_5_PRO_PREVIEW_05_06,e8586b9f159d57cd,paper=eomt,1,0.0,train,0.664496,1,-
4a938d775c0363f7,GEMINI_2_5_PRO_PREVIEW_05_06,4d37e699df1a85fb,paper=eomt,1,1.0,train,0.809296,1,-
4a938d775c0363f7,GEMINI_2_5_PRO_PREVIEW_05_06,3056610d5d875975,paper=eomt,1,0.0,test,0.005268,0,match
4a938d775c0363f7,GEMINI_2_5_PRO_PREVIEW_05_06,340d207d50996738,paper=eomt,1,0.0,train,0.003978,0,-
4a938d775c0363f7,GEMINI_2_5_PRO_PREVIEW_05_06,d6ddcfe6ee900a29,paper=eomt,1,1.0,test,0.911108,1,match
4a938d775c0363f7,GEMINI_2_5_PRO_PREVIEW_05_06,e3cdd98caa7e1647,paper=eomt,1,1.0,train,0.638988,1,-
4a938d775c0363f7,GEMINI_2_5_PRO_PREVIEW_05_06,68772b2dd72d2238,paper=eomt,1,0.0,test,0.005768,0,match
4a938d775c0363f7,GEMINI_2_5_PRO_PREVIEW_05_06,042e9eafe940e570,paper=eomt,1,1.0,train,0.969801,1,-
4a938d775c0363f7,GEMINI_2_5_PRO_PREVIEW_05_06,3694d1de719e157b,paper=eomt,1,0.0,train,0.003885,0,-
4a938d775c0363f7,GEMINI_2_5_PRO_PREVIEW_05_06,7206e293fbedb36e,paper=eomt,1,1.0,train,0.868716,1,-
4a938d775c0363f7,GEMINI_2_5_PRO_PREVIEW_05_06,fe364a0b040e9dd5,paper=eomt,1,0.0,train,0.233586,0,-
4a938d775c0363f7,GEMINI_2_5_PRO_PREVIEW_05_06,d28fea369713673d,paper=eomt,1,1.0,test,0.943468,1,match
4a938d775c0363f7,GEMINI_2_5_PRO_PREVIEW_05_06,9074f21629aead7d,paper=eomt,1,1.0,train,0.788036,1,-
4a938d775c0363f7,GEMINI_2_5_PRO_PREVIEW_05_06,1b17b86a13c2b523,paper=eomt,1,1.0,test,0.99044,1,match
0201bf34008b40fa,OPENROUTER_QWEN_TURBO,eba46b7e2dbd4e57,paper=eomt,1,0.0,train,0.000311,0,-
0201bf34008b40fa,OPENROUTER_QWEN_TURBO,9f6908a52dc07ea6,paper=eomt,1,0.0,train,5e-06,0,-
0201bf34008b40fa,OPENROUTER_QWEN_TURBO,331429a54711c5b6,paper=eomt,1,0.0,train,0.290396,0,-
0201bf34008b40fa,OPENROUTER_QWEN_TURBO,f6ac25a06b6420fa,paper=eomt,1,0.0,train,0.001656,0,-
0201bf34008b40fa,OPENROUTER_QWEN_TURBO,ea27c8f39b1755a4,paper=eomt,1,0.0,train,0.217298,0,-
0201bf34008b40fa,OPENROUTER_QWEN_TURBO,859c32e53164a617,paper=eomt,1,1.0,train,0.108036,0,-
0201bf34008b40fa,OPENROUTER_QWEN_TURBO,67fa04fcf90c435d,paper=eomt,1,0.0,test,0.000501,0,match
0201bf34008b40fa,OPENROUTER_QWEN_TURBO,343d5ac1ad7e342e,paper=eomt,1,1.0,test,0.110907,0,miss
0201bf34008b40fa,OPENROUTER_QWEN_TURBO,c9544007f03a7721,paper=eomt,1,0.0,test,0.018226,0,match
0201bf34008b40fa,OPENROUTER_QWEN_TURBO,3d85d9ad47595a55,paper=eomt,1,0.0,train,0.016351,0,-
0201bf34008b40fa,OPENROUTER_QWEN_TURBO,904eb334eb4d76df,paper=eomt,1,0.0,train,0.00034,0,-
0201bf34008b40fa,OPENROUTER_QWEN_TURBO,d3ec8ab8eeeb5b4a,paper=eomt,1,0.0,train,0.002499,0,-
0201bf34008b40fa,OPENROUTER_QWEN_TURBO,1fcdc0bad345d18a,paper=eomt,1,0.0,test,0.008803,0,match
0201bf34008b40fa,OPENROUTER_QWEN_TURBO,64521900778c3c90,paper=eomt,1,0.0,train,0.086906,0,-
0201bf34008b40fa,OPENROUTER_QWEN_TURBO,885bf6bc2b30211e,paper=eomt,1,0.0,test,0.004749,0,match
0201bf34008b40fa,OPENROUTER_QWEN_TURBO,51d8a0d5454638b6,paper=eomt,1,0.0,train,0.069817,0,-
0201bf34008b40fa,OPENROUTER_QWEN_TURBO,557e0e9212dc83c3,paper=eomt,1,0.0,train,0.072721,0,-
0201bf34008b40fa,OPENROUTER_QWEN_TURBO,996ae690658f38ac,paper=eomt,1,0.0,train,0.006841,0,-
0201bf34008b40fa,OPENROUTER_QWEN_TURBO,de3c06e5fd55727f,paper=eomt,1,0.0,train,0.00759,0,-
0201bf34008b40fa,OPENROUTER_QWEN_TURBO,5b8c3f7041705246,paper=eomt,1,0.0,train,0.001667,0,-
0201bf34008b40fa,OPENROUTER_QWEN_TURBO,4dbf2551a9799e46,paper=eomt,1,0.0,train,0.000676,0,-
0201bf34008b40fa,OPENROUTER_QWEN_TURBO,5fd86ff59169d660,paper=eomt,1,0.0,train,0.002169,0,-
0201bf34008b40fa,OPENROUTER_QWEN_TURBO,1aef4f6facd814ea,paper=eomt,1,0.0,test,0.012815,0,match
0201bf34008b40fa,OPENROUTER_QWEN_TURBO,e8586b9f159d57cd,paper=eomt,1,0.0,train,0.002219,0,-
0201bf34008b40fa,OPENROUTER_QWEN_TURBO,4d37e699df1a85fb,paper=eomt,1,0.0,test,0.004743,0,match
0201bf34008b40fa,OPENROUTER_QWEN_TURBO,3056610d5d875975,paper=eomt,1,0.0,train,6e-06,0,-
0201bf34008b40fa,OPENROUTER_QWEN_TURBO,340d207d50996738,paper=eomt,1,0.0,train,4e-06,0,-
0201bf34008b40fa,OPENROUTER_QWEN_TURBO,d6ddcfe6ee900a29,paper=eomt,1,0.0,train,0.01138,0,-
0201bf34008b40fa,OPENROUTER_QWEN_TURBO,e3cdd98caa7e1647,paper=eomt,1,0.0,test,0.001984,0,match
0201bf34008b40fa,OPENROUTER_QWEN_TURBO,68772b2dd72d2238,paper=eomt,1,0.0,train,7e-06,0,-
0201bf34008b40fa,OPENROUTER_QWEN_TURBO,042e9eafe940e570,paper=eomt,1,0.0,test,0.03481,0,match
0201bf34008b40fa,OPENROUTER_QWEN_TURBO,3694d1de719e157b,paper=eomt,1,0.0,train,4e-06,0,-
0201bf34008b40fa,OPENROUTER_QWEN_TURBO,7206e293fbedb36e,paper=eomt,1,0.0,train,0.007376,0,-
0201bf34008b40fa,OPENROUTER_QWEN_TURBO,fe364a0b040e9dd5,paper=eomt,1,0.0,test,0.000342,0,match
0201bf34008b40fa,OPENROUTER_QWEN_TURBO,d28fea369713673d,paper=eomt,1,0.0,train,0.018398,0,-
0201bf34008b40fa,OPENROUTER_QWEN_TURBO,9074f21629aead7d,paper=eomt,1,0.0,train,0.004158,0,-
0201bf34008b40fa,OPENROUTER_QWEN_TURBO,1b17b86a13c2b523,paper=eomt,1,0.0,test,0.104224,0,match
9bbf8d46fe2a4b4d,OPENROUTER_MISTRAL_CODESTRAL_MAMBA,eba46b7e2dbd4e57,paper=eomt,1,0.0,train,6.6e-05,0,-
9bbf8d46fe2a4b4d,OPENROUTER_MISTRAL_CODESTRAL_MAMBA,9f6908a52dc07ea6,paper=eomt,1,0.0,train,1e-06,0,-
9bbf8d46fe2a4b4d,OPENROUTER_MISTRAL_CODESTRAL_MAMBA,331429a54711c5b6,paper=eomt,1,0.0,test,0.080288,0,match
9bbf8d46fe2a4b4d,OPENROUTER_MISTRAL_CODESTRAL_MAMBA,f6ac25a06b6420fa,paper=eomt,1,0.0,train,0.000354,0,-
9bbf8d46fe2a4b4d,OPENROUTER_MISTRAL_CODESTRAL_MAMBA,ea27c8f39b1755a4,paper=eomt,1,0.0,train,0.055911,0,-
9bbf8d46fe2a4b4d,OPENROUTER_MISTRAL_CODESTRAL_MAMBA,859c32e53164a617,paper=eomt,1,0.0,train,0.025186,0,-
9bbf8d46fe2a4b4d,OPENROUTER_MISTRAL_CODESTRAL_MAMBA,67fa04fcf90c435d,paper=eomt,1,0.0,train,0.000107,0,-
9bbf8d46fe2a4b4d,OPENROUTER_MISTRAL_CODESTRAL_MAMBA,343d5ac1ad7e342e,paper=eomt,1,0.0,test,0.02592,0,match
9bbf8d46fe2a4b4d,OPENROUTER_MISTRAL_CODESTRAL_MAMBA,c9544007f03a7721,paper=eomt,1,0.0,train,0.003945,0,-
9bbf8d46fe2a4b4d,OPENROUTER_MISTRAL_CODESTRAL_MAMBA,3d85d9ad47595a55,paper=eomt,1,0.0,train,0.003533,0,-
9bbf8d46fe2a4b4d,OPENROUTER_MISTRAL_CODESTRAL_MAMBA,904eb334eb4d76df,paper=eomt,1,0.0,train,7.3e-05,0,-
9bbf8d46fe2a4b4d,OPENROUTER_MISTRAL_CODESTRAL_MAMBA,d3ec8ab8eeeb5b4a,paper=eomt,1,0.0,train,0.000534,0,-
9bbf8d46fe2a4b4d,OPENROUTER_MISTRAL_CODESTRAL_MAMBA,1fcdc0bad345d18a,paper=eomt,1,0.0,train,0.001891,0,-
9bbf8d46fe2a4b4d,OPENROUTER_MISTRAL_CODESTRAL_MAMBA,64521900778c3c90,paper=eomt,1,0.0,train,0.019899,0,-
9bbf8d46fe2a4b4d,OPENROUTER_MISTRAL_CODESTRAL_MAMBA,885bf6bc2b30211e,paper=eomt,1,0.0,train,0.001017,0,-
9bbf8d46fe2a4b4d,OPENROUTER_MISTRAL_CODESTRAL_MAMBA,51d8a0d5454638b6,paper=eomt,1,0.0,test,0.015759,0,match
9bbf8d46fe2a4b4d,OPENROUTER_MISTRAL_CODESTRAL_MAMBA,557e0e9212dc83c3,paper=eomt,1,0.0,test,0.016454,0,match
9bbf8d46fe2a4b4d,OPENROUTER_MISTRAL_CODESTRAL_MAMBA,996ae690658f38ac,paper=eomt,1,0.0,train,0.001467,0,-
9bbf8d46fe2a4b4d,OPENROUTER_MISTRAL_CODESTRAL_MAMBA,de3c06e5fd55727f,paper=eomt,1,0.0,train,0.001629,0,-
9bbf8d46fe2a4b4d,OPENROUTER_MISTRAL_CODESTRAL_MAMBA,5b8c3f7041705246,paper=eomt,1,0.0,test,0.000356,0,match
9bbf8d46fe2a4b4d,OPENROUTER_MISTRAL_CODESTRAL_MAMBA,4dbf2551a9799e46,paper=eomt,1,0.0,train,0.000144,0,-
9bbf8d46fe2a4b4d,OPENROUTER_MISTRAL_CODESTRAL_MAMBA,5fd86ff59169d660,paper=eomt,1,0.0,train,0.000463,0,-
9bbf8d46fe2a4b4d,OPENROUTER_MISTRAL_CODESTRAL_MAMBA,1aef4f6facd814ea,paper=eomt,1,0.0,train,0.002761,0,-
9bbf8d46fe2a4b4d,OPENROUTER_MISTRAL_CODESTRAL_MAMBA,e8586b9f159d57cd,paper=eomt,1,0.0,train,0.000474,0,-
9bbf8d46fe2a4b4d,OPENROUTER_MISTRAL_CODESTRAL_MAMBA,4d37e699df1a85fb,paper=eomt,1,0.0,train,0.001016,0,-
9bbf8d46fe2a4b4d,OPENROUTER_MISTRAL_CODESTRAL_MAMBA,3056610d5d875975,paper=eomt,1,0.0,train,1e-06,0,-
9bbf8d46fe2a4b4d,OPENROUTER_MISTRAL_CODESTRAL_MAMBA,340d207d50996738,paper=eomt,1,0.0,train,1e-06,0,-
9bbf8d46fe2a4b4d,OPENROUTER_MISTRAL_CODESTRAL_MAMBA,d6ddcfe6ee900a29,paper=eomt,1,0.0,train,0.002449,0,-
9bbf8d46fe2a4b4d,OPENROUTER_MISTRAL_CODESTRAL_MAMBA,e3cdd98caa7e1647,paper=eomt,1,0.0,train,0.000424,0,-
9bbf8d46fe2a4b4d,OPENROUTER_MISTRAL_CODESTRAL_MAMBA,68772b2dd72d2238,paper=eomt,1,0.0,train,1e-06,0,-
9bbf8d46fe2a4b4d,OPENROUTER_MISTRAL_CODESTRAL_MAMBA,042e9eafe940e570,paper=eomt,1,0.0,train,0.007635,0,-
9bbf8d46fe2a4b4d,OPENROUTER_MISTRAL_CODESTRAL_MAMBA,3694d1de719e157b,paper=eomt,1,0.0,train,1e-06,0,-
9bbf8d46fe2a4b4d,OPENROUTER_MISTRAL_CODESTRAL_MAMBA,7206e293fbedb36e,paper=eomt,1,0.0,test,0.001583,0,match
9bbf8d46fe2a4b4d,OPENROUTER_MISTRAL_CODESTRAL_MAMBA,fe364a0b040e9dd5,paper=eomt,1,0.0,train,7.3e-05,0,-
9bbf8d46fe2a4b4d,OPENROUTER_MISTRAL_CODESTRAL_MAMBA,d28fea369713673d,paper=eomt,1,0.0,train,0.003982,0,-
9bbf8d46fe2a4b4d,OPENROUTER_MISTRAL_CODESTRAL_MAMBA,9074f21629aead7d,paper=eomt,1,0.0,train,0.00089,0,-
9bbf8d46fe2a4b4d,OPENROUTER_MISTRAL_CODESTRAL_MAMBA,1b17b86a13c2b523,paper=eomt,1,0.0,test,0.024218,0,match
0e68149d77ff2477,OPENROUTER_AMAZON_NOVA_PRO_1_0,eba46b7e2dbd4e57,paper=eomt,1,0.0,train,0.004115,0,-
0e68149d77ff2477,OPENROUTER_AMAZON_NOVA_PRO_1_0,9f6908a52dc07ea6,paper=eomt,1,0.0,train,6.5e-05,0,-
0e68149d77ff2477,OPENROUTER_AMAZON_NOVA_PRO_1_0,331429a54711c5b6,paper=eomt,1,1.0,train,0.844754,1,-
0e68149d77ff2477,OPENROUTER_AMAZON_NOVA_PRO_1_0,f6ac25a06b6420fa,paper=eomt,1,0.0,train,0.021582,0,-
0e68149d77ff2477,OPENROUTER_AMAZON_NOVA_PRO_1_0,ea27c8f39b1755a4,paper=eomt,1,1.0,train,0.786845,1,-
0e68149d77ff2477,OPENROUTER_AMAZON_NOVA_PRO_1_0,859c32e53164a617,paper=eomt,1,1.0,train,0.616929,1,-
0e68149d77ff2477,OPENROUTER_AMAZON_NOVA_PRO_1_0,67fa04fcf90c435d,paper=eomt,1,0.0,train,0.006627,0,-
0e68149d77ff2477,OPENROUTER_AMAZON_NOVA_PRO_1_0,343d5ac1ad7e342e,paper=eomt,1,0.0,train,0.623865,1,-
0e68149d77ff2477,OPENROUTER_AMAZON_NOVA_PRO_1_0,c9544007f03a7721,paper=eomt,1,0.0,train,0.197975,0,-
0e68149d77ff2477,OPENROUTER_AMAZON_NOVA_PRO_1_0,3d85d9ad47595a55,paper=eomt,1,0.0,train,0.181011,0,-
0e68149d77ff2477,OPENROUTER_AMAZON_NOVA_PRO_1_0,904eb334eb4d76df,paper=eomt,1,0.0,train,0.004501,0,-
0e68149d77ff2477,OPENROUTER_AMAZON_NOVA_PRO_1_0,d3ec8ab8eeeb5b4a,paper=eomt,1,0.0,train,0.032241,0,-
0e68149d77ff2477,OPENROUTER_AMAZON_NOVA_PRO_1_0,1fcdc0bad345d18a,paper=eomt,1,0.0,test,0.105613,0,match
0e68149d77ff2477,OPENROUTER_AMAZON_NOVA_PRO_1_0,64521900778c3c90,paper=eomt,1,1.0,train,0.5586,1,-
0e68149d77ff2477,OPENROUTER_AMAZON_NOVA_PRO_1_0,885bf6bc2b30211e,paper=eomt,1,0.0,train,0.059666,0,-
0e68149d77ff2477,OPENROUTER_AMAZON_NOVA_PRO_1_0,51d8a0d5454638b6,paper=eomt,1,0.0,train,0.499498,0,-
0e68149d77ff2477,OPENROUTER_AMAZON_NOVA_PRO_1_0,557e0e9212dc83c3,paper=eomt,1,0.0,train,0.510466,1,-
0e68149d77ff2477,OPENROUTER_AMAZON_NOVA_PRO_1_0,996ae690658f38ac,paper=eomt,1,0.0,train,0.083908,0,-
0e68149d77ff2477,OPENROUTER_AMAZON_NOVA_PRO_1_0,de3c06e5fd55727f,paper=eomt,1,0.0,train,0.092309,0,-
0e68149d77ff2477,OPENROUTER_AMAZON_NOVA_PRO_1_0,5b8c3f7041705246,paper=eomt,1,0.0,train,0.021719,0,-
0e68149d77ff2477,OPENROUTER_AMAZON_NOVA_PRO_1_0,4dbf2551a9799e46,paper=eomt,1,0.0,train,0.008912,0,-
0e68149d77ff2477,OPENROUTER_AMAZON_NOVA_PRO_1_0,5fd86ff59169d660,paper=eomt,1,0.0,train,0.028087,0,-
0e68149d77ff2477,OPENROUTER_AMAZON_NOVA_PRO_1_0,1aef4f6facd814ea,paper=eomt,1,0.0,train,0.147198,0,-
0e68149d77ff2477,OPENROUTER_AMAZON_NOVA_PRO_1_0,e8586b9f159d57cd,paper=eomt,1,0.0,train,0.028725,0,-
0e68149d77ff2477,OPENROUTER_AMAZON_NOVA_PRO_1_0,4d37e699df1a85fb,paper=eomt,1,0.0,train,0.059593,0,-
0e68149d77ff2477,OPENROUTER_AMAZON_NOVA_PRO_1_0,3056610d5d875975,paper=eomt,1,0.0,train,7.9e-05,0,-
0e68149d77ff2477,OPENROUTER_AMAZON_NOVA_PRO_1_0,340d207d50996738,paper=eomt,1,0.0,train,6e-05,0,-
0e68149d77ff2477,OPENROUTER_AMAZON_NOVA_PRO_1_0,d6ddcfe6ee900a29,paper=eomt,1,0.0,train,0.132736,0,-
0e68149d77ff2477,OPENROUTER_AMAZON_NOVA_PRO_1_0,e3cdd98caa7e1647,paper=eomt,1,0.0,test,0.02575,0,match
0e68149d77ff2477,OPENROUTER_AMAZON_NOVA_PRO_1_0,68772b2dd72d2238,paper=eomt,1,0.0,test,8.7e-05,0,match
0e68149d77ff2477,OPENROUTER_AMAZON_NOVA_PRO_1_0,042e9eafe940e570,paper=eomt,1,0.0,train,0.324114,0,-
0e68149d77ff2477,OPENROUTER_AMAZON_NOVA_PRO_1_0,3694d1de719e157b,paper=eomt,1,0.0,test,5.8e-05,0,match
0e68149d77ff2477,OPENROUTER_AMAZON_NOVA_PRO_1_0,7206e293fbedb36e,paper=eomt,1,0.0,train,0.089924,0,-
0e68149d77ff2477,OPENROUTER_AMAZON_NOVA_PRO_1_0,fe364a0b040e9dd5,paper=eomt,1,0.0,train,0.00453,0,-
0e68149d77ff2477,OPENROUTER_AMAZON_NOVA_PRO_1_0,d28fea369713673d,paper=eomt,1,0.0,train,0.199495,0,-
0e68149d77ff2477,OPENROUTER_AMAZON_NOVA_PRO_1_0,9074f21629aead7d,paper=eomt,1,0.0,train,0.052596,0,-
0e68149d77ff2477,OPENROUTER_AMAZON_NOVA_PRO_1_0,1b17b86a13c2b523,paper=eomt,1,0.0,train,0.607388,1,-
f89d3f7268252d37,OPENROUTER_COHERE_COMMAND_A,eba46b7e2dbd4e57,paper=eomt,1,0.0,train,0.006387,0,-
f89d3f7268252d37,OPENROUTER_COHERE_COMMAND_A,9f6908a52dc07ea6,paper=eomt,1,0.0,train,0.000101,0,-
f89d3f7268252d37,OPENROUTER_COHERE_COMMAND_A,331429a54711c5b6,paper=eomt,1,1.0,test,0.894353,1,match
f89d3f7268252d37,OPENROUTER_COHERE_COMMAND_A,f6ac25a06b6420fa,paper=eomt,1,0.0,test,0.033179,0,match
f89d3f7268252d37,OPENROUTER_COHERE_COMMAND_A,ea27c8f39b1755a4,paper=eomt,1,0.0,test,0.851697,1,miss
f89d3f7268252d37,OPENROUTER_COHERE_COMMAND_A,859c32e53164a617,paper=eomt,1,0.0,train,0.714735,1,-
f89d3f7268252d37,OPENROUTER_COHERE_COMMAND_A,67fa04fcf90c435d,paper=eomt,1,0.0,train,0.010272,0,-
f89d3f7268252d37,OPENROUTER_COHERE_COMMAND_A,343d5ac1ad7e342e,paper=eomt,1,1.0,train,0.720702,1,-
f89d3f7268252d37,OPENROUTER_COHERE_COMMAND_A,c9544007f03a7721,paper=eomt,1,0.0,train,0.277472,0,-
f89d3f7268252d37,OPENROUTER_COHERE_COMMAND_A,3d85d9ad47595a55,paper=eomt,1,0.0,train,0.25587,0,-
f89d3f7268252d37,OPENROUTER_COHERE_COMMAND_A,904eb334eb4d76df,paper=eomt,1,0.0,train,0.006986,0,-
f89d3f7268252d37,OPENROUTER_COHERE_COMMAND_A,d3ec8ab8eeeb5b4a,paper=eomt,1,0.0,train,0.049277,0,-
f89d3f7268252d37,OPENROUTER_COHERE_COMMAND_A,1fcdc0bad345d18a,paper=eomt,1,0.0,train,0.155198,0,-
f89d3f7268252d37,OPENROUTER_COHERE_COMMAND_A,64521900778c3c90,paper=eomt,1,0.0,train,0.663168,1,-
f89d3f7268252d37,OPENROUTER_COHERE_COMMAND_A,885bf6bc2b30211e,paper=eomt,1,0.0,train,0.089847,0,-
f89d3f7268252d37,OPENROUTER_COHERE_COMMAND_A,51d8a0d5454638b6,paper=eomt,1,1.0,test,0.608248,1,match
f89d3f7268252d37,OPENROUTER_COHERE_COMMAND_A,557e0e9212dc83c3,paper=eomt,1,1.0,test,0.618652,1,match
f89d3f7268252d37,OPENROUTER_COHERE_COMMAND_A,996ae690658f38ac,paper=eomt,1,0.0,train,0.124725,0,-
f89d3f7268252d37,OPENROUTER_COHERE_COMMAND_A,de3c06e5fd55727f,paper=eomt,1,0.0,train,0.136603,0,-
f89d3f7268252d37,OPENROUTER_COHERE_COMMAND_A,5b8c3f7041705246,paper=eomt,1,0.0,train,0.033387,0,-
f89d3f7268252d37,OPENROUTER_COHERE_COMMAND_A,4dbf2551a9799e46,paper=eomt,1,0.0,train,0.013797,0,-
f89d3f7268252d37,OPENROUTER_COHERE_COMMAND_A,5fd86ff59169d660,paper=eomt,1,0.0,train,0.043025,0,-
f89d3f7268252d37,OPENROUTER_COHERE_COMMAND_A,1aef4f6facd814ea,paper=eomt,1,0.0,train,0.211686,0,-
f89d3f7268252d37,OPENROUTER_COHERE_COMMAND_A,e8586b9f159d57cd,paper=eomt,1,0.0,test,0.043988,0,match
f89d3f7268252d37,OPENROUTER_COHERE_COMMAND_A,4d37e699df1a85fb,paper=eomt,1,0.0,train,0.08974,0,-
f89d3f7268252d37,OPENROUTER_COHERE_COMMAND_A,3056610d5d875975,paper=eomt,1,0.0,train,0.000123,0,-
f89d3f7268252d37,OPENROUTER_COHERE_COMMAND_A,340d207d50996738,paper=eomt,1,0.0,train,9.3e-05,0,-
f89d3f7268252d37,OPENROUTER_COHERE_COMMAND_A,d6ddcfe6ee900a29,paper=eomt,1,0.0,train,0.192318,0,-
f89d3f7268252d37,OPENROUTER_COHERE_COMMAND_A,e3cdd98caa7e1647,paper=eomt,1,0.0,train,0.039495,0,-
f89d3f7268252d37,OPENROUTER_COHERE_COMMAND_A,68772b2dd72d2238,paper=eomt,1,0.0,train,0.000135,0,-
f89d3f7268252d37,OPENROUTER_COHERE_COMMAND_A,042e9eafe940e570,paper=eomt,1,0.0,train,0.427278,0,-
f89d3f7268252d37,OPENROUTER_COHERE_COMMAND_A,3694d1de719e157b,paper=eomt,1,0.0,train,9.1e-05,0,-
f89d3f7268252d37,OPENROUTER_COHERE_COMMAND_A,7206e293fbedb36e,paper=eomt,1,0.0,train,0.133241,0,-
f89d3f7268252d37,OPENROUTER_COHERE_COMMAND_A,fe364a0b040e9dd5,paper=eomt,1,0.0,train,0.007031,0,-
f89d3f7268252d37,OPENROUTER_COHERE_COMMAND_A,d28fea369713673d,paper=eomt,1,0.0,train,0.279389,0,-
f89d3f7268252d37,OPENROUTER_COHERE_COMMAND_A,9074f21629aead7d,paper=eomt,1,0.0,test,0.079502,0,match
f89d3f7268252d37,OPENROUTER_COHERE_COMMAND_A,1b17b86a13c2b523,paper=eomt,1,1.0,train,0.706471,1,-
6439159aa9f9ba95,GEMINI_2_5_FLASH_PREVIEW_04_17,eba46b7e2dbd4e57,paper=eomt,1,0.0,train,0.036866,0,-
6439159aa9f9ba95,GEMINI_2_5_FLASH_PREVIEW_04_17,9f6908a52dc07ea6,paper=eomt,1,0.0,train,0.000601,0,-
6439159aa9f9ba95,GEMINI_2_5_FLASH_PREVIEW_04_17,331429a54711c5b6,paper=eomt,1,1.0,train,0.980549,1,-
6439159aa9f9ba95,GEMINI_2_5_FLASH_PREVIEW_04_17,f6ac25a06b6420fa,paper=eomt,1,0.0,test,0.16968,0,match
6439159aa9f9ba95,GEMINI_2_5_FLASH_PREVIEW_04_17,ea27c8f39b1755a4,paper=eomt,1,1.0,test,0.97159,1,match
6439159aa9f9ba95,GEMINI_2_5_FLASH_PREVIEW_04_17,859c32e53164a617,paper=eomt,1,1.0,test,0.937185,1,match
6439159aa9f9ba95,GEMINI_2_5_FLASH_PREVIEW_04_17,67fa04fcf90c435d,paper=eomt,1,0.0,train,0.058204,0,-
6439159aa9f9ba95,GEMINI_2_5_FLASH_PREVIEW_04_17,343d5ac1ad7e342e,paper=eomt,1,1.0,test,0.938897,1,match
6439159aa9f9ba95,GEMINI_2_5_FLASH_PREVIEW_04_17,c9544007f03a7721,paper=eomt,1,1.0,train,0.695755,1,-
6439159aa9f9ba95,GEMINI_2_5_FLASH_PREVIEW_04_17,3d85d9ad47595a55,paper=eomt,1,0.0,train,0.671869,1,-
6439159aa9f9ba95,GEMINI_2_5_FLASH_PREVIEW_04_17,904eb334eb4d76df,paper=eomt,1,0.0,test,0.040207,0,match
6439159aa9f9ba95,GEMINI_2_5_FLASH_PREVIEW_04_17,d3ec8ab8eeeb5b4a,paper=eomt,1,1.0,train,0.23585,0,-
6439159aa9f9ba95,GEMINI_2_5_FLASH_PREVIEW_04_17,1fcdc0bad345d18a,paper=eomt,1,0.0,test,0.522435,1,miss
6439159aa9f9ba95,GEMINI_2_5_FLASH_PREVIEW_04_17,64521900778c3c90,paper=eomt,1,1.0,train,0.921409,1,-
6439159aa9f9ba95,GEMINI_2_5_FLASH_PREVIEW_04_17,885bf6bc2b30211e,paper=eomt,1,1.0,train,0.370213,0,-
6439159aa9f9ba95,GEMINI_2_5_FLASH_PREVIEW_04_17,51d8a0d5454638b6,paper=eomt,1,1.0,test,0.902398,1,match
6439159aa9f9ba95,GEMINI_2_5_FLASH_PREVIEW_04_17,557e0e9212dc83c3,paper=eomt,1,1.0,train,0.906194,1,-
6439159aa9f9ba95,GEMINI_2_5_FLASH_PREVIEW_04_17,996ae690658f38ac,paper=eomt,1,1.0,train,0.459035,0,-
6439159aa9f9ba95,GEMINI_2_5_FLASH_PREVIEW_04_17,de3c06e5fd55727f,paper=eomt,1,1.0,train,0.485106,0,-
6439159aa9f9ba95,GEMINI_2_5_FLASH_PREVIEW_04_17,5b8c3f7041705246,paper=eomt,1,1.0,train,0.170592,0,-
6439159aa9f9ba95,GEMINI_2_5_FLASH_PREVIEW_04_17,4dbf2551a9799e46,paper=eomt,1,0.0,train,0.076899,0,-
6439159aa9f9ba95,GEMINI_2_5_FLASH_PREVIEW_04_17,5fd86ff59169d660,paper=eomt,1,0.0,train,0.211183,0,-
6439159aa9f9ba95,GEMINI_2_5_FLASH_PREVIEW_04_17,1aef4f6facd814ea,paper=eomt,1,1.0,train,0.615244,1,-
6439159aa9f9ba95,GEMINI_2_5_FLASH_PREVIEW_04_17,e8586b9f159d57cd,paper=eomt,1,1.0,train,0.215064,0,-
6439159aa9f9ba95,GEMINI_2_5_FLASH_PREVIEW_04_17,4d37e699df1a85fb,paper=eomt,1,0.0,train,0.369907,0,-
6439159aa9f9ba95,GEMINI_2_5_FLASH_PREVIEW_04_17,3056610d5d875975,paper=eomt,1,0.0,train,0.000732,0,-
6439159aa9f9ba95,GEMINI_2_5_FLASH_PREVIEW_04_17,340d207d50996738,paper=eomt,1,0.0,train,0.000552,0,-
6439159aa9f9ba95,GEMINI_2_5_FLASH_PREVIEW_04_17,d6ddcfe6ee900a29,paper=eomt,1,0.0,test,0.58642,1,miss
6439159aa9f9ba95,GEMINI_2_5_FLASH_PREVIEW_04_17,e3cdd98caa7e1647,paper=eomt,1,0.0,train,0.196695,0,-
6439159aa9f9ba95,GEMINI_2_5_FLASH_PREVIEW_04_17,68772b2dd72d2238,paper=eomt,1,0.0,train,0.000802,0,-
6439159aa9f9ba95,GEMINI_2_5_FLASH_PREVIEW_04_17,042e9eafe940e570,paper=eomt,1,1.0,train,0.816264,1,-
6439159aa9f9ba95,GEMINI_2_5_FLASH_PREVIEW_04_17,3694d1de719e157b,paper=eomt,1,0.0,train,0.000539,0,-
6439159aa9f9ba95,GEMINI_2_5_FLASH_PREVIEW_04_17,7206e293fbedb36e,paper=eomt,1,0.0,test,0.477914,0,match
6439159aa9f9ba95,GEMINI_2_5_FLASH_PREVIEW_04_17,fe364a0b040e9dd5,paper=eomt,1,0.0,train,0.040456,0,-
6439159aa9f9ba95,GEMINI_2_5_FLASH_PREVIEW_04_17,d28fea369713673d,paper=eomt,1,1.0,train,0.697771,1,-
6439159aa9f9ba95,GEMINI_2_5_FLASH_PREVIEW_04_17,9074f21629aead7d,paper=eomt,1,0.0,test,0.339633,0,match
6439159aa9f9ba95,GEMINI_2_5_FLASH_PREVIEW_04_17,1b17b86a13c2b523,paper=eomt,1,1.0,train,0.934778,1,-
4a199d31e7ac5440,GEMINI_2_0_FLASH_LITE,eba46b7e2dbd4e57,paper=eomt,1,0.0,train,0.008207,0,-
4a199d31e7ac5440,GEMINI_2_0_FLASH_LITE,9f6908a52dc07ea6,paper=eomt,1,0.0,train,0.00013,0,-
4a199d31e7ac5440,GEMINI_2_0_FLASH_LITE,331429a54711c5b6,paper=eomt,1,1.0,train,0.915947,1,-
4a199d31e7ac5440,GEMINI_2_0_FLASH_LITE,f6ac25a06b6420fa,paper=eomt,1,0.0,train,0.042307,0,-
4a199d31e7ac5440,GEMINI_2_0_FLASH_LITE,ea27c8f39b1755a4,paper=eomt,1,1.0,train,0.880849,1,-
4a199d31e7ac5440,GEMINI_2_0_FLASH_LITE,859c32e53164a617,paper=eomt,1,1.0,train,0.763328,1,-
4a199d31e7ac5440,GEMINI_2_0_FLASH_LITE,67fa04fcf90c435d,paper=eomt,1,0.0,train,0.013183,0,-
4a199d31e7ac5440,GEMINI_2_0_FLASH_LITE,343d5ac1ad7e342e,paper=eomt,1,1.0,train,0.768608,1,-
4a199d31e7ac5440,GEMINI_2_0_FLASH_LITE,c9544007f03a7721,paper=eomt,1,0.0,train,0.330811,0,-
4a199d31e7ac5440,GEMINI_2_0_FLASH_LITE,3d85d9ad47595a55,paper=eomt,1,0.0,train,0.306819,0,-
4a199d31e7ac5440,GEMINI_2_0_FLASH_LITE,904eb334eb4d76df,paper=eomt,1,0.0,train,0.008974,0,-
4a199d31e7ac5440,GEMINI_2_0_FLASH_LITE,d3ec8ab8eeeb5b4a,paper=eomt,1,0.0,train,0.062547,0,-
4a199d31e7ac5440,GEMINI_2_0_FLASH_LITE,1fcdc0bad345d18a,paper=eomt,1,0.0,train,0.191254,0,-
4a199d31e7ac5440,GEMINI_2_0_FLASH_LITE,64521900778c3c90,paper=eomt,1,0.0,train,0.717067,1,-
4a199d31e7ac5440,GEMINI_2_0_FLASH_LITE,885bf6bc2b30211e,paper=eomt,1,0.0,train,0.112747,0,-
4a199d31e7ac5440,GEMINI_2_0_FLASH_LITE,51d8a0d5454638b6,paper=eomt,1,1.0,train,0.666517,1,-
4a199d31e7ac5440,GEMINI_2_0_FLASH_LITE,557e0e9212dc83c3,paper=eomt,1,1.0,train,0.676197,1,-
4a199d31e7ac5440,GEMINI_2_0_FLASH_LITE,996ae690658f38ac,paper=eomt,1,0.0,train,0.155,0,-
4a199d31e7ac5440,GEMINI_2_0_FLASH_LITE,de3c06e5fd55727f,paper=eomt,1,0.0,train,0.169204,0,-
4a199d31e7ac5440,GEMINI_2_0_FLASH_LITE,5b8c3f7041705246,paper=eomt,1,0.0,train,0.042569,0,-
4a199d31e7ac5440,GEMINI_2_0_FLASH_LITE,4dbf2551a9799e46,paper=eomt,1,0.0,test,0.01769,0,match
4a199d31e7ac5440,GEMINI_2_0_FLASH_LITE,5fd86ff59169d660,paper=eomt,1,0.0,train,0.054708,0,-
4a199d31e7ac5440,GEMINI_2_0_FLASH_LITE,1aef4f6facd814ea,paper=eomt,1,1.0,train,0.256875,0,-
4a199d31e7ac5440,GEMINI_2_0_FLASH_LITE,e8586b9f159d57cd,paper=eomt,1,0.0,train,0.055917,0,-
4a199d31e7ac5440,GEMINI_2_0_FLASH_LITE,4d37e699df1a85fb,paper=eomt,1,0.0,train,0.112616,0,-
4a199d31e7ac5440,GEMINI_2_0_FLASH_LITE,3056610d5d875975,paper=eomt,1,0.0,train,0.000158,0,-
4a199d31e7ac5440,GEMINI_2_0_FLASH_LITE,340d207d50996738,paper=eomt,1,0.0,train,0.000119,0,-
4a199d31e7ac5440,GEMINI_2_0_FLASH_LITE,d6ddcfe6ee900a29,paper=eomt,1,0.0,train,0.234603,0,-
4a199d31e7ac5440,GEMINI_2_0_FLASH_LITE,e3cdd98caa7e1647,paper=eomt,1,1.0,train,0.05027,0,-
4a199d31e7ac5440,GEMINI_2_0_FLASH_LITE,68772b2dd72d2238,paper=eomt,1,0.0,train,0.000173,0,-
4a199d31e7ac5440,GEMINI_2_0_FLASH_LITE,042e9eafe940e570,paper=eomt,1,0.0,train,0.48989,0,-
4a199d31e7ac5440,GEMINI_2_0_FLASH_LITE,3694d1de719e157b,paper=eomt,1,0.0,train,0.000117,0,-
4a199d31e7ac5440,GEMINI_2_0_FLASH_LITE,7206e293fbedb36e,paper=eomt,1,0.0,train,0.165193,0,-
4a199d31e7ac5440,GEMINI_2_0_FLASH_LITE,fe364a0b040e9dd5,paper=eomt,1,0.0,test,0.009032,0,match
4a199d31e7ac5440,GEMINI_2_0_FLASH_LITE,d28fea369713673d,paper=eomt,1,1.0,train,0.332927,0,-
4a199d31e7ac5440,GEMINI_2_0_FLASH_LITE,9074f21629aead7d,paper=eomt,1,0.0,test,0.100055,0,match
4a199d31e7ac5440,GEMINI_2_0_FLASH_LITE,1b17b86a13c2b523,paper=eomt,1,1.0,test,0.755991,1,match
5a9db67a33a34b6b,OPENROUTER_MISTRAL_MEDIUM_3,eba46b7e2dbd4e57,paper=eomt,1,0.0,train,0.013818,0,-
5a9db67a33a34b6b,OPENROUTER_MISTRAL_MEDIUM_3,9f6908a52dc07ea6,paper=eomt,1,0.0,train,0.00022,0,-
5a9db67a33a34b6b,OPENROUTER_MISTRAL_MEDIUM_3,331429a54711c5b6,paper=eomt,1,1.0,train,0.948596,1,-
5a9db67a33a34b6b,OPENROUTER_MISTRAL_MEDIUM_3,f6ac25a06b6420fa,paper=eomt,1,0.0,train,0.069601,0,-
5a9db67a33a34b6b,OPENROUTER_MISTRAL_MEDIUM_3,ea27c8f39b1755a4,paper=eomt,1,1.0,train,0.92603,1,-
5a9db67a33a34b6b,OPENROUTER_MISTRAL_MEDIUM_3,859c32e53164a617,paper=eomt,1,1.0,train,0.845242,1,-
5a9db67a33a34b6b,OPENROUTER_MISTRAL_MEDIUM_3,67fa04fcf90c435d,paper=eomt,1,0.0,train,0.022123,0,-
5a9db67a33a34b6b,OPENROUTER_MISTRAL_MEDIUM_3,343d5ac1ad7e342e,paper=eomt,1,1.0,train,0.849056,1,-
5a9db67a33a34b6b,OPENROUTER_MISTRAL_MEDIUM_3,c9544007f03a7721,paper=eomt,1,0.0,train,0.455674,0,-
5a9db67a33a34b6b,OPENROUTER_MISTRAL_MEDIUM_3,3d85d9ad47595a55,paper=eomt,1,0.0,test,0.428425,0,match
5a9db67a33a34b6b,OPENROUTER_MISTRAL_MEDIUM_3,904eb334eb4d76df,paper=eomt,1,0.0,train,0.015103,0,-
5a9db67a33a34b6b,OPENROUTER_MISTRAL_MEDIUM_3,d3ec8ab8eeeb5b4a,paper=eomt,1,0.0,train,0.101515,0,-
5a9db67a33a34b6b,OPENROUTER_MISTRAL_MEDIUM_3,1fcdc0bad345d18a,paper=eomt,1,0.0,train,0.285951,0,-
5a9db67a33a34b6b,OPENROUTER_MISTRAL_MEDIUM_3,64521900778c3c90,paper=eomt,1,1.0,train,0.811029,1,-
5a9db67a33a34b6b,OPENROUTER_MISTRAL_MEDIUM_3,885bf6bc2b30211e,paper=eomt,1,0.0,train,0.177083,0,-
5a9db67a33a34b6b,OPENROUTER_MISTRAL_MEDIUM_3,51d8a0d5454638b6,paper=eomt,1,1.0,train,0.771927,1,-
5a9db67a33a34b6b,OPENROUTER_MISTRAL_MEDIUM_3,557e0e9212dc83c3,paper=eomt,1,1.0,train,0.779559,1,-
5a9db67a33a34b6b,OPENROUTER_MISTRAL_MEDIUM_3,996ae690658f38ac,paper=eomt,1,0.0,train,0.237007,0,-
5a9db67a33a34b6b,OPENROUTER_MISTRAL_MEDIUM_3,de3c06e5fd55727f,paper=eomt,1,0.0,train,0.256446,0,-
5a9db67a33a34b6b,OPENROUTER_MISTRAL_MEDIUM_3,5b8c3f7041705246,paper=eomt,1,0.0,train,0.070021,0,-
5a9db67a33a34b6b,OPENROUTER_MISTRAL_MEDIUM_3,4dbf2551a9799e46,paper=eomt,1,0.0,train,0.029593,0,-
5a9db67a33a34b6b,OPENROUTER_MISTRAL_MEDIUM_3,5fd86ff59169d660,paper=eomt,1,0.0,train,0.089257,0,-
5a9db67a33a34b6b,OPENROUTER_MISTRAL_MEDIUM_3,1aef4f6facd814ea,paper=eomt,1,0.0,train,0.36923,0,-
5a9db67a33a34b6b,OPENROUTER_MISTRAL_MEDIUM_3,e8586b9f159d57cd,paper=eomt,1,0.0,train,0.091156,0,-
5a9db67a33a34b6b,OPENROUTER_MISTRAL_MEDIUM_3,4d37e699df1a85fb,paper=eomt,1,0.0,train,0.176892,0,-
5a9db67a33a34b6b,OPENROUTER_MISTRAL_MEDIUM_3,3056610d5d875975,paper=eomt,1,0.0,train,0.000268,0,-
5a9db67a33a34b6b,OPENROUTER_MISTRAL_MEDIUM_3,340d207d50996738,paper=eomt,1,0.0,train,0.000202,0,-
5a9db67a33a34b6b,OPENROUTER_MISTRAL_MEDIUM_3,d6ddcfe6ee900a29,paper=eomt,1,0.0,test,0.341695,0,match
5a9db67a33a34b6b,OPENROUTER_MISTRAL_MEDIUM_3,e3cdd98caa7e1647,paper=eomt,1,0.0,train,0.082261,0,-
5a9db67a33a34b6b,OPENROUTER_MISTRAL_MEDIUM_3,68772b2dd72d2238,paper=eomt,1,0.0,train,0.000294,0,-
5a9db67a33a34b6b,OPENROUTER_MISTRAL_MEDIUM_3,042e9eafe940e570,paper=eomt,1,1.0,train,0.619235,1,-
5a9db67a33a34b6b,OPENROUTER_MISTRAL_MEDIUM_3,3694d1de719e157b,paper=eomt,1,0.0,train,0.000197,0,-
5a9db67a33a34b6b,OPENROUTER_MISTRAL_MEDIUM_3,7206e293fbedb36e,paper=eomt,1,0.0,train,0.250991,0,-
5a9db67a33a34b6b,OPENROUTER_MISTRAL_MEDIUM_3,fe364a0b040e9dd5,paper=eomt,1,0.0,train,0.0152,0,-
5a9db67a33a34b6b,OPENROUTER_MISTRAL_MEDIUM_3,d28fea369713673d,paper=eomt,1,1.0,train,0.458043,0,-
5a9db67a33a34b6b,OPENROUTER_MISTRAL_MEDIUM_3,9074f21629aead7d,paper=eomt,1,0.0,train,0.158443,0,-
5a9db67a33a34b6b,OPENROUTER_MISTRAL_MEDIUM_3,1b17b86a13c2b523,paper=eomt,1,1.0,train,0.839912,1,-
92da838173d9f753,GEMINI_2_0_FLASH,402af1accadfdaf0,paper=fractalgen,1,0.0,train,0.437267,0,-
92da838173d9f753,GEMINI_2_0_FLASH,cf40d13966615b66,paper=fractalgen,1,0.0,train,0.607623,1,-
92da838173d9f753,GEMINI_2_0_FLASH,400a39f1e832fcaf,paper=fractalgen,1,0.0,train,0.1946,0,-
92da838173d9f753,GEMINI_2_0_FLASH,42ad9a1abdf970d1,paper=fractalgen,1,0.0,train,0.038985,0,-
92da838173d9f753,GEMINI_2_0_FLASH,e0ad73b556406cd1,paper=fractalgen,1,0.0,train,0.000201,0,-
92da838173d9f753,GEMINI_2_0_FLASH,7a87f7393ffffa95,paper=fractalgen,1,1.0,train,0.968651,1,-
92da838173d9f753,GEMINI_2_0_FLASH,4f8164d696bb9bfd,paper=fractalgen,1,0.0,train,0.064562,0,-
92da838173d9f753,GEMINI_2_0_FLASH,09e157135bf6e187,paper=fractalgen,1,1.0,train,0.817498,1,-
92da838173d9f753,GEMINI_2_0_FLASH,cfb17ae5303e91fd,paper=fractalgen,1,0.0,train,0.077853,0,-
92da838173d9f753,GEMINI_2_0_FLASH,67ce4cccddcca535,paper=fractalgen,1,0.0,train,0.049032,0,-
92da838173d9f753,GEMINI_2_0_FLASH,62a72becb2593e70,paper=fractalgen,1,1.0,train,0.94861,1,-
92da838173d9f753,GEMINI_2_0_FLASH,9b794a26613c05d9,paper=fractalgen,1,0.0,train,0.032357,0,-
92da838173d9f753,GEMINI_2_0_FLASH,1eeb68ee07319907,paper=fractalgen,1,1.0,train,0.929,1,-
7184624c9762b8b9,GPT_4O_2024_08_06,402af1accadfdaf0,paper=fractalgen,1,0.0,train,0.527843,1,-
7184624c9762b8b9,GPT_4O_2024_08_06,cf40d13966615b66,paper=fractalgen,1,0.0,train,0.690205,1,-
7184624c9762b8b9,GPT_4O_2024_08_06,400a39f1e832fcaf,paper=fractalgen,1,0.0,test,0.257951,0,match
7184624c9762b8b9,GPT_4O_2024_08_06,42ad9a1abdf970d1,paper=fractalgen,1,0.0,train,0.055144,0,-
7184624c9762b8b9,GPT_4O_2024_08_06,e0ad73b556406cd1,paper=fractalgen,1,0.0,train,0.00029,0,-
7184624c9762b8b9,GPT_4O_2024_08_06,7a87f7393ffffa95,paper=fractalgen,1,0.0,test,0.978,1,miss
7184624c9762b8b9,GPT_4O_2024_08_06,4f8164d696bb9bfd,paper=fractalgen,1,0.0,train,0.090328,0,-
7184624c9762b8b9,GPT_4O_2024_08_06,09e157135bf6e187,paper=fractalgen,1,1.0,test,0.865674,1,match
7184624c9762b8b9,GPT_4O_2024_08_06,cfb17ae5303e91fd,paper=fractalgen,1,0.0,train,0.108309,0,-
7184624c9762b8b9,GPT_4O_2024_08_06,67ce4cccddcca535,paper=fractalgen,1,0.0,train,0.069058,0,-
7184624c9762b8b9,GPT_4O_2024_08_06,62a72becb2593e70,paper=fractalgen,1,1.0,test,0.963712,1,match
7184624c9762b8b9,GPT_4O_2024_08_06,9b794a26613c05d9,paper=fractalgen,1,0.0,train,0.045901,0,-
7184624c9762b8b9,GPT_4O_2024_08_06,1eeb68ee07319907,paper=fractalgen,1,1.0,test,0.949558,1,match
3f126a3baa99198a,GPT_4O_MINI,402af1accadfdaf0,paper=fractalgen,1,1.0,train,0.155581,0,-
3f126a3baa99198a,GPT_4O_MINI,cf40d13966615b66,paper=fractalgen,1,0.0,train,0.26857,0,-
3f126a3baa99198a,GPT_4O_MINI,400a39f1e832fcaf,paper=fractalgen,1,0.0,train,0.054186,0,-
3f126a3baa99198a,GPT_4O_MINI,42ad9a1abdf970d1,paper=fractalgen,1,0.0,train,0.009527,0,-
3f126a3baa99198a,GPT_4O_MINI,e0ad73b556406cd1,paper=fractalgen,1,0.0,test,4.8e-05,0,match
3f126a3baa99198a,GPT_4O_MINI,7a87f7393ffffa95,paper=fractalgen,1,1.0,train,0.879903,1,-
3f126a3baa99198a,GPT_4O_MINI,4f8164d696bb9bfd,paper=fractalgen,1,0.0,test,0.016102,0,match
3f126a3baa99198a,GPT_4O_MINI,09e157135bf6e187,paper=fractalgen,1,1.0,train,0.515062,1,-
3f126a3baa99198a,GPT_4O_MINI,cfb17ae5303e91fd,paper=fractalgen,1,0.0,train,0.019626,0,-
3f126a3baa99198a,GPT_4O_MINI,67ce4cccddcca535,paper=fractalgen,1,0.0,train,0.012078,0,-
3f126a3baa99198a,GPT_4O_MINI,62a72becb2593e70,paper=fractalgen,1,1.0,train,0.814018,1,-
3f126a3baa99198a,GPT_4O_MINI,9b794a26613c05d9,paper=fractalgen,1,0.0,test,0.007867,0,match
3f126a3baa99198a,GPT_4O_MINI,1eeb68ee07319907,paper=fractalgen,1,1.0,train,0.756246,1,-
21a139c20bbac1e2,O3_MINI_HIGH,402af1accadfdaf0,paper=fractalgen,1,1.0,train,0.83366,1,-
21a139c20bbac1e2,O3_MINI_HIGH,cf40d13966615b66,paper=fractalgen,1,1.0,train,0.908991,1,-
21a139c20bbac1e2,O3_MINI_HIGH,400a39f1e832fcaf,paper=fractalgen,1,1.0,train,0.60913,1,-
21a139c20bbac1e2,O3_MINI_HIGH,42ad9a1abdf970d1,paper=fractalgen,1,0.0,test,0.207383,0,match
21a139c20bbac1e2,O3_MINI_HIGH,e0ad73b556406cd1,paper=fractalgen,1,0.0,train,0.001298,0,-
21a139c20bbac1e2,O3_MINI_HIGH,7a87f7393ffffa95,paper=fractalgen,1,0.0,test,0.995007,1,miss
21a139c20bbac1e2,O3_MINI_HIGH,4f8164d696bb9bfd,paper=fractalgen,1,0.0,train,0.308032,0,-
21a139c20bbac1e2,O3_MINI_HIGH,09e157135bf6e187,paper=fractalgen,1,1.0,train,0.966545,1,-
21a139c20bbac1e2,O3_MINI_HIGH,cfb17ae5303e91fd,paper=fractalgen,1,0.0,train,0.352554,0,-
21a139c20bbac1e2,O3_MINI_HIGH,67ce4cccddcca535,paper=fractalgen,1,0.0,test,0.249561,0,match
21a139c20bbac1e2,O3_MINI_HIGH,62a72becb2593e70,paper=fractalgen,1,1.0,train,0.991671,1,-
21a139c20bbac1e2,O3_MINI_HIGH,9b794a26613c05d9,paper=fractalgen,1,1.0,train,0.177414,0,-
21a139c20bbac1e2,O3_MINI_HIGH,1eeb68ee07319907,paper=fractalgen,1,1.0,train,0.988289,1,-
22e9aca88e136167,DEEPSEEK_R1,402af1accadfdaf0,paper=fractalgen,1,0.0,test,0.614607,1,miss
22e9aca88e136167,DEEPSEEK_R1,cf40d13966615b66,paper=fractalgen,1,1.0,test,0.760662,1,match
22e9aca88e136167,DEEPSEEK_R1,400a39f1e832fcaf,paper=fractalgen,1,1.0,test,0.331499,0,miss
22e9aca88e136167,DEEPSEEK_R1,42ad9a1abdf970d1,paper=fractalgen,1,1.0,train,0.076857,0,-
22e9aca88e136167,DEEPSEEK_R1,e0ad73b556406cd1,paper=fractalgen,1,0.0,train,0.000413,0,-
22e9aca88e136167,DEEPSEEK_R1,7a87f7393ffffa95,paper=fractalgen,1,1.0,train,0.984476,1,-
22e9aca88e136167,DEEPSEEK_R1,4f8164d696bb9bfd,paper=fractalgen,1,0.0,train,0.124074,0,-
22e9aca88e136167,DEEPSEEK_R1,09e157135bf6e187,paper=fractalgen,1,1.0,train,0.901896,1,-
22e9aca88e136167,DEEPSEEK_R1,cfb17ae5303e91fd,paper=fractalgen,1,0.0,train,0.147682,0,-
22e9aca88e136167,DEEPSEEK_R1,67ce4cccddcca535,paper=fractalgen,1,0.0,train,0.095693,0,-
22e9aca88e136167,DEEPSEEK_R1,62a72becb2593e70,paper=fractalgen,1,1.0,train,0.974283,1,-
22e9aca88e136167,DEEPSEEK_R1,9b794a26613c05d9,paper=fractalgen,1,0.0,train,0.064222,0,-
22e9aca88e136167,DEEPSEEK_R1,1eeb68ee07319907,paper=fractalgen,1,1.0,train,0.964098,1,-
1872c1340f216012,O1_HIGH,402af1accadfdaf0,paper=fractalgen,1,0.0,test,0.712469,1,miss
1872c1340f216012,O1_HIGH,cf40d13966615b66,paper=fractalgen,1,1.0,train,0.831598,1,-
1872c1340f216012,O1_HIGH,400a39f1e832fcaf,paper=fractalgen,1,1.0,train,0.435184,0,-
1872c1340f216012,O1_HIGH,42ad9a1abdf970d1,paper=fractalgen,1,0.0,train,0.114542,0,-
1872c1340f216012,O1_HIGH,e0ad73b556406cd1,paper=fractalgen,1,0.0,test,0.000642,0,match
1872c1340f216012,O1_HIGH,7a87f7393ffffa95,paper=fractalgen,1,1.0,train,0.989953,1,-
1872c1340f216012,O1_HIGH,4f8164d696bb9bfd,paper=fractalgen,1,1.0,test,0.180388,0,miss
1872c1340f216012,O1_HIGH,09e157135bf6e187,paper=fractalgen,1,0.0,test,0.934573,1,miss
1872c1340f216012,O1_HIGH,cfb17ae5303e91fd,paper=fractalgen,1,0.0,test,0.212116,0,match
1872c1340f216012,O1_HIGH,67ce4cccddcca535,paper=fractalgen,1,1.0,train,0.141202,0,-
1872c1340f216012,O1_HIGH,62a72becb2593e70,paper=fractalgen,1,1.0,train,0.983295,1,-
1872c1340f216012,O1_HIGH,9b794a26613c05d9,paper=fractalgen,1,0.0,train,0.096359,0,-
1872c1340f216012,O1_HIGH,1eeb68ee07319907,paper=fractalgen,1,1.0,train,0.976594,1,-
8d49a7a13f10df7f,GPT_4_1,402af1accadfdaf0,paper=fractalgen,1,1.0,train,0.760977,1,-
8d49a7a13f10df7f,GPT_4_1,cf40d13966615b66,paper=fractalgen,1,1.0,test,0.863849,1,match
8d49a7a13f10df7f,GPT_4_1,400a39f1e832fcaf,paper=fractalgen,1,1.0,train,0.497478,0,-
8d49a7a13f10df7f,GPT_4_1,42ad9a1abdf970d1,paper=fractalgen,1,0.0,train,0.142519,0,-
8d49a7a13f10df7f,GPT_4_1,e0ad73b556406cd1,paper=fractalgen,1,0.0,train,0.000825,0,-
8d49a7a13f10df7f,GPT_4_1,7a87f7393ffffa95,paper=fractalgen,1,1.0,test,0.992163,1,match
8d49a7a13f10df7f,GPT_4_1,4f8164d696bb9bfd,paper=fractalgen,1,1.0,test,0.220444,0,miss
8d49a7a13f10df7f,GPT_4_1,09e157135bf6e187,paper=fractalgen,1,1.0,test,0.948328,1,match
8d49a7a13f10df7f,GPT_4_1,cfb17ae5303e91fd,paper=fractalgen,1,0.0,train,0.257008,0,-
8d49a7a13f10df7f,GPT_4_1,67ce4cccddcca535,paper=fractalgen,1,0.0,train,0.174408,0,-
8d49a7a13f10df7f,GPT_4_1,62a72becb2593e70,paper=fractalgen,1,1.0,train,0.98695,1,-
8d49a7a13f10df7f,GPT_4_1,9b794a26613c05d9,paper=fractalgen,1,0.0,test,0.120499,0,match
8d49a7a13f10df7f,GPT_4_1,1eeb68ee07319907,paper=fractalgen,1,1.0,train,0.981688,1,-
efdd1f09f2fb64b9,GPT_4_1_MINI,402af1accadfdaf0,paper=fractalgen,1,1.0,train,0.593411,1,-
efdd1f09f2fb64b9,GPT_4_1_MINI,cf40d13966615b66,paper=fractalgen,1,1.0,train,0.744155,1,-
efdd1f09f2fb64b9,GPT_4_1_MINI,400a39f1e832fcaf,paper=fractalgen,1,1.0,test,0.312158,0,miss
efdd1f09f2fb64b9,GPT_4_1_MINI,42ad9a1abdf970d1,paper=fractalgen,1,0.0,train,0.070799,0,-
efdd1f09f2fb64b9,GPT_4_1_MINI,e0ad73b556406cd1,paper=fractalgen,1,0.0,train,0.000378,0,-
efdd1f09f2fb64b9,GPT_4_1_MINI,7a87f7393ffffa95,paper=fractalgen,1,1.0,train,0.983062,1,-
efdd1f09f2fb64b9,GPT_4_1_MINI,4f8164d696bb9bfd,paper=fractalgen,1,0.0,test,0.114758,0,match
efdd1f09f2fb64b9,GPT_4_1_MINI,09e157135bf6e187,paper=fractalgen,1,1.0,train,0.893769,1,-
efdd1f09f2fb64b9,GPT_4_1_MINI,cfb17ae5303e91fd,paper=fractalgen,1,0.0,test,0.13687,0,match
efdd1f09f2fb64b9,GPT_4_1_MINI,67ce4cccddcca535,paper=fractalgen,1,0.0,train,0.088293,0,-
efdd1f09f2fb64b9,GPT_4_1_MINI,62a72becb2593e70,paper=fractalgen,1,1.0,train,0.971966,1,-
efdd1f09f2fb64b9,GPT_4_1_MINI,9b794a26613c05d9,paper=fractalgen,1,0.0,test,0.059096,0,match
efdd1f09f2fb64b9,GPT_4_1_MINI,1eeb68ee07319907,paper=fractalgen,1,1.0,test,0.960901,1,match
be16a6de1e20efee,GPT_4_1_NANO,402af1accadfdaf0,paper=fractalgen,1,0.0,train,0.073707,0,-
be16a6de1e20efee,GPT_4_1_NANO,cf40d13966615b66,paper=fractalgen,1,0.0,train,0.136874,0,-
be16a6de1e20efee,GPT_4_1_NANO,400a39f1e832fcaf,paper=fractalgen,1,1.0,train,0.024145,0,-
be16a6de1e20efee,GPT_4_1_NANO,42ad9a1abdf970d1,paper=fractalgen,1,0.0,train,0.004137,0,-
be16a6de1e20efee,GPT_4_1_NANO,e0ad73b556406cd1,paper=fractalgen,1,0.0,train,2.1e-05,0,-
be16a6de1e20efee,GPT_4_1_NANO,7a87f7393ffffa95,paper=fractalgen,1,0.0,train,0.759859,1,-
be16a6de1e20efee,GPT_4_1_NANO,4f8164d696bb9bfd,paper=fractalgen,1,0.0,train,0.007018,0,-
be16a6de1e20efee,GPT_4_1_NANO,09e157135bf6e187,paper=fractalgen,1,1.0,test,0.314462,0,miss
be16a6de1e20efee,GPT_4_1_NANO,cfb17ae5303e91fd,paper=fractalgen,1,0.0,train,0.008571,0,-
be16a6de1e20efee,GPT_4_1_NANO,67ce4cccddcca535,paper=fractalgen,1,0.0,test,0.005252,0,match
be16a6de1e20efee,GPT_4_1_NANO,62a72becb2593e70,paper=fractalgen,1,1.0,train,0.654014,1,-
be16a6de1e20efee,GPT_4_1_NANO,9b794a26613c05d9,paper=fractalgen,1,0.0,train,0.003413,0,-
be16a6de1e20efee,GPT_4_1_NANO,1eeb68ee07319907,paper=fractalgen,1,1.0,train,0.572634,1,-
1c618d9d58429b09,O3_HIGH,402af1accadfdaf0,paper=fractalgen,1,1.0,train,0.884794,1,-
1c618d9d58429b09,O3_HIGH,cf40d13966615b66,paper=fractalgen,1,1.0,test,0.938672,1,match
1c618d9d58429b09,O3_HIGH,400a39f1e832fcaf,paper=fractalgen,1,1.0,test,0.70485,1,match
1c618d9d58429b09,O3_HIGH,42ad9a1abdf970d1,paper=fractalgen,1,0.0,train,0.286196,0,-
1c618d9d58429b09,O3_HIGH,e0ad73b556406cd1,paper=fractalgen,1,0.0,train,0.001987,0,-
1c618d9d58429b09,O3_HIGH,7a87f7393ffffa95,paper=fractalgen,1,1.0,train,0.996736,1,-
1c618d9d58429b09,O3_HIGH,4f8164d696bb9bfd,paper=fractalgen,1,0.0,train,0.405526,0,-
1c618d9d58429b09,O3_HIGH,09e157135bf6e187,paper=fractalgen,1,1.0,train,0.977912,1,-
1c618d9d58429b09,O3_HIGH,cfb17ae5303e91fd,paper=fractalgen,1,1.0,train,0.454876,0,-
1c618d9d58429b09,O3_HIGH,67ce4cccddcca535,paper=fractalgen,1,1.0,train,0.337577,0,-
1c618d9d58429b09,O3_HIGH,62a72becb2593e70,paper=fractalgen,1,1.0,test,0.994549,1,match
1c618d9d58429b09,O3_HIGH,9b794a26613c05d9,paper=fractalgen,1,0.0,train,0.248407,0,-
1c618d9d58429b09,O3_HIGH,1eeb68ee07319907,paper=fractalgen,1,1.0,train,0.992327,1,-
bce3d3ee52ef698f,CLAUDE_3_5_SONNET_2024_10_22,402af1accadfdaf0,paper=fractalgen,1,1.0,train,0.690228,1,-
bce3d3ee52ef698f,CLAUDE_3_5_SONNET_2024_10_22,cf40d13966615b66,paper=fractalgen,1,1.0,train,0.816195,1,-
bce3d3ee52ef698f,CLAUDE_3_5_SONNET_2024_10_22,400a39f1e832fcaf,paper=fractalgen,1,1.0,train,0.409279,0,-
bce3d3ee52ef698f,CLAUDE_3_5_SONNET_2024_10_22,42ad9a1abdf970d1,paper=fractalgen,1,0.0,train,0.104203,0,-
bce3d3ee52ef698f,CLAUDE_3_5_SONNET_2024_10_22,e0ad73b556406cd1,paper=fractalgen,1,0.0,train,0.000577,0,-
bce3d3ee52ef698f,CLAUDE_3_5_SONNET_2024_10_22,7a87f7393ffffa95,paper=fractalgen,1,1.0,train,0.98884,1,-
bce3d3ee52ef698f,CLAUDE_3_5_SONNET_2024_10_22,4f8164d696bb9bfd,paper=fractalgen,1,1.0,train,0.165213,0,-
bce3d3ee52ef698f,CLAUDE_3_5_SONNET_2024_10_22,09e157135bf6e187,paper=fractalgen,1,1.0,train,0.92777,1,-
bce3d3ee52ef698f,CLAUDE_3_5_SONNET_2024_10_22,cfb17ae5303e91fd,paper=fractalgen,1,0.0,train,0.194907,0,-
bce3d3ee52ef698f,CLAUDE_3_5_SONNET_2024_10_22,67ce4cccddcca535,paper=fractalgen,1,0.0,train,0.128806,0,-
bce3d3ee52ef698f,CLAUDE_3_5_SONNET_2024_10_22,62a72becb2593e70,paper=fractalgen,1,1.0,train,0.981458,1,-
bce3d3ee52ef698f,CLAUDE_3_5_SONNET_2024_10_22,9b794a26613c05d9,paper=fractalgen,1,1.0,test,0.087498,0,miss
bce3d3ee52ef698f,CLAUDE_3_5_SONNET_2024_10_22,1eeb68ee07319907,paper=fractalgen,1,1.0,train,0.97404,1,-
39edf3fbaacf1629,CLAUDE_3_7_SONNET_2025_02_19,402af1accadfdaf0,paper=fractalgen,1,1.0,train,0.761493,1,-
39edf3fbaacf1629,CLAUDE_3_7_SONNET_2025_02_19,cf40d13966615b66,paper=fractalgen,1,1.0,train,0.864182,1,-
39edf3fbaacf1629,CLAUDE_3_7_SONNET_2025_02_19,400a39f1e832fcaf,paper=fractalgen,1,0.0,train,0.498187,0,-
39edf3fbaacf1629,CLAUDE_3_7_SONNET_2025_02_19,42ad9a1abdf970d1,paper=fractalgen,1,0.0,train,0.142866,0,-
39edf3fbaacf1629,CLAUDE_3_7_SONNET_2025_02_19,e0ad73b556406cd1,paper=fractalgen,1,0.0,train,0.000827,0,-
39edf3fbaacf1629,CLAUDE_3_7_SONNET_2025_02_19,7a87f7393ffffa95,paper=fractalgen,1,1.0,test,0.992185,1,match
39edf3fbaacf1629,CLAUDE_3_7_SONNET_2025_02_19,4f8164d696bb9bfd,paper=fractalgen,1,0.0,train,0.220932,0,-
39edf3fbaacf1629,CLAUDE_3_7_SONNET_2025_02_19,09e157135bf6e187,paper=fractalgen,1,1.0,train,0.948467,1,-
39edf3fbaacf1629,CLAUDE_3_7_SONNET_2025_02_19,cfb17ae5303e91fd,paper=fractalgen,1,0.0,train,0.25755,0,-
39edf3fbaacf1629,CLAUDE_3_7_SONNET_2025_02_19,67ce4cccddcca535,paper=fractalgen,1,0.0,train,0.174817,0,-
39edf3fbaacf1629,CLAUDE_3_7_SONNET_2025_02_19,62a72becb2593e70,paper=fractalgen,1,1.0,train,0.986987,1,-
39edf3fbaacf1629,CLAUDE_3_7_SONNET_2025_02_19,9b794a26613c05d9,paper=fractalgen,1,0.0,train,0.1208,0,-
39edf3fbaacf1629,CLAUDE_3_7_SONNET_2025_02_19,1eeb68ee07319907,paper=fractalgen,1,1.0,train,0.981739,1,-
a531ea372ae4b71d,GROK_3_BETA,402af1accadfdaf0,paper=fractalgen,1,1.0,train,0.536523,1,-
a531ea372ae4b71d,GROK_3_BETA,cf40d13966615b66,paper=fractalgen,1,1.0,train,0.69761,1,-
a531ea372ae4b71d,GROK_3_BETA,400a39f1e832fcaf,paper=fractalgen,1,0.0,train,0.264681,0,-
a531ea372ae4b71d,GROK_3_BETA,42ad9a1abdf970d1,paper=fractalgen,1,0.0,train,0.056989,0,-
a531ea372ae4b71d,GROK_3_BETA,e0ad73b556406cd1,paper=fractalgen,1,0.0,test,0.0003,0,match
a531ea372ae4b71d,GROK_3_BETA,7a87f7393ffffa95,paper=fractalgen,1,1.0,test,0.978738,1,match
a531ea372ae4b71d,GROK_3_BETA,4f8164d696bb9bfd,paper=fractalgen,1,0.0,train,0.093234,0,-
a531ea372ae4b71d,GROK_3_BETA,09e157135bf6e187,paper=fractalgen,1,1.0,train,0.869676,1,-
a531ea372ae4b71d,GROK_3_BETA,cfb17ae5303e91fd,paper=fractalgen,1,1.0,test,0.111722,0,miss
a531ea372ae4b71d,GROK_3_BETA,67ce4cccddcca535,paper=fractalgen,1,0.0,train,0.071333,0,-
a531ea372ae4b71d,GROK_3_BETA,62a72becb2593e70,paper=fractalgen,1,1.0,train,0.964912,1,-
a531ea372ae4b71d,GROK_3_BETA,9b794a26613c05d9,paper=fractalgen,1,1.0,test,0.047453,0,miss
a531ea372ae4b71d,GROK_3_BETA,1eeb68ee07319907,paper=fractalgen,1,1.0,train,0.951202,1,-
ac78f79a36a11b0e,GEMINI_2_5_PRO_PREVIEW_03_25,402af1accadfdaf0,paper=fractalgen,1,0.0,train,0.905688,1,-
ac78f79a36a11b0e,GEMINI_2_5_PRO_PREVIEW_03_25,cf40d13966615b66,paper=fractalgen,1,1.0,train,0.950343,1,-
ac78f79a36a11b0e,GEMINI_2_5_PRO_PREVIEW_03_25,400a39f1e832fcaf,paper=fractalgen,1,0.0,train,0.749125,1,-
ac78f79a36a11b0e,GEMINI_2_5_PRO_PREVIEW_03_25,42ad9a1abdf970d1,paper=fractalgen,1,0.0,train,0.333927,0,-
ac78f79a36a11b0e,GEMINI_2_5_PRO_PREVIEW_03_25,e0ad73b556406cd1,paper=fractalgen,1,0.0,train,0.002483,0,-
ac78f79a36a11b0e,GEMINI_2_5_PRO_PREVIEW_03_25,7a87f7393ffffa95,paper=fractalgen,1,1.0,train,0.997388,1,-
ac78f79a36a11b0e,GEMINI_2_5_PRO_PREVIEW_03_25,4f8164d696bb9bfd,paper=fractalgen,1,1.0,test,0.460324,0,miss
ac78f79a36a11b0e,GEMINI_2_5_PRO_PREVIEW_03_25,09e157135bf6e187,paper=fractalgen,1,1.0,train,0.982256,1,-
ac78f79a36a11b0e,GEMINI_2_5_PRO_PREVIEW_03_25,cfb17ae5303e91fd,paper=fractalgen,1,0.0,train,0.510614,1,-
ac78f79a36a11b0e,GEMINI_2_5_PRO_PREVIEW_03_25,67ce4cccddcca535,paper=fractalgen,1,0.0,train,0.389204,0,-
ac78f79a36a11b0e,GEMINI_2_5_PRO_PREVIEW_03_25,62a72becb2593e70,paper=fractalgen,1,1.0,train,0.995636,1,-
ac78f79a36a11b0e,GEMINI_2_5_PRO_PREVIEW_03_25,9b794a26613c05d9,paper=fractalgen,1,0.0,train,0.292417,0,-
ac78f79a36a11b0e,GEMINI_2_5_PRO_PREVIEW_03_25,1eeb68ee07319907,paper=fractalgen,1,1.0,train,0.993854,1,-
b97dccb68ad1d70a,OPENROUTER_DEEPSEEK_CHAT_V3_0324,402af1accadfdaf0,paper=fractalgen,1,0.0,test,0.563489,1,miss
b97dccb68ad1d70a,OPENROUTER_DEEPSEEK_CHAT_V3_0324,cf40d13966615b66,paper=fractalgen,1,1.0,train,0.720093,1,-
b97dccb68ad1d70a,OPENROUTER_DEEPSEEK_CHAT_V3_0324,400a39f1e832fcaf,paper=fractalgen,1,1.0,train,0.286428,0,-
b97dccb68ad1d70a,OPENROUTER_DEEPSEEK_CHAT_V3_0324,42ad9a1abdf970d1,paper=fractalgen,1,1.0,train,0.063137,0,-
b97dccb68ad1d70a,OPENROUTER_DEEPSEEK_CHAT_V3_0324,e0ad73b556406cd1,paper=fractalgen,1,0.0,train,0.000335,0,-
b97dccb68ad1d70a,OPENROUTER_DEEPSEEK_CHAT_V3_0324,7a87f7393ffffa95,paper=fractalgen,1,1.0,train,0.980891,1,-
b97dccb68ad1d70a,OPENROUTER_DEEPSEEK_CHAT_V3_0324,4f8164d696bb9bfd,paper=fractalgen,1,0.0,train,0.102865,0,-
b97dccb68ad1d70a,OPENROUTER_DEEPSEEK_CHAT_V3_0324,09e157135bf6e187,paper=fractalgen,1,1.0,test,0.881539,1,match
b97dccb68ad1d70a,OPENROUTER_DEEPSEEK_CHAT_V3_0324,cfb17ae5303e91fd,paper=fractalgen,1,0.0,test,0.123004,0,match
b97dccb68ad1d70a,OPENROUTER_DEEPSEEK_CHAT_V3_0324,67ce4cccddcca535,paper=fractalgen,1,0.0,train,0.078898,0,-
b97dccb68ad1d70a,OPENROUTER_DEEPSEEK_CHAT_V3_0324,62a72becb2593e70,paper=fractalgen,1,1.0,train,0.96842,1,-
b97dccb68ad1d70a,OPENROUTER_DEEPSEEK_CHAT_V3_0324,9b794a26613c05d9,paper=fractalgen,1,0.0,train,0.052629,0,-
b97dccb68ad1d70a,OPENROUTER_DEEPSEEK_CHAT_V3_0324,1eeb68ee07319907,paper=fractalgen,1,1.0,test,0.956019,1,match
09f4a41bb2e2d341,QWEN_2_5_CODER_32B_INSTRUCT,402af1accadfdaf0,paper=fractalgen,1,0.0,train,0.196216,0,-
09f4a41bb2e2d341,QWEN_2_5_CODER_32B_INSTRUCT,cf40d13966615b66,paper=fractalgen,1,0.0,test,0.327277,0,match
09f4a41bb2e2d341,QWEN_2_5_CODER_32B_INSTRUCT,400a39f1e832fcaf,paper=fractalgen,1,0.0,test,0.070551,0,match
09f4a41bb2e2d341,QWEN_2_5_CODER_32B_INSTRUCT,42ad9a1abdf970d1,paper=fractalgen,1,0.0,train,0.012584,0,-
09f4a41bb2e2d341,QWEN_2_5_CODER_32B_INSTRUCT,e0ad73b556406cd1,paper=fractalgen,1,0.0,test,6.3e-05,0,match
09f4a41bb2e2d341,QWEN_2_5_CODER_32B_INSTRUCT,7a87f7393ffffa95,paper=fractalgen,1,1.0,train,0.906606,1,-
09f4a41bb2e2d341,QWEN_2_5_CODER_32B_INSTRUCT,4f8164d696bb9bfd,paper=fractalgen,1,0.0,test,0.021223,0,match
09f4a41bb2e2d341,QWEN_2_5_CODER_32B_INSTRUCT,09e157135bf6e187,paper=fractalgen,1,0.0,train,0.584587,1,-
09f4a41bb2e2d341,QWEN_2_5_CODER_32B_INSTRUCT,cfb17ae5303e91fd,paper=fractalgen,1,0.0,test,0.025838,0,match
09f4a41bb2e2d341,QWEN_2_5_CODER_32B_INSTRUCT,67ce4cccddcca535,paper=fractalgen,1,0.0,train,0.01594,0,-
09f4a41bb2e2d341,QWEN_2_5_CODER_32B_INSTRUCT,62a72becb2593e70,paper=fractalgen,1,1.0,test,0.852922,1,match
09f4a41bb2e2d341,QWEN_2_5_CODER_32B_INSTRUCT,9b794a26613c05d9,paper=fractalgen,1,0.0,train,0.010396,0,-
09f4a41bb2e2d341,QWEN_2_5_CODER_32B_INSTRUCT,1eeb68ee07319907,paper=fractalgen,1,1.0,test,0.804329,1,match
c117f9213dc5d8c9,LLAMA_3_3_70B_INSTRUCT,402af1accadfdaf0,paper=fractalgen,1,0.0,train,0.039447,0,-
c117f9213dc5d8c9,LLAMA_3_3_70B_INSTRUCT,cf40d13966615b66,paper=fractalgen,1,0.0,test,0.075651,0,match
c117f9213dc5d8c9,LLAMA_3_3_70B_INSTRUCT,400a39f1e832fcaf,paper=fractalgen,1,0.0,test,0.012609,0,match
c117f9213dc5d8c9,LLAMA_3_3_70B_INSTRUCT,42ad9a1abdf970d1,paper=fractalgen,1,0.0,test,0.002139,0,match
c117f9213dc5d8c9,LLAMA_3_3_70B_INSTRUCT,e0ad73b556406cd1,paper=fractalgen,1,0.0,train,1.1e-05,0,-
c117f9213dc5d8c9,LLAMA_3_3_70B_INSTRUCT,7a87f7393ffffa95,paper=fractalgen,1,1.0,train,0.62021,1,-
c117f9213dc5d8c9,LLAMA_3_3_70B_INSTRUCT,4f8164d696bb9bfd,paper=fractalgen,1,0.0,test,0.003634,0,match
c117f9213dc5d8c9,LLAMA_3_3_70B_INSTRUCT,09e157135bf6e187,paper=fractalgen,1,0.0,train,0.191421,0,-
c117f9213dc5d8c9,LLAMA_3_3_70B_INSTRUCT,cfb17ae5303e91fd,paper=fractalgen,1,0.0,train,0.004442,0,-
c117f9213dc5d8c9,LLAMA_3_3_70B_INSTRUCT,67ce4cccddcca535,paper=fractalgen,1,0.0,train,0.002718,0,-
c117f9213dc5d8c9,LLAMA_3_3_70B_INSTRUCT,62a72becb2593e70,paper=fractalgen,1,0.0,train,0.493817,0,-
c117f9213dc5d8c9,LLAMA_3_3_70B_INSTRUCT,9b794a26613c05d9,paper=fractalgen,1,0.0,test,0.001764,0,match
c117f9213dc5d8c9,LLAMA_3_3_70B_INSTRUCT,1eeb68ee07319907,paper=fractalgen,1,0.0,test,0.408817,0,match
b2436ce8ede11e03,OPENROUTER_O4_MINI_HIGH,402af1accadfdaf0,paper=fractalgen,1,1.0,train,0.868812,1,-
b2436ce8ede11e03,OPENROUTER_O4_MINI_HIGH,cf40d13966615b66,paper=fractalgen,1,1.0,test,0.929569,1,match
b2436ce8ede11e03,OPENROUTER_O4_MINI_HIGH,400a39f1e832fcaf,paper=fractalgen,1,1.0,train,0.673128,1,-
b2436ce8ede11e03,OPENROUTER_O4_MINI_HIGH,42ad9a1abdf970d1,paper=fractalgen,1,0.0,train,0.256915,0,-
b2436ce8ede11e03,OPENROUTER_O4_MINI_HIGH,e0ad73b556406cd1,paper=fractalgen,1,0.0,train,0.001714,0,-
b2436ce8ede11e03,OPENROUTER_O4_MINI_HIGH,7a87f7393ffffa95,paper=fractalgen,1,1.0,train,0.996217,1,-
b2436ce8ede11e03,OPENROUTER_O4_MINI_HIGH,4f8164d696bb9bfd,paper=fractalgen,1,0.0,train,0.370371,0,-
b2436ce8ede11e03,OPENROUTER_O4_MINI_HIGH,09e157135bf6e187,paper=fractalgen,1,1.0,test,0.974475,1,match
b2436ce8ede11e03,OPENROUTER_O4_MINI_HIGH,cfb17ae5303e91fd,paper=fractalgen,1,1.0,train,0.418454,0,-
b2436ce8ede11e03,OPENROUTER_O4_MINI_HIGH,67ce4cccddcca535,paper=fractalgen,1,0.0,train,0.305287,0,-
b2436ce8ede11e03,OPENROUTER_O4_MINI_HIGH,62a72becb2593e70,paper=fractalgen,1,1.0,train,0.993684,1,-
b2436ce8ede11e03,OPENROUTER_O4_MINI_HIGH,9b794a26613c05d9,paper=fractalgen,1,0.0,train,0.221791,0,-
b2436ce8ede11e03,OPENROUTER_O4_MINI_HIGH,1eeb68ee07319907,paper=fractalgen,1,1.0,train,0.991112,1,-
2bfd4cd36591d7f5,GROK_3_MINI_BETA_HIGH,402af1accadfdaf0,paper=fractalgen,1,0.0,test,0.116358,0,match
2bfd4cd36591d7f5,GROK_3_MINI_BETA_HIGH,cf40d13966615b66,paper=fractalgen,1,0.0,train,0.207874,0,-
2bfd4cd36591d7f5,GROK_3_MINI_BETA_HIGH,400a39f1e832fcaf,paper=fractalgen,1,0.0,train,0.039335,0,-
2bfd4cd36591d7f5,GROK_3_MINI_BETA_HIGH,42ad9a1abdf970d1,paper=fractalgen,1,0.0,train,0.006828,0,-
2bfd4cd36591d7f5,GROK_3_MINI_BETA_HIGH,e0ad73b556406cd1,paper=fractalgen,1,0.0,train,3.4e-05,0,-
2bfd4cd36591d7f5,GROK_3_MINI_BETA_HIGH,7a87f7393ffffa95,paper=fractalgen,1,1.0,train,0.839648,1,-
2bfd4cd36591d7f5,GROK_3_MINI_BETA_HIGH,4f8164d696bb9bfd,paper=fractalgen,1,1.0,train,0.011561,0,-
2bfd4cd36591d7f5,GROK_3_MINI_BETA_HIGH,09e157135bf6e187,paper=fractalgen,1,0.0,test,0.431525,0,match
2bfd4cd36591d7f5,GROK_3_MINI_BETA_HIGH,cfb17ae5303e91fd,paper=fractalgen,1,0.0,train,0.014105,0,-
2bfd4cd36591d7f5,GROK_3_MINI_BETA_HIGH,67ce4cccddcca535,paper=fractalgen,1,0.0,train,0.008662,0,-
2bfd4cd36591d7f5,GROK_3_MINI_BETA_HIGH,62a72becb2593e70,paper=fractalgen,1,0.0,train,0.75776,1,-
2bfd4cd36591d7f5,GROK_3_MINI_BETA_HIGH,9b794a26613c05d9,paper=fractalgen,1,0.0,train,0.005635,0,-
2bfd4cd36591d7f5,GROK_3_MINI_BETA_HIGH,1eeb68ee07319907,paper=fractalgen,1,0.0,train,0.689185,1,-
9dafe621e945d614,GROK_2_1212,402af1accadfdaf0,paper=fractalgen,1,0.0,train,0.125475,0,-
9dafe621e945d614,GROK_2_1212,cf40d13966615b66,paper=fractalgen,1,0.0,train,0.222356,0,-
9dafe621e945d614,GROK_2_1212,400a39f1e832fcaf,paper=fractalgen,1,0.0,train,0.042708,0,-
9dafe621e945d614,GROK_2_1212,42ad9a1abdf970d1,paper=fractalgen,1,0.0,train,0.007435,0,-
9dafe621e945d614,GROK_2_1212,e0ad73b556406cd1,paper=fractalgen,1,0.0,train,3.7e-05,0,-
9dafe621e945d614,GROK_2_1212,7a87f7393ffffa95,paper=fractalgen,1,1.0,train,0.850867,1,-
9dafe621e945d614,GROK_2_1212,4f8164d696bb9bfd,paper=fractalgen,1,0.0,test,0.012584,0,match
9dafe621e945d614,GROK_2_1212,09e157135bf6e187,paper=fractalgen,1,0.0,test,0.452685,0,match
9dafe621e945d614,GROK_2_1212,cfb17ae5303e91fd,paper=fractalgen,1,0.0,train,0.01535,0,-
9dafe621e945d614,GROK_2_1212,67ce4cccddcca535,paper=fractalgen,1,0.0,train,0.009431,0,-
9dafe621e945d614,GROK_2_1212,62a72becb2593e70,paper=fractalgen,1,0.0,test,0.77316,1,miss
9dafe621e945d614,GROK_2_1212,9b794a26613c05d9,paper=fractalgen,1,1.0,test,0.006137,0,miss
9dafe621e945d614,GROK_2_1212,1eeb68ee07319907,paper=fractalgen,1,1.0,train,0.70726,1,-
8d84404dc2cabd80,OPENROUTER_CLAUDE_3_5_HAIKU,402af1accadfdaf0,paper=fractalgen,1,1.0,train,0.49598,0,-
8d84404dc2cabd80,OPENROUTER_CLAUDE_3_5_HAIKU,cf40d13966615b66,paper=fractalgen,1,1.0,train,0.662288,1,-
8d84404dc2cabd80,OPENROUTER_CLAUDE_3_5_HAIKU,400a39f1e832fcaf,paper=fractalgen,1,0.0,train,0.234295,0,-
8d84404dc2cabd80,OPENROUTER_CLAUDE_3_5_HAIKU,42ad9a1abdf970d1,paper=fractalgen,1,0.0,train,0.048863,0,-
8d84404dc2cabd80,OPENROUTER_CLAUDE_3_5_HAIKU,e0ad73b556406cd1,paper=fractalgen,1,0.0,train,0.000255,0,-
8d84404dc2cabd80,OPENROUTER_CLAUDE_3_5_HAIKU,7a87f7393ffffa95,paper=fractalgen,1,1.0,train,0.975081,1,-
8d84404dc2cabd80,OPENROUTER_CLAUDE_3_5_HAIKU,4f8164d696bb9bfd,paper=fractalgen,1,0.0,train,0.080379,0,-
8d84404dc2cabd80,OPENROUTER_CLAUDE_3_5_HAIKU,09e157135bf6e187,paper=fractalgen,1,1.0,train,0.850136,1,-
8d84404dc2cabd80,OPENROUTER_CLAUDE_3_5_HAIKU,cfb17ae5303e91fd,paper=fractalgen,1,0.0,train,0.09659,0,-
8d84404dc2cabd80,OPENROUTER_CLAUDE_3_5_HAIKU,67ce4cccddcca535,paper=fractalgen,1,0.0,train,0.061294,0,-
8d84404dc2cabd80,OPENROUTER_CLAUDE_3_5_HAIKU,62a72becb2593e70,paper=fractalgen,1,1.0,test,0.958977,1,match
8d84404dc2cabd80,OPENROUTER_CLAUDE_3_5_HAIKU,9b794a26613c05d9,paper=fractalgen,1,0.0,train,0.040627,0,-
8d84404dc2cabd80,OPENROUTER_CLAUDE_3_5_HAIKU,1eeb68ee07319907,paper=fractalgen,1,1.0,train,0.943086,1,-
42d17e7b8b8e8451,OPENROUTER_LLAMA_4_MAVERICK,402af1accadfdaf0,paper=fractalgen,1,0.0,train,0.239478,0,-
42d17e7b8b8e8451,OPENROUTER_LLAMA_4_MAVERICK,cf40d13966615b66,paper=fractalgen,1,0.0,train,0.385575,0,-
42d17e7b8b8e8451,OPENROUTER_LLAMA_4_MAVERICK,400a39f1e832fcaf,paper=fractalgen,1,0.0,train,0.089181,0,-
42d17e7b8b8e8451,OPENROUTER_LLAMA_4_MAVERICK,42ad9a1abdf970d1,paper=fractalgen,1,0.0,train,0.016173,0,-
42d17e7b8b8e8451,OPENROUTER_LLAMA_4_MAVERICK,e0ad73b556406cd1,paper=fractalgen,1,0.0,train,8.2e-05,0,-
42d17e7b8b8e8451,OPENROUTER_LLAMA_4_MAVERICK,7a87f7393ffffa95,paper=fractalgen,1,0.0,train,0.926044,1,-
42d17e7b8b8e8451,OPENROUTER_LLAMA_4_MAVERICK,4f8164d696bb9bfd,paper=fractalgen,1,0.0,test,0.027208,0,match
42d17e7b8b8e8451,OPENROUTER_LLAMA_4_MAVERICK,09e157135bf6e187,paper=fractalgen,1,1.0,train,0.644788,1,-
42d17e7b8b8e8451,OPENROUTER_LLAMA_4_MAVERICK,cfb17ae5303e91fd,paper=fractalgen,1,0.0,train,0.033081,0,-
42d17e7b8b8e8451,OPENROUTER_LLAMA_4_MAVERICK,67ce4cccddcca535,paper=fractalgen,1,0.0,train,0.020467,0,-
42d17e7b8b8e8451,OPENROUTER_LLAMA_4_MAVERICK,62a72becb2593e70,paper=fractalgen,1,0.0,test,0.88208,1,miss
42d17e7b8b8e8451,OPENROUTER_LLAMA_4_MAVERICK,9b794a26613c05d9,paper=fractalgen,1,0.0,train,0.01337,0,-
42d17e7b8b8e8451,OPENROUTER_LLAMA_4_MAVERICK,1eeb68ee07319907,paper=fractalgen,1,1.0,train,0.841329,1,-
f346f5a402064340,OPENROUTER_LLAMA_4_SCOUT,402af1accadfdaf0,paper=fractalgen,1,0.0,test,0.09185,0,match
f346f5a402064340,OPENROUTER_LLAMA_4_SCOUT,cf40d13966615b66,paper=fractalgen,1,0.0,train,0.167749,0,-
f346f5a402064340,OPENROUTER_LLAMA_4_SCOUT,400a39f1e832fcaf,paper=fractalgen,1,0.0,train,0.03049,0,-
f346f5a402064340,OPENROUTER_LLAMA_4_SCOUT,42ad9a1abdf970d1,paper=fractalgen,1,0.0,train,0.005252,0,-
f346f5a402064340,OPENROUTER_LLAMA_4_SCOUT,e0ad73b556406cd1,paper=fractalgen,1,0.0,train,2.6e-05,0,-
f346f5a402064340,OPENROUTER_LLAMA_4_SCOUT,7a87f7393ffffa95,paper=fractalgen,1,0.0,test,0.800869,1,miss
f346f5a402064340,OPENROUTER_LLAMA_4_SCOUT,4f8164d696bb9bfd,paper=fractalgen,1,0.0,train,0.008903,0,-
f346f5a402064340,OPENROUTER_LLAMA_4_SCOUT,09e157135bf6e187,paper=fractalgen,1,0.0,train,0.368302,0,-
f346f5a402064340,OPENROUTER_LLAMA_4_SCOUT,cfb17ae5303e91fd,paper=fractalgen,1,0.0,train,0.010869,0,-
f346f5a402064340,OPENROUTER_LLAMA_4_SCOUT,67ce4cccddcca535,paper=fractalgen,1,0.0,train,0.006666,0,-
f346f5a402064340,OPENROUTER_LLAMA_4_SCOUT,62a72becb2593e70,paper=fractalgen,1,1.0,train,0.706109,1,-
f346f5a402064340,OPENROUTER_LLAMA_4_SCOUT,9b794a26613c05d9,paper=fractalgen,1,0.0,train,0.004334,0,-
f346f5a402064340,OPENROUTER_LLAMA_4_SCOUT,1eeb68ee07319907,paper=fractalgen,1,1.0,test,0.630051,1,match
d9512a7be0630043,MISTRAL_CODESTRAL_2501,402af1accadfdaf0,paper=fractalgen,1,1.0,train,0.322502,0,-
d9512a7be0630043,MISTRAL_CODESTRAL_2501,cf40d13966615b66,paper=fractalgen,1,0.0,train,0.486826,0,-
d9512a7be0630043,MISTRAL_CODESTRAL_2501,400a39f1e832fcaf,paper=fractalgen,1,0.0,train,0.128932,0,-
d9512a7be0630043,MISTRAL_CODESTRAL_2501,42ad9a1abdf970d1,paper=fractalgen,1,0.0,train,0.024248,0,-
d9512a7be0630043,MISTRAL_CODESTRAL_2501,e0ad73b556406cd1,paper=fractalgen,1,0.0,train,0.000123,0,-
d9512a7be0630043,MISTRAL_CODESTRAL_2501,7a87f7393ffffa95,paper=fractalgen,1,1.0,train,0.949822,1,-
d9512a7be0630043,MISTRAL_CODESTRAL_2501,4f8164d696bb9bfd,paper=fractalgen,1,0.0,train,0.040566,0,-
d9512a7be0630043,MISTRAL_CODESTRAL_2501,09e157135bf6e187,paper=fractalgen,1,1.0,train,0.732912,1,-
d9512a7be0630043,MISTRAL_CODESTRAL_2501,cfb17ae5303e91fd,paper=fractalgen,1,1.0,test,0.049176,0,miss
d9512a7be0630043,MISTRAL_CODESTRAL_2501,67ce4cccddcca535,paper=fractalgen,1,0.0,test,0.030619,0,match
d9512a7be0630043,MISTRAL_CODESTRAL_2501,62a72becb2593e70,paper=fractalgen,1,1.0,train,0.918753,1,-
d9512a7be0630043,MISTRAL_CODESTRAL_2501,9b794a26613c05d9,paper=fractalgen,1,0.0,train,0.020074,0,-
d9512a7be0630043,MISTRAL_CODESTRAL_2501,1eeb68ee07319907,paper=fractalgen,1,1.0,train,0.889082,1,-
4a938d775c0363f7,GEMINI_2_5_PRO_PREVIEW_05_06,402af1accadfdaf0,paper=fractalgen,1,1.0,train,0.940432,1,-
4a938d775c0363f7,GEMINI_2_5_PRO_PREVIEW_05_06,cf40d13966615b66,paper=fractalgen,1,1.0,train,0.969196,1,-
4a938d775c0363f7,GEMINI_2_5_PRO_PREVIEW_05_06,400a39f1e832fcaf,paper=fractalgen,1,0.0,train,0.830768,1,-
4a938d775c0363f7,GEMINI_2_5_PRO_PREVIEW_05_06,42ad9a1abdf970d1,paper=fractalgen,1,0.0,test,0.451812,0,match
4a938d775c0363f7,GEMINI_2_5_PRO_PREVIEW_05_06,e0ad73b556406cd1,paper=fractalgen,1,0.0,train,0.004076,0,-
4a938d775c0363f7,GEMINI_2_5_PRO_PREVIEW_05_06,7a87f7393ffffa95,paper=fractalgen,1,1.0,test,0.99841,1,match
4a938d775c0363f7,GEMINI_2_5_PRO_PREVIEW_05_06,4f8164d696bb9bfd,paper=fractalgen,1,1.0,train,0.583726,1,-
4a938d775c0363f7,GEMINI_2_5_PRO_PREVIEW_05_06,09e157135bf6e187,paper=fractalgen,1,1.0,test,0.989132,1,match
4a938d775c0363f7,GEMINI_2_5_PRO_PREVIEW_05_06,cfb17ae5303e91fd,paper=fractalgen,1,1.0,train,0.631718,1,-
4a938d775c0363f7,GEMINI_2_5_PRO_PREVIEW_05_06,67ce4cccddcca535,paper=fractalgen,1,1.0,train,0.511615,1,-
4a938d775c0363f7,GEMINI_2_5_PRO_PREVIEW_05_06,62a72becb2593e70,paper=fractalgen,1,1.0,train,0.997341,1,-
4a938d775c0363f7,GEMINI_2_5_PRO_PREVIEW_05_06,9b794a26613c05d9,paper=fractalgen,1,1.0,train,0.404549,0,-
4a938d775c0363f7,GEMINI_2_5_PRO_PREVIEW_05_06,1eeb68ee07319907,paper=fractalgen,1,1.0,train,0.996252,1,-
0201bf34008b40fa,OPENROUTER_QWEN_TURBO,402af1accadfdaf0,paper=fractalgen,1,0.0,train,0.017421,0,-
0201bf34008b40fa,OPENROUTER_QWEN_TURBO,cf40d13966615b66,paper=fractalgen,1,0.0,test,0.034128,0,match
0201bf34008b40fa,OPENROUTER_QWEN_TURBO,400a39f1e832fcaf,paper=fractalgen,1,0.0,train,0.005483,0,-
0201bf34008b40fa,OPENROUTER_QWEN_TURBO,42ad9a1abdf970d1,paper=fractalgen,1,0.0,train,0.000925,0,-
0201bf34008b40fa,OPENROUTER_QWEN_TURBO,e0ad73b556406cd1,paper=fractalgen,1,0.0,train,5e-06,0,-
0201bf34008b40fa,OPENROUTER_QWEN_TURBO,7a87f7393ffffa95,paper=fractalgen,1,1.0,train,0.413501,0,-
0201bf34008b40fa,OPENROUTER_QWEN_TURBO,4f8164d696bb9bfd,paper=fractalgen,1,0.0,train,0.001572,0,-
0201bf34008b40fa,OPENROUTER_QWEN_TURBO,09e157135bf6e187,paper=fractalgen,1,0.0,train,0.092729,0,-
0201bf34008b40fa,OPENROUTER_QWEN_TURBO,cfb17ae5303e91fd,paper=fractalgen,1,0.0,train,0.001923,0,-
0201bf34008b40fa,OPENROUTER_QWEN_TURBO,67ce4cccddcca535,paper=fractalgen,1,0.0,train,0.001175,0,-
0201bf34008b40fa,OPENROUTER_QWEN_TURBO,62a72becb2593e70,paper=fractalgen,1,0.0,test,0.296361,0,match
0201bf34008b40fa,OPENROUTER_QWEN_TURBO,9b794a26613c05d9,paper=fractalgen,1,0.0,train,0.000762,0,-
0201bf34008b40fa,OPENROUTER_QWEN_TURBO,1eeb68ee07319907,paper=fractalgen,1,0.0,train,0.229911,0,-
9bbf8d46fe2a4b4d,OPENROUTER_MISTRAL_CODESTRAL_MAMBA,402af1accadfdaf0,paper=fractalgen,1,0.0,train,0.003768,0,-
9bbf8d46fe2a4b4d,OPENROUTER_MISTRAL_CODESTRAL_MAMBA,cf40d13966615b66,paper=fractalgen,1,0.0,train,0.007481,0,-
9bbf8d46fe2a4b4d,OPENROUTER_MISTRAL_CODESTRAL_MAMBA,400a39f1e832fcaf,paper=fractalgen,1,0.0,train,0.001175,0,-
9bbf8d46fe2a4b4d,OPENROUTER_MISTRAL_CODESTRAL_MAMBA,42ad9a1abdf970d1,paper=fractalgen,1,0.0,train,0.000197,0,-
9bbf8d46fe2a4b4d,OPENROUTER_MISTRAL_CODESTRAL_MAMBA,e0ad73b556406cd1,paper=fractalgen,1,0.0,train,1e-06,0,-
9bbf8d46fe2a4b4d,OPENROUTER_MISTRAL_CODESTRAL_MAMBA,7a87f7393ffffa95,paper=fractalgen,1,1.0,train,0.130733,0,-
9bbf8d46fe2a4b4d,OPENROUTER_MISTRAL_CODESTRAL_MAMBA,4f8164d696bb9bfd,paper=fractalgen,1,0.0,train,0.000336,0,-
9bbf8d46fe2a4b4d,OPENROUTER_MISTRAL_CODESTRAL_MAMBA,09e157135bf6e187,paper=fractalgen,1,0.0,test,0.021337,0,match
9bbf8d46fe2a4b4d,OPENROUTER_MISTRAL_CODESTRAL_MAMBA,cfb17ae5303e91fd,paper=fractalgen,1,0.0,train,0.000411,0,-
9bbf8d46fe2a4b4d,OPENROUTER_MISTRAL_CODESTRAL_MAMBA,67ce4cccddcca535,paper=fractalgen,1,0.0,train,0.000251,0,-
9bbf8d46fe2a4b4d,OPENROUTER_MISTRAL_CODESTRAL_MAMBA,62a72becb2593e70,paper=fractalgen,1,0.0,train,0.082439,0,-
9bbf8d46fe2a4b4d,OPENROUTER_MISTRAL_CODESTRAL_MAMBA,9b794a26613c05d9,paper=fractalgen,1,0.0,train,0.000163,0,-
9bbf8d46fe2a4b4d,OPENROUTER_MISTRAL_CODESTRAL_MAMBA,1eeb68ee07319907,paper=fractalgen,1,0.0,train,0.059873,0,-
0e68149d77ff2477,OPENROUTER_AMAZON_NOVA_PRO_1_0,402af1accadfdaf0,paper=fractalgen,1,0.0,train,0.190771,0,-
0e68149d77ff2477,OPENROUTER_AMAZON_NOVA_PRO_1_0,cf40d13966615b66,paper=fractalgen,1,0.0,train,0.319642,0,-
0e68149d77ff2477,OPENROUTER_AMAZON_NOVA_PRO_1_0,400a39f1e832fcaf,paper=fractalgen,1,0.0,train,0.068298,0,-
0e68149d77ff2477,OPENROUTER_AMAZON_NOVA_PRO_1_0,42ad9a1abdf970d1,paper=fractalgen,1,0.0,test,0.012158,0,match
0e68149d77ff2477,OPENROUTER_AMAZON_NOVA_PRO_1_0,e0ad73b556406cd1,paper=fractalgen,1,0.0,train,6.1e-05,0,-
0e68149d77ff2477,OPENROUTER_AMAZON_NOVA_PRO_1_0,7a87f7393ffffa95,paper=fractalgen,1,0.0,train,0.903609,1,-
0e68149d77ff2477,OPENROUTER_AMAZON_NOVA_PRO_1_0,4f8164d696bb9bfd,paper=fractalgen,1,0.0,train,0.02051,0,-
0e68149d77ff2477,OPENROUTER_AMAZON_NOVA_PRO_1_0,09e157135bf6e187,paper=fractalgen,1,0.0,train,0.57609,1,-
0e68149d77ff2477,OPENROUTER_AMAZON_NOVA_PRO_1_0,cfb17ae5303e91fd,paper=fractalgen,1,0.0,train,0.024974,0,-
0e68149d77ff2477,OPENROUTER_AMAZON_NOVA_PRO_1_0,67ce4cccddcca535,paper=fractalgen,1,0.0,train,0.015402,0,-
0e68149d77ff2477,OPENROUTER_AMAZON_NOVA_PRO_1_0,62a72becb2593e70,paper=fractalgen,1,0.0,test,0.848491,1,miss
0e68149d77ff2477,OPENROUTER_AMAZON_NOVA_PRO_1_0,9b794a26613c05d9,paper=fractalgen,1,0.0,train,0.010043,0,-
0e68149d77ff2477,OPENROUTER_AMAZON_NOVA_PRO_1_0,1eeb68ee07319907,paper=fractalgen,1,0.0,train,0.79878,1,-
f89d3f7268252d37,OPENROUTER_COHERE_COMMAND_A,402af1accadfdaf0,paper=fractalgen,1,0.0,train,0.268344,0,-
f89d3f7268252d37,OPENROUTER_COHERE_COMMAND_A,cf40d13966615b66,paper=fractalgen,1,1.0,train,0.422272,0,-
f89d3f7268252d37,OPENROUTER_COHERE_COMMAND_A,400a39f1e832fcaf,paper=fractalgen,1,0.0,train,0.102369,0,-
f89d3f7268252d37,OPENROUTER_COHERE_COMMAND_A,42ad9a1abdf970d1,paper=fractalgen,1,0.0,train,0.018787,0,-
f89d3f7268252d37,OPENROUTER_COHERE_COMMAND_A,e0ad73b556406cd1,paper=fractalgen,1,0.0,train,9.5e-05,0,-
f89d3f7268252d37,OPENROUTER_COHERE_COMMAND_A,7a87f7393ffffa95,paper=fractalgen,1,1.0,test,0.935833,1,match
f89d3f7268252d37,OPENROUTER_COHERE_COMMAND_A,4f8164d696bb9bfd,paper=fractalgen,1,0.0,train,0.031549,0,-
f89d3f7268252d37,OPENROUTER_COHERE_COMMAND_A,09e157135bf6e187,paper=fractalgen,1,1.0,train,0.678896,1,-
f89d3f7268252d37,OPENROUTER_COHERE_COMMAND_A,cfb17ae5303e91fd,paper=fractalgen,1,0.0,train,0.038322,0,-
f89d3f7268252d37,OPENROUTER_COHERE_COMMAND_A,67ce4cccddcca535,paper=fractalgen,1,0.0,train,0.023758,0,-
f89d3f7268252d37,OPENROUTER_COHERE_COMMAND_A,62a72becb2593e70,paper=fractalgen,1,1.0,train,0.897041,1,-
f89d3f7268252d37,OPENROUTER_COHERE_COMMAND_A,9b794a26613c05d9,paper=fractalgen,1,0.0,train,0.015538,0,-
f89d3f7268252d37,OPENROUTER_COHERE_COMMAND_A,1eeb68ee07319907,paper=fractalgen,1,1.0,test,0.860644,1,match
6439159aa9f9ba95,GEMINI_2_5_FLASH_PREVIEW_04_17,402af1accadfdaf0,paper=fractalgen,1,0.0,train,0.685929,1,-
6439159aa9f9ba95,GEMINI_2_5_FLASH_PREVIEW_04_17,cf40d13966615b66,paper=fractalgen,1,1.0,train,0.813171,1,-
6439159aa9f9ba95,GEMINI_2_5_FLASH_PREVIEW_04_17,400a39f1e832fcaf,paper=fractalgen,1,0.0,train,0.404445,0,-
6439159aa9f9ba95,GEMINI_2_5_FLASH_PREVIEW_04_17,42ad9a1abdf970d1,paper=fractalgen,1,0.0,train,0.102348,0,-
6439159aa9f9ba95,GEMINI_2_5_FLASH_PREVIEW_04_17,e0ad73b556406cd1,paper=fractalgen,1,0.0,train,0.000566,0,-
6439159aa9f9ba95,GEMINI_2_5_FLASH_PREVIEW_04_17,7a87f7393ffffa95,paper=fractalgen,1,1.0,train,0.988616,1,-
6439159aa9f9ba95,GEMINI_2_5_FLASH_PREVIEW_04_17,4f8164d696bb9bfd,paper=fractalgen,1,0.0,train,0.162469,0,-
6439159aa9f9ba95,GEMINI_2_5_FLASH_PREVIEW_04_17,09e157135bf6e187,paper=fractalgen,1,1.0,train,0.926417,1,-
6439159aa9f9ba95,GEMINI_2_5_FLASH_PREVIEW_04_17,cfb17ae5303e91fd,paper=fractalgen,1,0.0,train,0.191783,0,-
6439159aa9f9ba95,GEMINI_2_5_FLASH_PREVIEW_04_17,67ce4cccddcca535,paper=fractalgen,1,0.0,train,0.126575,0,-
6439159aa9f9ba95,GEMINI_2_5_FLASH_PREVIEW_04_17,62a72becb2593e70,paper=fractalgen,1,1.0,train,0.98109,1,-
6439159aa9f9ba95,GEMINI_2_5_FLASH_PREVIEW_04_17,9b794a26613c05d9,paper=fractalgen,1,0.0,train,0.085912,0,-
6439159aa9f9ba95,GEMINI_2_5_FLASH_PREVIEW_04_17,1eeb68ee07319907,paper=fractalgen,1,1.0,train,0.973528,1,-
4a199d31e7ac5440,GEMINI_2_0_FLASH_LITE,402af1accadfdaf0,paper=fractalgen,1,0.0,test,0.320707,0,match
4a199d31e7ac5440,GEMINI_2_0_FLASH_LITE,cf40d13966615b66,paper=fractalgen,1,1.0,train,0.484771,0,-
4a199d31e7ac5440,GEMINI_2_0_FLASH_LITE,400a39f1e832fcaf,paper=fractalgen,1,0.0,train,0.128011,0,-
4a199d31e7ac5440,GEMINI_2_0_FLASH_LITE,42ad9a1abdf970d1,paper=fractalgen,1,0.0,test,0.024054,0,match
4a199d31e7ac5440,GEMINI_2_0_FLASH_LITE,e0ad73b556406cd1,paper=fractalgen,1,0.0,test,0.000122,0,match
4a199d31e7ac5440,GEMINI_2_0_FLASH_LITE,7a87f7393ffffa95,paper=fractalgen,1,1.0,test,0.949428,1,match
4a199d31e7ac5440,GEMINI_2_0_FLASH_LITE,4f8164d696bb9bfd,paper=fractalgen,1,0.0,train,0.040247,0,-
4a199d31e7ac5440,GEMINI_2_0_FLASH_LITE,09e157135bf6e187,paper=fractalgen,1,0.0,train,0.731299,1,-
4a199d31e7ac5440,GEMINI_2_0_FLASH_LITE,cfb17ae5303e91fd,paper=fractalgen,1,0.0,train,0.048793,0,-
4a199d31e7ac5440,GEMINI_2_0_FLASH_LITE,67ce4cccddcca535,paper=fractalgen,1,0.0,train,0.030376,0,-
4a199d31e7ac5440,GEMINI_2_0_FLASH_LITE,62a72becb2593e70,paper=fractalgen,1,0.0,test,0.918136,1,miss
4a199d31e7ac5440,GEMINI_2_0_FLASH_LITE,9b794a26613c05d9,paper=fractalgen,1,0.0,test,0.019913,0,match
4a199d31e7ac5440,GEMINI_2_0_FLASH_LITE,1eeb68ee07319907,paper=fractalgen,1,1.0,train,0.888267,1,-
5a9db67a33a34b6b,OPENROUTER_MISTRAL_MEDIUM_3,402af1accadfdaf0,paper=fractalgen,1,0.0,train,0.444288,0,-
5a9db67a33a34b6b,OPENROUTER_MISTRAL_MEDIUM_3,cf40d13966615b66,paper=fractalgen,1,1.0,train,0.614393,1,-
5a9db67a33a34b6b,OPENROUTER_MISTRAL_MEDIUM_3,400a39f1e832fcaf,paper=fractalgen,1,0.0,train,0.199103,0,-
5a9db67a33a34b6b,OPENROUTER_MISTRAL_MEDIUM_3,42ad9a1abdf970d1,paper=fractalgen,1,0.0,test,0.040066,0,match
5a9db67a33a34b6b,OPENROUTER_MISTRAL_MEDIUM_3,e0ad73b556406cd1,paper=fractalgen,1,0.0,train,0.000207,0,-
5a9db67a33a34b6b,OPENROUTER_MISTRAL_MEDIUM_3,7a87f7393ffffa95,paper=fractalgen,1,1.0,train,0.969505,1,-
5a9db67a33a34b6b,OPENROUTER_MISTRAL_MEDIUM_3,4f8164d696bb9bfd,paper=fractalgen,1,0.0,train,0.066304,0,-
5a9db67a33a34b6b,OPENROUTER_MISTRAL_MEDIUM_3,09e157135bf6e187,paper=fractalgen,1,1.0,train,0.82171,1,-
5a9db67a33a34b6b,OPENROUTER_MISTRAL_MEDIUM_3,cfb17ae5303e91fd,paper=fractalgen,1,1.0,train,0.079923,0,-
5a9db67a33a34b6b,OPENROUTER_MISTRAL_MEDIUM_3,67ce4cccddcca535,paper=fractalgen,1,0.0,train,0.050378,0,-
5a9db67a33a34b6b,OPENROUTER_MISTRAL_MEDIUM_3,62a72becb2593e70,paper=fractalgen,1,1.0,train,0.949981,1,-
5a9db67a33a34b6b,OPENROUTER_MISTRAL_MEDIUM_3,9b794a26613c05d9,paper=fractalgen,1,0.0,train,0.033261,0,-
5a9db67a33a34b6b,OPENROUTER_MISTRAL_MEDIUM_3,1eeb68ee07319907,paper=fractalgen,1,1.0,train,0.930856,1,-
92da838173d9f753,GEMINI_2_0_FLASH,30550ee8bb1728c1,paper=GMFlow,1,0.0,train,0.000189,0,-
92da838173d9f753,GEMINI_2_0_FLASH,961711d28dc2dd52,paper=GMFlow,1,1.0,train,0.855555,1,-
92da838173d9f753,GEMINI_2_0_FLASH,ace1e59315ed4a02,paper=GMFlow,1,1.0,train,0.885869,1,-
92da838173d9f753,GEMINI_2_0_FLASH,18d753e8cc255bab,paper=GMFlow,1,0.0,test,0.016121,0,match
92da838173d9f753,GEMINI_2_0_FLASH,3938ab9c633a32e4,paper=GMFlow,1,1.0,train,0.821934,1,-
92da838173d9f753,GEMINI_2_0_FLASH,ed8c26a74fe9eb33,paper=GMFlow,1,0.0,test,0.43614,0,match
92da838173d9f753,GEMINI_2_0_FLASH,afae553a189d62b3,paper=GMFlow,1,0.0,train,0.681324,1,-
92da838173d9f753,GEMINI_2_0_FLASH,4dddcf7adf1f314a,paper=GMFlow,1,1.0,test,0.240133,0,miss
92da838173d9f753,GEMINI_2_0_FLASH,1b184caba0fa1af1,paper=GMFlow,1,0.0,train,0.017152,0,-
92da838173d9f753,GEMINI_2_0_FLASH,829955938d166cda,paper=GMFlow,1,0.0,train,0.029611,0,-
92da838173d9f753,GEMINI_2_0_FLASH,a63a0288d4a38b16,paper=GMFlow,1,1.0,test,0.341725,0,miss
92da838173d9f753,GEMINI_2_0_FLASH,ea1952cf7a0f5f86,paper=GMFlow,1,0.0,train,0.505427,1,-
92da838173d9f753,GEMINI_2_0_FLASH,ca9915e459542360,paper=GMFlow,1,0.0,train,0.000191,0,-
92da838173d9f753,GEMINI_2_0_FLASH,adaaa10d19cf4f28,paper=GMFlow,1,0.0,train,0.093354,0,-
92da838173d9f753,GEMINI_2_0_FLASH,dd9ce9c261aea2eb,paper=GMFlow,1,0.0,train,0.122853,0,-
92da838173d9f753,GEMINI_2_0_FLASH,0125214f7130768c,paper=GMFlow,1,0.0,test,0.000183,0,match
7184624c9762b8b9,GPT_4O_2024_08_06,30550ee8bb1728c1,paper=GMFlow,1,0.0,train,0.000272,0,-
7184624c9762b8b9,GPT_4O_2024_08_06,961711d28dc2dd52,paper=GMFlow,1,1.0,test,0.894975,1,match
7184624c9762b8b9,GPT_4O_2024_08_06,ace1e59315ed4a02,paper=GMFlow,1,1.0,test,0.917811,1,match
7184624c9762b8b9,GPT_4O_2024_08_06,18d753e8cc255bab,paper=GMFlow,1,0.0,test,0.02303,0,match
7184624c9762b8b9,GPT_4O_2024_08_06,3938ab9c633a32e4,paper=GMFlow,1,1.0,train,0.869126,1,-
7184624c9762b8b9,GPT_4O_2024_08_06,ed8c26a74fe9eb33,paper=GMFlow,1,1.0,train,0.526701,1,-
7184624c9762b8b9,GPT_4O_2024_08_06,afae553a189d62b3,paper=GMFlow,1,1.0,test,0.754658,1,match
7184624c9762b8b9,GPT_4O_2024_08_06,4dddcf7adf1f314a,paper=GMFlow,1,1.0,train,0.312555,0,-
7184624c9762b8b9,GPT_4O_2024_08_06,1b184caba0fa1af1,paper=GMFlow,1,0.0,train,0.024493,0,-
7184624c9762b8b9,GPT_4O_2024_08_06,829955938d166cda,paper=GMFlow,1,0.0,train,0.042056,0,-
7184624c9762b8b9,GPT_4O_2024_08_06,a63a0288d4a38b16,paper=GMFlow,1,1.0,train,0.427546,0,-
7184624c9762b8b9,GPT_4O_2024_08_06,ea1952cf7a0f5f86,paper=GMFlow,1,0.0,train,0.595188,1,-
7184624c9762b8b9,GPT_4O_2024_08_06,ca9915e459542360,paper=GMFlow,1,0.0,test,0.000274,0,match
7184624c9762b8b9,GPT_4O_2024_08_06,adaaa10d19cf4f28,paper=GMFlow,1,0.0,train,0.129025,0,-
7184624c9762b8b9,GPT_4O_2024_08_06,dd9ce9c261aea2eb,paper=GMFlow,1,0.0,train,0.167711,0,-
7184624c9762b8b9,GPT_4O_2024_08_06,0125214f7130768c,paper=GMFlow,1,0.0,train,0.000264,0,-
3f126a3baa99198a,GPT_4O_MINI,30550ee8bb1728c1,paper=GMFlow,1,0.0,train,4.5e-05,0,-
3f126a3baa99198a,GPT_4O_MINI,961711d28dc2dd52,paper=GMFlow,1,1.0,train,0.5841,1,-
3f126a3baa99198a,GPT_4O_MINI,ace1e59315ed4a02,paper=GMFlow,1,1.0,train,0.647941,1,-
3f126a3baa99198a,GPT_4O_MINI,18d753e8cc255bab,paper=GMFlow,1,0.0,train,0.00387,0,-
3f126a3baa99198a,GPT_4O_MINI,3938ab9c633a32e4,paper=GMFlow,1,1.0,train,0.522556,1,-
3f126a3baa99198a,GPT_4O_MINI,ed8c26a74fe9eb33,paper=GMFlow,1,1.0,train,0.15498,0,-
3f126a3baa99198a,GPT_4O_MINI,afae553a189d62b3,paper=GMFlow,1,0.0,train,0.336405,0,-
3f126a3baa99198a,GPT_4O_MINI,4dddcf7adf1f314a,paper=GMFlow,1,0.0,train,0.069709,0,-
3f126a3baa99198a,GPT_4O_MINI,1b184caba0fa1af1,paper=GMFlow,1,0.0,test,0.004121,0,match
3f126a3baa99198a,GPT_4O_MINI,829955938d166cda,paper=GMFlow,1,0.0,train,0.007183,0,-
3f126a3baa99198a,GPT_4O_MINI,a63a0288d4a38b16,paper=GMFlow,1,0.0,train,0.109599,0,-
3f126a3baa99198a,GPT_4O_MINI,ea1952cf7a0f5f86,paper=GMFlow,1,0.0,train,0.195051,0,-
3f126a3baa99198a,GPT_4O_MINI,ca9915e459542360,paper=GMFlow,1,0.0,train,4.5e-05,0,-
3f126a3baa99198a,GPT_4O_MINI,adaaa10d19cf4f28,paper=GMFlow,1,0.0,test,0.023833,0,match
3f126a3baa99198a,GPT_4O_MINI,dd9ce9c261aea2eb,paper=GMFlow,1,0.0,test,0.032143,0,match
3f126a3baa99198a,GPT_4O_MINI,0125214f7130768c,paper=GMFlow,1,0.0,train,4.3e-05,0,-
21a139c20bbac1e2,O3_MINI_HIGH,30550ee8bb1728c1,paper=GMFlow,1,0.0,test,0.001217,0,match
21a139c20bbac1e2,O3_MINI_HIGH,961711d28dc2dd52,paper=GMFlow,1,1.0,train,0.974491,1,-
21a139c20bbac1e2,O3_MINI_HIGH,ace1e59315ed4a02,paper=GMFlow,1,1.0,train,0.980416,1,-
21a139c20bbac1e2,O3_MINI_HIGH,18d753e8cc255bab,paper=GMFlow,1,0.0,train,0.095579,0,-
21a139c20bbac1e2,O3_MINI_HIGH,3938ab9c633a32e4,paper=GMFlow,1,1.0,train,0.967503,1,-
21a139c20bbac1e2,O3_MINI_HIGH,ed8c26a74fe9eb33,paper=GMFlow,1,1.0,train,0.833023,1,-
21a139c20bbac1e2,O3_MINI_HIGH,afae553a189d62b3,paper=GMFlow,1,1.0,train,0.932385,1,-
21a139c20bbac1e2,O3_MINI_HIGH,4dddcf7adf1f314a,paper=GMFlow,1,1.0,test,0.670865,1,match
21a139c20bbac1e2,O3_MINI_HIGH,1b184caba0fa1af1,paper=GMFlow,1,0.0,train,0.101172,0,-
21a139c20bbac1e2,O3_MINI_HIGH,829955938d166cda,paper=GMFlow,1,0.0,train,0.164449,0,-
21a139c20bbac1e2,O3_MINI_HIGH,a63a0288d4a38b16,paper=GMFlow,1,0.0,train,0.770021,1,-
21a139c20bbac1e2,O3_MINI_HIGH,ea1952cf7a0f5f86,paper=GMFlow,1,0.0,train,0.868271,1,-
21a139c20bbac1e2,O3_MINI_HIGH,ca9915e459542360,paper=GMFlow,1,0.0,train,0.001229,0,-
21a139c20bbac1e2,O3_MINI_HIGH,adaaa10d19cf4f28,paper=GMFlow,1,0.0,train,0.399079,0,-
21a139c20bbac1e2,O3_MINI_HIGH,dd9ce9c261aea2eb,paper=GMFlow,1,1.0,train,0.474614,0,-
21a139c20bbac1e2,O3_MINI_HIGH,0125214f7130768c,paper=GMFlow,1,0.0,train,0.00118,0,-
22e9aca88e136167,DEEPSEEK_R1,30550ee8bb1728c1,paper=GMFlow,1,0.0,test,0.000388,0,match
22e9aca88e136167,DEEPSEEK_R1,961711d28dc2dd52,paper=GMFlow,1,1.0,test,0.92399,1,match
22e9aca88e136167,DEEPSEEK_R1,ace1e59315ed4a02,paper=GMFlow,1,1.0,train,0.940933,1,-
22e9aca88e136167,DEEPSEEK_R1,18d753e8cc255bab,paper=GMFlow,1,0.0,train,0.032534,0,-
22e9aca88e136167,DEEPSEEK_R1,3938ab9c633a32e4,paper=GMFlow,1,1.0,train,0.90452,1,-
22e9aca88e136167,DEEPSEEK_R1,ed8c26a74fe9eb33,paper=GMFlow,1,0.0,train,0.613521,1,-
22e9aca88e136167,DEEPSEEK_R1,afae553a189d62b3,paper=GMFlow,1,1.0,train,0.814398,1,-
22e9aca88e136167,DEEPSEEK_R1,4dddcf7adf1f314a,paper=GMFlow,1,0.0,train,0.393417,0,-
22e9aca88e136167,DEEPSEEK_R1,1b184caba0fa1af1,paper=GMFlow,1,0.0,train,0.034578,0,-
22e9aca88e136167,DEEPSEEK_R1,829955938d166cda,paper=GMFlow,1,0.0,train,0.058936,0,-
22e9aca88e136167,DEEPSEEK_R1,a63a0288d4a38b16,paper=GMFlow,1,0.0,train,0.515835,1,-
22e9aca88e136167,DEEPSEEK_R1,ea1952cf7a0f5f86,paper=GMFlow,1,1.0,train,0.677146,1,-
22e9aca88e136167,DEEPSEEK_R1,ca9915e459542360,paper=GMFlow,1,0.0,train,0.000391,0,-
22e9aca88e136167,DEEPSEEK_R1,adaaa10d19cf4f28,paper=GMFlow,1,0.0,train,0.174455,0,-
22e9aca88e136167,DEEPSEEK_R1,dd9ce9c261aea2eb,paper=GMFlow,1,0.0,train,0.223272,0,-
22e9aca88e136167,DEEPSEEK_R1,0125214f7130768c,paper=GMFlow,1,0.0,test,0.000376,0,match
1872c1340f216012,O1_HIGH,30550ee8bb1728c1,paper=GMFlow,1,0.0,train,0.000602,0,-
1872c1340f216012,O1_HIGH,961711d28dc2dd52,paper=GMFlow,1,1.0,test,0.949718,1,match
1872c1340f216012,O1_HIGH,ace1e59315ed4a02,paper=GMFlow,1,1.0,train,0.961167,1,-
1872c1340f216012,O1_HIGH,18d753e8cc255bab,paper=GMFlow,1,0.0,train,0.049655,0,-
1872c1340f216012,O1_HIGH,3938ab9c633a32e4,paper=GMFlow,1,1.0,train,0.936384,1,-
1872c1340f216012,O1_HIGH,ed8c26a74fe9eb33,paper=GMFlow,1,1.0,train,0.711529,1,-
1872c1340f216012,O1_HIGH,afae553a189d62b3,paper=GMFlow,1,1.0,test,0.872086,1,match
1872c1340f216012,O1_HIGH,4dddcf7adf1f314a,paper=GMFlow,1,0.0,train,0.501929,1,-
1872c1340f216012,O1_HIGH,1b184caba0fa1af1,paper=GMFlow,1,0.0,train,0.052717,0,-
1872c1340f216012,O1_HIGH,829955938d166cda,paper=GMFlow,1,0.0,train,0.088678,0,-
1872c1340f216012,O1_HIGH,a63a0288d4a38b16,paper=GMFlow,1,1.0,train,0.62341,1,-
1872c1340f216012,O1_HIGH,ea1952cf7a0f5f86,paper=GMFlow,1,1.0,test,0.765194,1,match
1872c1340f216012,O1_HIGH,ca9915e459542360,paper=GMFlow,1,0.0,train,0.000608,0,-
1872c1340f216012,O1_HIGH,adaaa10d19cf4f28,paper=GMFlow,1,0.0,train,0.247183,0,-
1872c1340f216012,O1_HIGH,dd9ce9c261aea2eb,paper=GMFlow,1,0.0,test,0.30874,0,match
1872c1340f216012,O1_HIGH,0125214f7130768c,paper=GMFlow,1,0.0,train,0.000584,0,-
8d49a7a13f10df7f,GPT_4_1,30550ee8bb1728c1,paper=GMFlow,1,0.0,test,0.000773,0,match
8d49a7a13f10df7f,GPT_4_1,961711d28dc2dd52,paper=GMFlow,1,1.0,test,0.960424,1,match
8d49a7a13f10df7f,GPT_4_1,ace1e59315ed4a02,paper=GMFlow,1,1.0,train,0.969514,1,-
8d49a7a13f10df7f,GPT_4_1,18d753e8cc255bab,paper=GMFlow,1,0.0,train,0.062909,0,-
8d49a7a13f10df7f,GPT_4_1,3938ab9c633a32e4,paper=GMFlow,1,1.0,train,0.94978,1,-
8d49a7a13f10df7f,GPT_4_1,ed8c26a74fe9eb33,paper=GMFlow,1,0.0,train,0.760143,1,-
8d49a7a13f10df7f,GPT_4_1,afae553a189d62b3,paper=GMFlow,1,1.0,train,0.897538,1,-
8d49a7a13f10df7f,GPT_4_1,4dddcf7adf1f314a,paper=GMFlow,1,1.0,train,0.564232,1,-
8d49a7a13f10df7f,GPT_4_1,1b184caba0fa1af1,paper=GMFlow,1,0.0,train,0.066731,0,-
8d49a7a13f10df7f,GPT_4_1,829955938d166cda,paper=GMFlow,1,0.0,train,0.111131,0,-
8d49a7a13f10df7f,GPT_4_1,a63a0288d4a38b16,paper=GMFlow,1,1.0,train,0.680199,1,-
8d49a7a13f10df7f,GPT_4_1,ea1952cf7a0f5f86,paper=GMFlow,1,1.0,test,0.807214,1,match
8d49a7a13f10df7f,GPT_4_1,ca9915e459542360,paper=GMFlow,1,0.0,train,0.000781,0,-
8d49a7a13f10df7f,GPT_4_1,adaaa10d19cf4f28,paper=GMFlow,1,1.0,train,0.296702,0,-
8d49a7a13f10df7f,GPT_4_1,dd9ce9c261aea2eb,paper=GMFlow,1,1.0,train,0.364618,0,-
8d49a7a13f10df7f,GPT_4_1,0125214f7130768c,paper=GMFlow,1,0.0,train,0.00075,0,-
efdd1f09f2fb64b9,GPT_4_1_MINI,30550ee8bb1728c1,paper=GMFlow,1,0.0,train,0.000355,0,-
efdd1f09f2fb64b9,GPT_4_1_MINI,961711d28dc2dd52,paper=GMFlow,1,1.0,test,0.917526,1,match
efdd1f09f2fb64b9,GPT_4_1_MINI,ace1e59315ed4a02,paper=GMFlow,1,1.0,train,0.93581,1,-
efdd1f09f2fb64b9,GPT_4_1_MINI,18d753e8cc255bab,paper=GMFlow,1,0.0,train,0.029856,0,-
efdd1f09f2fb64b9,GPT_4_1_MINI,3938ab9c633a32e4,paper=GMFlow,1,1.0,train,0.896586,1,-
efdd1f09f2fb64b9,GPT_4_1_MINI,ed8c26a74fe9eb33,paper=GMFlow,1,0.0,train,0.592305,1,-
efdd1f09f2fb64b9,GPT_4_1_MINI,afae553a189d62b3,paper=GMFlow,1,1.0,train,0.800626,1,-
efdd1f09f2fb64b9,GPT_4_1_MINI,4dddcf7adf1f314a,paper=GMFlow,1,0.0,train,0.372477,0,-
efdd1f09f2fb64b9,GPT_4_1_MINI,1b184caba0fa1af1,paper=GMFlow,1,0.0,test,0.031738,0,match
efdd1f09f2fb64b9,GPT_4_1_MINI,829955938d166cda,paper=GMFlow,1,0.0,train,0.054208,0,-
efdd1f09f2fb64b9,GPT_4_1_MINI,a63a0288d4a38b16,paper=GMFlow,1,0.0,train,0.493682,0,-
efdd1f09f2fb64b9,GPT_4_1_MINI,ea1952cf7a0f5f86,paper=GMFlow,1,1.0,train,0.657473,1,-
efdd1f09f2fb64b9,GPT_4_1_MINI,ca9915e459542360,paper=GMFlow,1,0.0,test,0.000358,0,match
efdd1f09f2fb64b9,GPT_4_1_MINI,adaaa10d19cf4f28,paper=GMFlow,1,0.0,train,0.162056,0,-
efdd1f09f2fb64b9,GPT_4_1_MINI,dd9ce9c261aea2eb,paper=GMFlow,1,0.0,train,0.208278,0,-
efdd1f09f2fb64b9,GPT_4_1_MINI,0125214f7130768c,paper=GMFlow,1,0.0,test,0.000344,0,match
be16a6de1e20efee,GPT_4_1_NANO,30550ee8bb1728c1,paper=GMFlow,1,0.0,test,1.9e-05,0,match
be16a6de1e20efee,GPT_4_1_NANO,961711d28dc2dd52,paper=GMFlow,1,0.0,test,0.377546,0,match
be16a6de1e20efee,GPT_4_1_NANO,ace1e59315ed4a02,paper=GMFlow,1,1.0,train,0.44285,0,-
be16a6de1e20efee,GPT_4_1_NANO,18d753e8cc255bab,paper=GMFlow,1,0.0,train,0.001675,0,-
be16a6de1e20efee,GPT_4_1_NANO,3938ab9c633a32e4,paper=GMFlow,1,0.0,train,0.320969,0,-
be16a6de1e20efee,GPT_4_1_NANO,ed8c26a74fe9eb33,paper=GMFlow,1,0.0,train,0.073395,0,-
be16a6de1e20efee,GPT_4_1_NANO,afae553a189d62b3,paper=GMFlow,1,0.0,test,0.179614,0,match
be16a6de1e20efee,GPT_4_1_NANO,4dddcf7adf1f314a,paper=GMFlow,1,0.0,test,0.031347,0,match
be16a6de1e20efee,GPT_4_1_NANO,1b184caba0fa1af1,paper=GMFlow,1,0.0,train,0.001784,0,-
be16a6de1e20efee,GPT_4_1_NANO,829955938d166cda,paper=GMFlow,1,0.0,train,0.003115,0,-
be16a6de1e20efee,GPT_4_1_NANO,a63a0288d4a38b16,paper=GMFlow,1,0.0,test,0.050477,0,match
be16a6de1e20efee,GPT_4_1_NANO,ea1952cf7a0f5f86,paper=GMFlow,1,0.0,train,0.094737,0,-
be16a6de1e20efee,GPT_4_1_NANO,ca9915e459542360,paper=GMFlow,1,0.0,train,2e-05,0,-
be16a6de1e20efee,GPT_4_1_NANO,adaaa10d19cf4f28,paper=GMFlow,1,0.0,train,0.010434,0,-
be16a6de1e20efee,GPT_4_1_NANO,dd9ce9c261aea2eb,paper=GMFlow,1,0.0,train,0.01414,0,-
be16a6de1e20efee,GPT_4_1_NANO,0125214f7130768c,paper=GMFlow,1,0.0,train,1.9e-05,0,-
1c618d9d58429b09,O3_HIGH,30550ee8bb1728c1,paper=GMFlow,1,0.0,train,0.001864,0,-
1c618d9d58429b09,O3_HIGH,961711d28dc2dd52,paper=GMFlow,1,1.0,train,0.983205,1,-
1c618d9d58429b09,O3_HIGH,ace1e59315ed4a02,paper=GMFlow,1,1.0,test,0.987133,1,match
1c618d9d58429b09,O3_HIGH,18d753e8cc255bab,paper=GMFlow,1,0.0,test,0.139374,0,match
1c618d9d58429b09,O3_HIGH,3938ab9c633a32e4,paper=GMFlow,1,1.0,test,0.978551,1,match
1c618d9d58429b09,O3_HIGH,ed8c26a74fe9eb33,paper=GMFlow,1,1.0,train,0.884326,1,-
1c618d9d58429b09,O3_HIGH,afae553a189d62b3,paper=GMFlow,1,1.0,train,0.954815,1,-
1c618d9d58429b09,O3_HIGH,4dddcf7adf1f314a,paper=GMFlow,1,1.0,test,0.757486,1,match
1c618d9d58429b09,O3_HIGH,1b184caba0fa1af1,paper=GMFlow,1,0.0,test,0.147113,0,match
1c618d9d58429b09,O3_HIGH,829955938d166cda,paper=GMFlow,1,0.0,train,0.231716,0,-
1c618d9d58429b09,O3_HIGH,a63a0288d4a38b16,paper=GMFlow,1,1.0,train,0.836891,1,-
1c618d9d58429b09,O3_HIGH,ea1952cf7a0f5f86,paper=GMFlow,1,1.0,train,0.909915,1,-
1c618d9d58429b09,O3_HIGH,ca9915e459542360,paper=GMFlow,1,0.0,train,0.001883,0,-
1c618d9d58429b09,O3_HIGH,adaaa10d19cf4f28,paper=GMFlow,1,1.0,train,0.504385,1,-
1c618d9d58429b09,O3_HIGH,dd9ce9c261aea2eb,paper=GMFlow,1,1.0,train,0.580594,1,-
1c618d9d58429b09,O3_HIGH,0125214f7130768c,paper=GMFlow,1,0.0,train,0.001808,0,-
bce3d3ee52ef698f,CLAUDE_3_5_SONNET_2024_10_22,30550ee8bb1728c1,paper=GMFlow,1,0.0,train,0.000541,0,-
bce3d3ee52ef698f,CLAUDE_3_5_SONNET_2024_10_22,961711d28dc2dd52,paper=GMFlow,1,0.0,train,0.944396,1,-
bce3d3ee52ef698f,CLAUDE_3_5_SONNET_2024_10_22,ace1e59315ed4a02,paper=GMFlow,1,1.0,train,0.957003,1,-
bce3d3ee52ef698f,CLAUDE_3_5_SONNET_2024_10_22,18d753e8cc255bab,paper=GMFlow,1,0.0,test,0.044876,0,match
bce3d3ee52ef698f,CLAUDE_3_5_SONNET_2024_10_22,3938ab9c633a32e4,paper=GMFlow,1,1.0,train,0.929756,1,-
bce3d3ee52ef698f,CLAUDE_3_5_SONNET_2024_10_22,ed8c26a74fe9eb33,paper=GMFlow,1,1.0,train,0.689247,1,-
bce3d3ee52ef698f,CLAUDE_3_5_SONNET_2024_10_22,afae553a189d62b3,paper=GMFlow,1,1.0,train,0.859761,1,-
bce3d3ee52ef698f,CLAUDE_3_5_SONNET_2024_10_22,4dddcf7adf1f314a,paper=GMFlow,1,0.0,train,0.475394,0,-
bce3d3ee52ef698f,CLAUDE_3_5_SONNET_2024_10_22,1b184caba0fa1af1,paper=GMFlow,1,0.0,train,0.047658,0,-
bce3d3ee52ef698f,CLAUDE_3_5_SONNET_2024_10_22,829955938d166cda,paper=GMFlow,1,0.0,train,0.080461,0,-
bce3d3ee52ef698f,CLAUDE_3_5_SONNET_2024_10_22,a63a0288d4a38b16,paper=GMFlow,1,1.0,train,0.598166,1,-
bce3d3ee52ef698f,CLAUDE_3_5_SONNET_2024_10_22,ea1952cf7a0f5f86,paper=GMFlow,1,1.0,train,0.745576,1,-
bce3d3ee52ef698f,CLAUDE_3_5_SONNET_2024_10_22,ca9915e459542360,paper=GMFlow,1,0.0,train,0.000547,0,-
bce3d3ee52ef698f,CLAUDE_3_5_SONNET_2024_10_22,adaaa10d19cf4f28,paper=GMFlow,1,0.0,train,0.227952,0,-
bce3d3ee52ef698f,CLAUDE_3_5_SONNET_2024_10_22,dd9ce9c261aea2eb,paper=GMFlow,1,0.0,train,0.286542,0,-
bce3d3ee52ef698f,CLAUDE_3_5_SONNET_2024_10_22,0125214f7130768c,paper=GMFlow,1,0.0,train,0.000525,0,-
39edf3fbaacf1629,CLAUDE_3_7_SONNET_2025_02_19,30550ee8bb1728c1,paper=GMFlow,1,0.0,train,0.000776,0,-
39edf3fbaacf1629,CLAUDE_3_7_SONNET_2025_02_19,961711d28dc2dd52,paper=GMFlow,1,1.0,train,0.960532,1,-
39edf3fbaacf1629,CLAUDE_3_7_SONNET_2025_02_19,ace1e59315ed4a02,paper=GMFlow,1,1.0,train,0.969598,1,-
39edf3fbaacf1629,CLAUDE_3_7_SONNET_2025_02_19,18d753e8cc255bab,paper=GMFlow,1,1.0,train,0.063077,0,-
39edf3fbaacf1629,CLAUDE_3_7_SONNET_2025_02_19,3938ab9c633a32e4,paper=GMFlow,1,1.0,test,0.949915,1,match
39edf3fbaacf1629,CLAUDE_3_7_SONNET_2025_02_19,ed8c26a74fe9eb33,paper=GMFlow,1,1.0,train,0.760659,1,-
39edf3fbaacf1629,CLAUDE_3_7_SONNET_2025_02_19,afae553a189d62b3,paper=GMFlow,1,1.0,train,0.897799,1,-
39edf3fbaacf1629,CLAUDE_3_7_SONNET_2025_02_19,4dddcf7adf1f314a,paper=GMFlow,1,1.0,train,0.564929,1,-
39edf3fbaacf1629,CLAUDE_3_7_SONNET_2025_02_19,1b184caba0fa1af1,paper=GMFlow,1,0.0,train,0.066908,0,-
39edf3fbaacf1629,CLAUDE_3_7_SONNET_2025_02_19,829955938d166cda,paper=GMFlow,1,0.0,test,0.111412,0,match
39edf3fbaacf1629,CLAUDE_3_7_SONNET_2025_02_19,a63a0288d4a38b16,paper=GMFlow,1,1.0,test,0.680816,1,match
39edf3fbaacf1629,CLAUDE_3_7_SONNET_2025_02_19,ea1952cf7a0f5f86,paper=GMFlow,1,1.0,train,0.807655,1,-
39edf3fbaacf1629,CLAUDE_3_7_SONNET_2025_02_19,ca9915e459542360,paper=GMFlow,1,0.0,train,0.000783,0,-
39edf3fbaacf1629,CLAUDE_3_7_SONNET_2025_02_19,adaaa10d19cf4f28,paper=GMFlow,1,0.0,train,0.297294,0,-
39edf3fbaacf1629,CLAUDE_3_7_SONNET_2025_02_19,dd9ce9c261aea2eb,paper=GMFlow,1,0.0,train,0.365275,0,-
39edf3fbaacf1629,CLAUDE_3_7_SONNET_2025_02_19,0125214f7130768c,paper=GMFlow,1,0.0,train,0.000752,0,-
a531ea372ae4b71d,GROK_3_BETA,30550ee8bb1728c1,paper=GMFlow,1,0.0,test,0.000281,0,match
a531ea372ae4b71d,GROK_3_BETA,961711d28dc2dd52,paper=GMFlow,1,1.0,train,0.898207,1,-
a531ea372ae4b71d,GROK_3_BETA,ace1e59315ed4a02,paper=GMFlow,1,1.0,test,0.920403,1,match
a531ea372ae4b71d,GROK_3_BETA,18d753e8cc255bab,paper=GMFlow,1,1.0,test,0.023828,0,miss
a531ea372ae4b71d,GROK_3_BETA,3938ab9c633a32e4,paper=GMFlow,1,1.0,train,0.873041,1,-
a531ea372ae4b71d,GROK_3_BETA,ed8c26a74fe9eb33,paper=GMFlow,1,1.0,train,0.535383,1,-
a531ea372ae4b71d,GROK_3_BETA,afae553a189d62b3,paper=GMFlow,1,1.0,train,0.761056,1,-
a531ea372ae4b71d,GROK_3_BETA,4dddcf7adf1f314a,paper=GMFlow,1,0.0,train,0.320094,0,-
a531ea372ae4b71d,GROK_3_BETA,1b184caba0fa1af1,paper=GMFlow,1,0.0,train,0.02534,0,-
a531ea372ae4b71d,GROK_3_BETA,829955938d166cda,paper=GMFlow,1,0.0,train,0.043483,0,-
a531ea372ae4b71d,GROK_3_BETA,a63a0288d4a38b16,paper=GMFlow,1,0.0,train,0.4361,0,-
a531ea372ae4b71d,GROK_3_BETA,ea1952cf7a0f5f86,paper=GMFlow,1,1.0,train,0.60356,1,-
a531ea372ae4b71d,GROK_3_BETA,ca9915e459542360,paper=GMFlow,1,0.0,train,0.000284,0,-
a531ea372ae4b71d,GROK_3_BETA,adaaa10d19cf4f28,paper=GMFlow,1,0.0,train,0.132994,0,-
a531ea372ae4b71d,GROK_3_BETA,dd9ce9c261aea2eb,paper=GMFlow,1,0.0,train,0.172634,0,-
a531ea372ae4b71d,GROK_3_BETA,0125214f7130768c,paper=GMFlow,1,0.0,train,0.000273,0,-
ac78f79a36a11b0e,GEMINI_2_5_PRO_PREVIEW_03_25,30550ee8bb1728c1,paper=GMFlow,1,0.0,train,0.002329,0,-
ac78f79a36a11b0e,GEMINI_2_5_PRO_PREVIEW_03_25,961711d28dc2dd52,paper=GMFlow,1,1.0,train,0.986523,1,-
ac78f79a36a11b0e,GEMINI_2_5_PRO_PREVIEW_03_25,ace1e59315ed4a02,paper=GMFlow,1,1.0,train,0.989683,1,-
ac78f79a36a11b0e,GEMINI_2_5_PRO_PREVIEW_03_25,18d753e8cc255bab,paper=GMFlow,1,0.0,train,0.168395,0,-
ac78f79a36a11b0e,GEMINI_2_5_PRO_PREVIEW_03_25,3938ab9c633a32e4,paper=GMFlow,1,1.0,test,0.982772,1,match
ac78f79a36a11b0e,GEMINI_2_5_PRO_PREVIEW_03_25,ed8c26a74fe9eb33,paper=GMFlow,1,1.0,train,0.905296,1,-
ac78f79a36a11b0e,GEMINI_2_5_PRO_PREVIEW_03_25,afae553a189d62b3,paper=GMFlow,1,1.0,train,0.963533,1,-
ac78f79a36a11b0e,GEMINI_2_5_PRO_PREVIEW_03_25,4dddcf7adf1f314a,paper=GMFlow,1,1.0,train,0.796149,1,-
ac78f79a36a11b0e,GEMINI_2_5_PRO_PREVIEW_03_25,1b184caba0fa1af1,paper=GMFlow,1,0.0,test,0.177413,0,match
ac78f79a36a11b0e,GEMINI_2_5_PRO_PREVIEW_03_25,829955938d166cda,paper=GMFlow,1,0.0,train,0.273846,0,-
ac78f79a36a11b0e,GEMINI_2_5_PRO_PREVIEW_03_25,a63a0288d4a38b16,paper=GMFlow,1,1.0,train,0.865149,1,-
ac78f79a36a11b0e,GEMINI_2_5_PRO_PREVIEW_03_25,ea1952cf7a0f5f86,paper=GMFlow,1,1.0,train,0.926631,1,-
ac78f79a36a11b0e,GEMINI_2_5_PRO_PREVIEW_03_25,ca9915e459542360,paper=GMFlow,1,0.0,train,0.002353,0,-
ac78f79a36a11b0e,GEMINI_2_5_PRO_PREVIEW_03_25,adaaa10d19cf4f28,paper=GMFlow,1,1.0,train,0.559958,1,-
ac78f79a36a11b0e,GEMINI_2_5_PRO_PREVIEW_03_25,dd9ce9c261aea2eb,paper=GMFlow,1,0.0,train,0.633826,1,-
ac78f79a36a11b0e,GEMINI_2_5_PRO_PREVIEW_03_25,0125214f7130768c,paper=GMFlow,1,0.0,train,0.002259,0,-
b97dccb68ad1d70a,OPENROUTER_DEEPSEEK_CHAT_V3_0324,30550ee8bb1728c1,paper=GMFlow,1,0.0,test,0.000314,0,match
b97dccb68ad1d70a,OPENROUTER_DEEPSEEK_CHAT_V3_0324,961711d28dc2dd52,paper=GMFlow,1,0.0,test,0.907748,1,miss
b97dccb68ad1d70a,OPENROUTER_DEEPSEEK_CHAT_V3_0324,ace1e59315ed4a02,paper=GMFlow,1,0.0,train,0.92803,1,-
b97dccb68ad1d70a,OPENROUTER_DEEPSEEK_CHAT_V3_0324,18d753e8cc255bab,paper=GMFlow,1,0.0,train,0.026499,0,-
b97dccb68ad1d70a,OPENROUTER_DEEPSEEK_CHAT_V3_0324,3938ab9c633a32e4,paper=GMFlow,1,0.0,train,0.884638,1,-
b97dccb68ad1d70a,OPENROUTER_DEEPSEEK_CHAT_V3_0324,ed8c26a74fe9eb33,paper=GMFlow,1,0.0,train,0.562362,1,-
b97dccb68ad1d70a,OPENROUTER_DEEPSEEK_CHAT_V3_0324,afae553a189d62b3,paper=GMFlow,1,0.0,train,0.780307,1,-
b97dccb68ad1d70a,OPENROUTER_DEEPSEEK_CHAT_V3_0324,4dddcf7adf1f314a,paper=GMFlow,1,0.0,train,0.344263,0,-
b97dccb68ad1d70a,OPENROUTER_DEEPSEEK_CHAT_V3_0324,1b184caba0fa1af1,paper=GMFlow,1,0.0,train,0.028175,0,-
b97dccb68ad1d70a,OPENROUTER_DEEPSEEK_CHAT_V3_0324,829955938d166cda,paper=GMFlow,1,0.0,train,0.048248,0,-
b97dccb68ad1d70a,OPENROUTER_DEEPSEEK_CHAT_V3_0324,a63a0288d4a38b16,paper=GMFlow,1,0.0,train,0.463062,0,-
b97dccb68ad1d70a,OPENROUTER_DEEPSEEK_CHAT_V3_0324,ea1952cf7a0f5f86,paper=GMFlow,1,0.0,train,0.62932,1,-
b97dccb68ad1d70a,OPENROUTER_DEEPSEEK_CHAT_V3_0324,ca9915e459542360,paper=GMFlow,1,0.0,train,0.000317,0,-
b97dccb68ad1d70a,OPENROUTER_DEEPSEEK_CHAT_V3_0324,adaaa10d19cf4f28,paper=GMFlow,1,0.0,train,0.14607,0,-
b97dccb68ad1d70a,OPENROUTER_DEEPSEEK_CHAT_V3_0324,dd9ce9c261aea2eb,paper=GMFlow,1,0.0,train,0.18876,0,-
b97dccb68ad1d70a,OPENROUTER_DEEPSEEK_CHAT_V3_0324,0125214f7130768c,paper=GMFlow,1,0.0,train,0.000304,0,-
09f4a41bb2e2d341,QWEN_2_5_CODER_32B_INSTRUCT,30550ee8bb1728c1,paper=GMFlow,1,0.0,test,5.9e-05,0,match
09f4a41bb2e2d341,QWEN_2_5_CODER_32B_INSTRUCT,961711d28dc2dd52,paper=GMFlow,1,1.0,train,0.650444,1,-
09f4a41bb2e2d341,QWEN_2_5_CODER_32B_INSTRUCT,ace1e59315ed4a02,paper=GMFlow,1,0.0,train,0.709172,1,-
09f4a41bb2e2d341,QWEN_2_5_CODER_32B_INSTRUCT,18d753e8cc255bab,paper=GMFlow,1,0.0,train,0.005121,0,-
09f4a41bb2e2d341,QWEN_2_5_CODER_32B_INSTRUCT,3938ab9c633a32e4,paper=GMFlow,1,1.0,test,0.591858,1,match
09f4a41bb2e2d341,QWEN_2_5_CODER_32B_INSTRUCT,ed8c26a74fe9eb33,paper=GMFlow,1,0.0,train,0.195494,0,-
09f4a41bb2e2d341,QWEN_2_5_CODER_32B_INSTRUCT,afae553a189d62b3,paper=GMFlow,1,0.0,train,0.401795,0,-
09f4a41bb2e2d341,QWEN_2_5_CODER_32B_INSTRUCT,4dddcf7adf1f314a,paper=GMFlow,1,0.0,train,0.090314,0,-
09f4a41bb2e2d341,QWEN_2_5_CODER_32B_INSTRUCT,1b184caba0fa1af1,paper=GMFlow,1,0.0,train,0.005453,0,-
09f4a41bb2e2d341,QWEN_2_5_CODER_32B_INSTRUCT,829955938d166cda,paper=GMFlow,1,0.0,train,0.009495,0,-
09f4a41bb2e2d341,QWEN_2_5_CODER_32B_INSTRUCT,a63a0288d4a38b16,paper=GMFlow,1,0.0,train,0.140219,0,-
09f4a41bb2e2d341,QWEN_2_5_CODER_32B_INSTRUCT,ea1952cf7a0f5f86,paper=GMFlow,1,1.0,train,0.243028,0,-
09f4a41bb2e2d341,QWEN_2_5_CODER_32B_INSTRUCT,ca9915e459542360,paper=GMFlow,1,0.0,train,6e-05,0,-
09f4a41bb2e2d341,QWEN_2_5_CODER_32B_INSTRUCT,adaaa10d19cf4f28,paper=GMFlow,1,0.0,train,0.031334,0,-
09f4a41bb2e2d341,QWEN_2_5_CODER_32B_INSTRUCT,dd9ce9c261aea2eb,paper=GMFlow,1,0.0,train,0.042147,0,-
09f4a41bb2e2d341,QWEN_2_5_CODER_32B_INSTRUCT,0125214f7130768c,paper=GMFlow,1,0.0,test,5.8e-05,0,match
c117f9213dc5d8c9,LLAMA_3_3_70B_INSTRUCT,30550ee8bb1728c1,paper=GMFlow,1,0.0,train,1e-05,0,-
c117f9213dc5d8c9,LLAMA_3_3_70B_INSTRUCT,961711d28dc2dd52,paper=GMFlow,1,0.0,train,0.238405,0,-
c117f9213dc5d8c9,LLAMA_3_3_70B_INSTRUCT,ace1e59315ed4a02,paper=GMFlow,1,0.0,train,0.290889,0,-
c117f9213dc5d8c9,LLAMA_3_3_70B_INSTRUCT,18d753e8cc255bab,paper=GMFlow,1,0.0,train,0.000865,0,-
c117f9213dc5d8c9,LLAMA_3_3_70B_INSTRUCT,3938ab9c633a32e4,paper=GMFlow,1,1.0,test,0.19611,0,miss
c117f9213dc5d8c9,LLAMA_3_3_70B_INSTRUCT,ed8c26a74fe9eb33,paper=GMFlow,1,0.0,train,0.039274,0,-
c117f9213dc5d8c9,LLAMA_3_3_70B_INSTRUCT,afae553a189d62b3,paper=GMFlow,1,0.0,train,0.101522,0,-
c117f9213dc5d8c9,LLAMA_3_3_70B_INSTRUCT,4dddcf7adf1f314a,paper=GMFlow,1,0.0,test,0.016427,0,match
c117f9213dc5d8c9,LLAMA_3_3_70B_INSTRUCT,1b184caba0fa1af1,paper=GMFlow,1,0.0,train,0.000921,0,-
c117f9213dc5d8c9,LLAMA_3_3_70B_INSTRUCT,829955938d166cda,paper=GMFlow,1,0.0,train,0.00161,0,-
c117f9213dc5d8c9,LLAMA_3_3_70B_INSTRUCT,a63a0288d4a38b16,paper=GMFlow,1,0.0,train,0.026703,0,-
c117f9213dc5d8c9,LLAMA_3_3_70B_INSTRUCT,ea1952cf7a0f5f86,paper=GMFlow,1,0.0,test,0.051242,0,match
c117f9213dc5d8c9,LLAMA_3_3_70B_INSTRUCT,ca9915e459542360,paper=GMFlow,1,0.0,train,1e-05,0,-
c117f9213dc5d8c9,LLAMA_3_3_70B_INSTRUCT,adaaa10d19cf4f28,paper=GMFlow,1,0.0,train,0.005412,0,-
c117f9213dc5d8c9,LLAMA_3_3_70B_INSTRUCT,dd9ce9c261aea2eb,paper=GMFlow,1,0.0,train,0.007348,0,-
c117f9213dc5d8c9,LLAMA_3_3_70B_INSTRUCT,0125214f7130768c,paper=GMFlow,1,0.0,train,1e-05,0,-
b2436ce8ede11e03,OPENROUTER_O4_MINI_HIGH,30550ee8bb1728c1,paper=GMFlow,1,0.0,train,0.001607,0,-
b2436ce8ede11e03,OPENROUTER_O4_MINI_HIGH,961711d28dc2dd52,paper=GMFlow,1,1.0,train,0.980576,1,-
b2436ce8ede11e03,OPENROUTER_O4_MINI_HIGH,ace1e59315ed4a02,paper=GMFlow,1,1.0,train,0.985109,1,-
b2436ce8ede11e03,OPENROUTER_O4_MINI_HIGH,18d753e8cc255bab,paper=GMFlow,1,0.0,train,0.122536,0,-
b2436ce8ede11e03,OPENROUTER_O4_MINI_HIGH,3938ab9c633a32e4,paper=GMFlow,1,1.0,test,0.975211,1,match
b2436ce8ede11e03,OPENROUTER_O4_MINI_HIGH,ed8c26a74fe9eb33,paper=GMFlow,1,1.0,test,0.868289,1,match
b2436ce8ede11e03,OPENROUTER_O4_MINI_HIGH,afae553a189d62b3,paper=GMFlow,1,1.0,train,0.947976,1,-
b2436ce8ede11e03,OPENROUTER_O4_MINI_HIGH,4dddcf7adf1f314a,paper=GMFlow,1,1.0,train,0.729248,1,-
b2436ce8ede11e03,OPENROUTER_O4_MINI_HIGH,1b184caba0fa1af1,paper=GMFlow,1,0.0,train,0.12948,0,-
b2436ce8ede11e03,OPENROUTER_O4_MINI_HIGH,829955938d166cda,paper=GMFlow,1,1.0,train,0.206397,0,-
b2436ce8ede11e03,OPENROUTER_O4_MINI_HIGH,a63a0288d4a38b16,paper=GMFlow,1,1.0,test,0.815649,1,match
b2436ce8ede11e03,OPENROUTER_O4_MINI_HIGH,ea1952cf7a0f5f86,paper=GMFlow,1,1.0,train,0.897013,1,-
b2436ce8ede11e03,OPENROUTER_O4_MINI_HIGH,ca9915e459542360,paper=GMFlow,1,0.0,train,0.001624,0,-
b2436ce8ede11e03,OPENROUTER_O4_MINI_HIGH,adaaa10d19cf4f28,paper=GMFlow,1,1.0,train,0.467397,0,-
b2436ce8ede11e03,OPENROUTER_O4_MINI_HIGH,dd9ce9c261aea2eb,paper=GMFlow,1,1.0,train,0.544154,1,-
b2436ce8ede11e03,OPENROUTER_O4_MINI_HIGH,0125214f7130768c,paper=GMFlow,1,1.0,test,0.001559,0,miss
2bfd4cd36591d7f5,GROK_3_MINI_BETA_HIGH,30550ee8bb1728c1,paper=GMFlow,1,0.0,train,3.2e-05,0,-
2bfd4cd36591d7f5,GROK_3_MINI_BETA_HIGH,961711d28dc2dd52,paper=GMFlow,1,0.0,train,0.500932,1,-
2bfd4cd36591d7f5,GROK_3_MINI_BETA_HIGH,ace1e59315ed4a02,paper=GMFlow,1,0.0,train,0.5681,1,-
2bfd4cd36591d7f5,GROK_3_MINI_BETA_HIGH,18d753e8cc255bab,paper=GMFlow,1,0.0,train,0.002769,0,-
2bfd4cd36591d7f5,GROK_3_MINI_BETA_HIGH,3938ab9c633a32e4,paper=GMFlow,1,0.0,train,0.438903,0,-
2bfd4cd36591d7f5,GROK_3_MINI_BETA_HIGH,ed8c26a74fe9eb33,paper=GMFlow,1,0.0,train,0.115888,0,-
2bfd4cd36591d7f5,GROK_3_MINI_BETA_HIGH,afae553a189d62b3,paper=GMFlow,1,1.0,train,0.265953,0,-
2bfd4cd36591d7f5,GROK_3_MINI_BETA_HIGH,4dddcf7adf1f314a,paper=GMFlow,1,0.0,train,0.050832,0,-
2bfd4cd36591d7f5,GROK_3_MINI_BETA_HIGH,1b184caba0fa1af1,paper=GMFlow,1,0.0,train,0.002949,0,-
2bfd4cd36591d7f5,GROK_3_MINI_BETA_HIGH,829955938d166cda,paper=GMFlow,1,0.0,test,0.005145,0,match
2bfd4cd36591d7f5,GROK_3_MINI_BETA_HIGH,a63a0288d4a38b16,paper=GMFlow,1,0.0,train,0.080859,0,-
2bfd4cd36591d7f5,GROK_3_MINI_BETA_HIGH,ea1952cf7a0f5f86,paper=GMFlow,1,1.0,train,0.147617,0,-
2bfd4cd36591d7f5,GROK_3_MINI_BETA_HIGH,ca9915e459542360,paper=GMFlow,1,0.0,test,3.2e-05,0,match
2bfd4cd36591d7f5,GROK_3_MINI_BETA_HIGH,adaaa10d19cf4f28,paper=GMFlow,1,0.0,train,0.01715,0,-
2bfd4cd36591d7f5,GROK_3_MINI_BETA_HIGH,dd9ce9c261aea2eb,paper=GMFlow,1,0.0,train,0.023185,0,-
2bfd4cd36591d7f5,GROK_3_MINI_BETA_HIGH,0125214f7130768c,paper=GMFlow,1,0.0,train,3.1e-05,0,-
9dafe621e945d614,GROK_2_1212,30550ee8bb1728c1,paper=GMFlow,1,0.0,test,3.5e-05,0,match
9dafe621e945d614,GROK_2_1212,961711d28dc2dd52,paper=GMFlow,1,1.0,train,0.522368,1,-
9dafe621e945d614,GROK_2_1212,ace1e59315ed4a02,paper=GMFlow,1,1.0,test,0.589018,1,match
9dafe621e945d614,GROK_2_1212,18d753e8cc255bab,paper=GMFlow,1,0.0,test,0.003016,0,match
9dafe621e945d614,GROK_2_1212,3938ab9c633a32e4,paper=GMFlow,1,1.0,test,0.460132,0,miss
9dafe621e945d614,GROK_2_1212,ed8c26a74fe9eb33,paper=GMFlow,1,0.0,train,0.124973,0,-
9dafe621e945d614,GROK_2_1212,afae553a189d62b3,paper=GMFlow,1,0.0,train,0.283036,0,-
9dafe621e945d614,GROK_2_1212,4dddcf7adf1f314a,paper=GMFlow,1,1.0,train,0.055134,0,-
9dafe621e945d614,GROK_2_1212,1b184caba0fa1af1,paper=GMFlow,1,0.0,train,0.003212,0,-
9dafe621e945d614,GROK_2_1212,829955938d166cda,paper=GMFlow,1,0.0,test,0.005603,0,match
9dafe621e945d614,GROK_2_1212,a63a0288d4a38b16,paper=GMFlow,1,0.0,train,0.087469,0,-
9dafe621e945d614,GROK_2_1212,ea1952cf7a0f5f86,paper=GMFlow,1,0.0,train,0.158743,0,-
9dafe621e945d614,GROK_2_1212,ca9915e459542360,paper=GMFlow,1,0.0,train,3.5e-05,0,-
9dafe621e945d614,GROK_2_1212,adaaa10d19cf4f28,paper=GMFlow,1,0.0,train,0.018658,0,-
9dafe621e945d614,GROK_2_1212,dd9ce9c261aea2eb,paper=GMFlow,1,0.0,train,0.02521,0,-
9dafe621e945d614,GROK_2_1212,0125214f7130768c,paper=GMFlow,1,0.0,test,3.4e-05,0,match
8d84404dc2cabd80,OPENROUTER_CLAUDE_3_5_HAIKU,30550ee8bb1728c1,paper=GMFlow,1,0.0,train,0.000239,0,-
8d84404dc2cabd80,OPENROUTER_CLAUDE_3_5_HAIKU,961711d28dc2dd52,paper=GMFlow,1,1.0,train,0.882366,1,-
8d84404dc2cabd80,OPENROUTER_CLAUDE_3_5_HAIKU,ace1e59315ed4a02,paper=GMFlow,1,1.0,train,0.907661,1,-
8d84404dc2cabd80,OPENROUTER_CLAUDE_3_5_HAIKU,18d753e8cc255bab,paper=GMFlow,1,0.0,test,0.020328,0,match
8d84404dc2cabd80,OPENROUTER_CLAUDE_3_5_HAIKU,3938ab9c633a32e4,paper=GMFlow,1,1.0,train,0.85392,1,-
8d84404dc2cabd80,OPENROUTER_CLAUDE_3_5_HAIKU,ed8c26a74fe9eb33,paper=GMFlow,1,0.0,train,0.494834,0,-
8d84404dc2cabd80,OPENROUTER_CLAUDE_3_5_HAIKU,afae553a189d62b3,paper=GMFlow,1,1.0,train,0.73028,1,-
8d84404dc2cabd80,OPENROUTER_CLAUDE_3_5_HAIKU,4dddcf7adf1f314a,paper=GMFlow,1,0.0,train,0.28582,0,-
8d84404dc2cabd80,OPENROUTER_CLAUDE_3_5_HAIKU,1b184caba0fa1af1,paper=GMFlow,1,0.0,train,0.021623,0,-
8d84404dc2cabd80,OPENROUTER_CLAUDE_3_5_HAIKU,829955938d166cda,paper=GMFlow,1,0.0,test,0.037206,0,match
8d84404dc2cabd80,OPENROUTER_CLAUDE_3_5_HAIKU,a63a0288d4a38b16,paper=GMFlow,1,0.0,test,0.396651,0,match
8d84404dc2cabd80,OPENROUTER_CLAUDE_3_5_HAIKU,ea1952cf7a0f5f86,paper=GMFlow,1,1.0,train,0.564116,1,-
8d84404dc2cabd80,OPENROUTER_CLAUDE_3_5_HAIKU,ca9915e459542360,paper=GMFlow,1,0.0,train,0.000242,0,-
8d84404dc2cabd80,OPENROUTER_CLAUDE_3_5_HAIKU,adaaa10d19cf4f28,paper=GMFlow,1,0.0,train,0.115354,0,-
8d84404dc2cabd80,OPENROUTER_CLAUDE_3_5_HAIKU,dd9ce9c261aea2eb,paper=GMFlow,1,0.0,train,0.150651,0,-
8d84404dc2cabd80,OPENROUTER_CLAUDE_3_5_HAIKU,0125214f7130768c,paper=GMFlow,1,0.0,train,0.000232,0,-
42d17e7b8b8e8451,OPENROUTER_LLAMA_4_MAVERICK,30550ee8bb1728c1,paper=GMFlow,1,0.0,train,7.7e-05,0,-
42d17e7b8b8e8451,OPENROUTER_LLAMA_4_MAVERICK,961711d28dc2dd52,paper=GMFlow,1,1.0,test,0.705903,1,match
42d17e7b8b8e8451,OPENROUTER_LLAMA_4_MAVERICK,ace1e59315ed4a02,paper=GMFlow,1,1.0,train,0.758769,1,-
42d17e7b8b8e8451,OPENROUTER_LLAMA_4_MAVERICK,18d753e8cc255bab,paper=GMFlow,1,0.0,train,0.006596,0,-
42d17e7b8b8e8451,OPENROUTER_LLAMA_4_MAVERICK,3938ab9c633a32e4,paper=GMFlow,1,0.0,test,0.651633,1,miss
42d17e7b8b8e8451,OPENROUTER_LLAMA_4_MAVERICK,ed8c26a74fe9eb33,paper=GMFlow,1,0.0,train,0.238645,0,-
42d17e7b8b8e8451,OPENROUTER_LLAMA_4_MAVERICK,afae553a189d62b3,paper=GMFlow,1,1.0,test,0.464207,0,miss
42d17e7b8b8e8451,OPENROUTER_LLAMA_4_MAVERICK,4dddcf7adf1f314a,paper=GMFlow,1,1.0,test,0.113525,0,miss
42d17e7b8b8e8451,OPENROUTER_LLAMA_4_MAVERICK,1b184caba0fa1af1,paper=GMFlow,1,0.0,train,0.007022,0,-
42d17e7b8b8e8451,OPENROUTER_LLAMA_4_MAVERICK,829955938d166cda,paper=GMFlow,1,0.0,train,0.012215,0,-
42d17e7b8b8e8451,OPENROUTER_LLAMA_4_MAVERICK,a63a0288d4a38b16,paper=GMFlow,1,1.0,train,0.173805,0,-
42d17e7b8b8e8451,OPENROUTER_LLAMA_4_MAVERICK,ea1952cf7a0f5f86,paper=GMFlow,1,0.0,test,0.292852,0,match
42d17e7b8b8e8451,OPENROUTER_LLAMA_4_MAVERICK,ca9915e459542360,paper=GMFlow,1,0.0,train,7.7e-05,0,-
42d17e7b8b8e8451,OPENROUTER_LLAMA_4_MAVERICK,adaaa10d19cf4f28,paper=GMFlow,1,0.0,train,0.040054,0,-
42d17e7b8b8e8451,OPENROUTER_LLAMA_4_MAVERICK,dd9ce9c261aea2eb,paper=GMFlow,1,0.0,train,0.053709,0,-
42d17e7b8b8e8451,OPENROUTER_LLAMA_4_MAVERICK,0125214f7130768c,paper=GMFlow,1,0.0,train,7.4e-05,0,-
f346f5a402064340,OPENROUTER_LLAMA_4_SCOUT,30550ee8bb1728c1,paper=GMFlow,1,0.0,train,2.5e-05,0,-
f346f5a402064340,OPENROUTER_LLAMA_4_SCOUT,961711d28dc2dd52,paper=GMFlow,1,0.0,train,0.435328,0,-
f346f5a402064340,OPENROUTER_LLAMA_4_SCOUT,ace1e59315ed4a02,paper=GMFlow,1,1.0,test,0.502557,1,match
f346f5a402064340,OPENROUTER_LLAMA_4_SCOUT,18d753e8cc255bab,paper=GMFlow,1,0.0,train,0.002128,0,-
f346f5a402064340,OPENROUTER_LLAMA_4_SCOUT,3938ab9c633a32e4,paper=GMFlow,1,0.0,train,0.375313,0,-
f346f5a402064340,OPENROUTER_LLAMA_4_SCOUT,ed8c26a74fe9eb33,paper=GMFlow,1,0.0,test,0.091468,0,match
f346f5a402064340,OPENROUTER_LLAMA_4_SCOUT,afae553a189d62b3,paper=GMFlow,1,0.0,test,0.217698,0,match
f346f5a402064340,OPENROUTER_LLAMA_4_SCOUT,4dddcf7adf1f314a,paper=GMFlow,1,0.0,train,0.039508,0,-
f346f5a402064340,OPENROUTER_LLAMA_4_SCOUT,1b184caba0fa1af1,paper=GMFlow,1,0.0,train,0.002266,0,-
f346f5a402064340,OPENROUTER_LLAMA_4_SCOUT,829955938d166cda,paper=GMFlow,1,0.0,train,0.003956,0,-
f346f5a402064340,OPENROUTER_LLAMA_4_SCOUT,a63a0288d4a38b16,paper=GMFlow,1,0.0,test,0.063292,0,match
f346f5a402064340,OPENROUTER_LLAMA_4_SCOUT,ea1952cf7a0f5f86,paper=GMFlow,1,0.0,train,0.1174,0,-
f346f5a402064340,OPENROUTER_LLAMA_4_SCOUT,ca9915e459542360,paper=GMFlow,1,0.0,train,2.5e-05,0,-
f346f5a402064340,OPENROUTER_LLAMA_4_SCOUT,adaaa10d19cf4f28,paper=GMFlow,1,0.0,train,0.013225,0,-
f346f5a402064340,OPENROUTER_LLAMA_4_SCOUT,dd9ce9c261aea2eb,paper=GMFlow,1,0.0,train,0.017904,0,-
f346f5a402064340,OPENROUTER_LLAMA_4_SCOUT,0125214f7130768c,paper=GMFlow,1,0.0,test,2.4e-05,0,match
d9512a7be0630043,MISTRAL_CODESTRAL_2501,30550ee8bb1728c1,paper=GMFlow,1,0.0,test,0.000116,0,match
d9512a7be0630043,MISTRAL_CODESTRAL_2501,961711d28dc2dd52,paper=GMFlow,1,1.0,train,0.783946,1,-
d9512a7be0630043,MISTRAL_CODESTRAL_2501,ace1e59315ed4a02,paper=GMFlow,1,1.0,train,0.826236,1,-
d9512a7be0630043,MISTRAL_CODESTRAL_2501,18d753e8cc255bab,paper=GMFlow,1,0.0,train,0.009938,0,-
d9512a7be0630043,MISTRAL_CODESTRAL_2501,3938ab9c633a32e4,paper=GMFlow,1,1.0,test,0.738747,1,match
d9512a7be0630043,MISTRAL_CODESTRAL_2501,ed8c26a74fe9eb33,paper=GMFlow,1,1.0,train,0.321501,0,-
d9512a7be0630043,MISTRAL_CODESTRAL_2501,afae553a189d62b3,paper=GMFlow,1,1.0,test,0.56705,1,match
d9512a7be0630043,MISTRAL_CODESTRAL_2501,4dddcf7adf1f314a,paper=GMFlow,1,1.0,train,0.162195,0,-
d9512a7be0630043,MISTRAL_CODESTRAL_2501,1b184caba0fa1af1,paper=GMFlow,1,0.0,train,0.010578,0,-
d9512a7be0630043,MISTRAL_CODESTRAL_2501,829955938d166cda,paper=GMFlow,1,0.0,train,0.01835,0,-
d9512a7be0630043,MISTRAL_CODESTRAL_2501,a63a0288d4a38b16,paper=GMFlow,1,0.0,train,0.241283,0,-
d9512a7be0630043,MISTRAL_CODESTRAL_2501,ea1952cf7a0f5f86,paper=GMFlow,1,1.0,test,0.385011,0,miss
d9512a7be0630043,MISTRAL_CODESTRAL_2501,ca9915e459542360,paper=GMFlow,1,0.0,test,0.000117,0,match
d9512a7be0630043,MISTRAL_CODESTRAL_2501,adaaa10d19cf4f28,paper=GMFlow,1,0.0,train,0.059335,0,-
d9512a7be0630043,MISTRAL_CODESTRAL_2501,dd9ce9c261aea2eb,paper=GMFlow,1,0.0,test,0.079021,0,match
d9512a7be0630043,MISTRAL_CODESTRAL_2501,0125214f7130768c,paper=GMFlow,1,0.0,train,0.000112,0,-
4a938d775c0363f7,GEMINI_2_5_PRO_PREVIEW_05_06,30550ee8bb1728c1,paper=GMFlow,1,0.0,train,0.003823,0,-
4a938d775c0363f7,GEMINI_2_5_PRO_PREVIEW_05_06,961711d28dc2dd52,paper=GMFlow,1,1.0,train,0.991759,1,-
4a938d775c0363f7,GEMINI_2_5_PRO_PREVIEW_05_06,ace1e59315ed4a02,paper=GMFlow,1,1.0,train,0.993699,1,-
4a938d775c0363f7,GEMINI_2_5_PRO_PREVIEW_05_06,18d753e8cc255bab,paper=GMFlow,1,0.0,train,0.249756,0,-
4a938d775c0363f7,GEMINI_2_5_PRO_PREVIEW_05_06,3938ab9c633a32e4,paper=GMFlow,1,1.0,test,0.98945,1,match
4a938d775c0363f7,GEMINI_2_5_PRO_PREVIEW_05_06,ed8c26a74fe9eb33,paper=GMFlow,1,1.0,train,0.940174,1,-
4a938d775c0363f7,GEMINI_2_5_PRO_PREVIEW_05_06,afae553a189d62b3,paper=GMFlow,1,1.0,train,0.977497,1,-
4a938d775c0363f7,GEMINI_2_5_PRO_PREVIEW_05_06,4dddcf7adf1f314a,paper=GMFlow,1,1.0,train,0.865241,1,-
4a938d775c0363f7,GEMINI_2_5_PRO_PREVIEW_05_06,1b184caba0fa1af1,paper=GMFlow,1,1.0,train,0.261759,0,-
4a938d775c0363f7,GEMINI_2_5_PRO_PREVIEW_05_06,829955938d166cda,paper=GMFlow,1,1.0,train,0.382708,0,-
4a938d775c0363f7,GEMINI_2_5_PRO_PREVIEW_05_06,a63a0288d4a38b16,paper=GMFlow,1,1.0,train,0.913399,1,-
4a938d775c0363f7,GEMINI_2_5_PRO_PREVIEW_05_06,ea1952cf7a0f5f86,paper=GMFlow,1,1.0,train,0.954051,1,-
4a938d775c0363f7,GEMINI_2_5_PRO_PREVIEW_05_06,ca9915e459542360,paper=GMFlow,1,0.0,train,0.003862,0,-
4a938d775c0363f7,GEMINI_2_5_PRO_PREVIEW_05_06,adaaa10d19cf4f28,paper=GMFlow,1,1.0,train,0.676584,1,-
4a938d775c0363f7,GEMINI_2_5_PRO_PREVIEW_05_06,dd9ce9c261aea2eb,paper=GMFlow,1,1.0,train,0.739966,1,-
4a938d775c0363f7,GEMINI_2_5_PRO_PREVIEW_05_06,0125214f7130768c,paper=GMFlow,1,0.0,train,0.003709,0,-
0201bf34008b40fa,OPENROUTER_QWEN_TURBO,30550ee8bb1728c1,paper=GMFlow,1,0.0,train,4e-06,0,-
0201bf34008b40fa,OPENROUTER_QWEN_TURBO,961711d28dc2dd52,paper=GMFlow,1,0.0,train,0.119057,0,-
0201bf34008b40fa,OPENROUTER_QWEN_TURBO,ace1e59315ed4a02,paper=GMFlow,1,0.0,train,0.150457,0,-
0201bf34008b40fa,OPENROUTER_QWEN_TURBO,18d753e8cc255bab,paper=GMFlow,1,0.0,test,0.000374,0,match
0201bf34008b40fa,OPENROUTER_QWEN_TURBO,3938ab9c633a32e4,paper=GMFlow,1,0.0,train,0.095286,0,-
0201bf34008b40fa,OPENROUTER_QWEN_TURBO,ed8c26a74fe9eb33,paper=GMFlow,1,0.0,train,0.017343,0,-
0201bf34008b40fa,OPENROUTER_QWEN_TURBO,afae553a189d62b3,paper=GMFlow,1,0.0,test,0.046514,0,match
0201bf34008b40fa,OPENROUTER_QWEN_TURBO,4dddcf7adf1f314a,paper=GMFlow,1,0.0,test,0.007159,0,match
0201bf34008b40fa,OPENROUTER_QWEN_TURBO,1b184caba0fa1af1,paper=GMFlow,1,0.0,test,0.000398,0,match
0201bf34008b40fa,OPENROUTER_QWEN_TURBO,829955938d166cda,paper=GMFlow,1,0.0,train,0.000696,0,-
0201bf34008b40fa,OPENROUTER_QWEN_TURBO,a63a0288d4a38b16,paper=GMFlow,1,0.0,test,0.011706,0,match
0201bf34008b40fa,OPENROUTER_QWEN_TURBO,ea1952cf7a0f5f86,paper=GMFlow,1,0.0,train,0.022787,0,-
0201bf34008b40fa,OPENROUTER_QWEN_TURBO,ca9915e459542360,paper=GMFlow,1,0.0,train,4e-06,0,-
0201bf34008b40fa,OPENROUTER_QWEN_TURBO,adaaa10d19cf4f28,paper=GMFlow,1,0.0,train,0.002344,0,-
0201bf34008b40fa,OPENROUTER_QWEN_TURBO,dd9ce9c261aea2eb,paper=GMFlow,1,0.0,train,0.003186,0,-
0201bf34008b40fa,OPENROUTER_QWEN_TURBO,0125214f7130768c,paper=GMFlow,1,0.0,test,4e-06,0,match
9bbf8d46fe2a4b4d,OPENROUTER_MISTRAL_CODESTRAL_MAMBA,30550ee8bb1728c1,paper=GMFlow,1,0.0,train,1e-06,0,-
9bbf8d46fe2a4b4d,OPENROUTER_MISTRAL_CODESTRAL_MAMBA,961711d28dc2dd52,paper=GMFlow,1,0.0,train,0.028021,0,-
9bbf8d46fe2a4b4d,OPENROUTER_MISTRAL_CODESTRAL_MAMBA,ace1e59315ed4a02,paper=GMFlow,1,0.0,test,0.036404,0,match
9bbf8d46fe2a4b4d,OPENROUTER_MISTRAL_CODESTRAL_MAMBA,18d753e8cc255bab,paper=GMFlow,1,0.0,train,8e-05,0,-
9bbf8d46fe2a4b4d,OPENROUTER_MISTRAL_CODESTRAL_MAMBA,3938ab9c633a32e4,paper=GMFlow,1,0.0,train,0.021973,0,-
9bbf8d46fe2a4b4d,OPENROUTER_MISTRAL_CODESTRAL_MAMBA,ed8c26a74fe9eb33,paper=GMFlow,1,0.0,train,0.003751,0,-
9bbf8d46fe2a4b4d,OPENROUTER_MISTRAL_CODESTRAL_MAMBA,afae553a189d62b3,paper=GMFlow,1,0.0,test,0.010299,0,match
9bbf8d46fe2a4b4d,OPENROUTER_MISTRAL_CODESTRAL_MAMBA,4dddcf7adf1f314a,paper=GMFlow,1,0.0,test,0.001536,0,match
9bbf8d46fe2a4b4d,OPENROUTER_MISTRAL_CODESTRAL_MAMBA,1b184caba0fa1af1,paper=GMFlow,1,0.0,train,8.5e-05,0,-
9bbf8d46fe2a4b4d,OPENROUTER_MISTRAL_CODESTRAL_MAMBA,829955938d166cda,paper=GMFlow,1,0.0,train,0.000149,0,-
9bbf8d46fe2a4b4d,OPENROUTER_MISTRAL_CODESTRAL_MAMBA,a63a0288d4a38b16,paper=GMFlow,1,0.0,train,0.00252,0,-
9bbf8d46fe2a4b4d,OPENROUTER_MISTRAL_CODESTRAL_MAMBA,ea1952cf7a0f5f86,paper=GMFlow,1,0.0,train,0.004949,0,-
9bbf8d46fe2a4b4d,OPENROUTER_MISTRAL_CODESTRAL_MAMBA,ca9915e459542360,paper=GMFlow,1,0.0,train,1e-06,0,-
9bbf8d46fe2a4b4d,OPENROUTER_MISTRAL_CODESTRAL_MAMBA,adaaa10d19cf4f28,paper=GMFlow,1,0.0,test,0.000501,0,match
9bbf8d46fe2a4b4d,OPENROUTER_MISTRAL_CODESTRAL_MAMBA,dd9ce9c261aea2eb,paper=GMFlow,1,0.0,test,0.000681,0,match
9bbf8d46fe2a4b4d,OPENROUTER_MISTRAL_CODESTRAL_MAMBA,0125214f7130768c,paper=GMFlow,1,0.0,test,1e-06,0,match
0e68149d77ff2477,OPENROUTER_AMAZON_NOVA_PRO_1_0,30550ee8bb1728c1,paper=GMFlow,1,0.0,train,5.7e-05,0,-
0e68149d77ff2477,OPENROUTER_AMAZON_NOVA_PRO_1_0,961711d28dc2dd52,paper=GMFlow,1,0.0,test,0.642471,1,miss
0e68149d77ff2477,OPENROUTER_AMAZON_NOVA_PRO_1_0,ace1e59315ed4a02,paper=GMFlow,1,1.0,train,0.701924,1,-
0e68149d77ff2477,OPENROUTER_AMAZON_NOVA_PRO_1_0,18d753e8cc255bab,paper=GMFlow,1,0.0,train,0.004946,0,-
0e68149d77ff2477,OPENROUTER_AMAZON_NOVA_PRO_1_0,3938ab9c633a32e4,paper=GMFlow,1,1.0,train,0.583403,1,-
0e68149d77ff2477,OPENROUTER_AMAZON_NOVA_PRO_1_0,ed8c26a74fe9eb33,paper=GMFlow,1,1.0,train,0.190065,0,-
0e68149d77ff2477,OPENROUTER_AMAZON_NOVA_PRO_1_0,afae553a189d62b3,paper=GMFlow,1,0.0,test,0.393438,0,match
0e68149d77ff2477,OPENROUTER_AMAZON_NOVA_PRO_1_0,4dddcf7adf1f314a,paper=GMFlow,1,0.0,test,0.087488,0,match
0e68149d77ff2477,OPENROUTER_AMAZON_NOVA_PRO_1_0,1b184caba0fa1af1,paper=GMFlow,1,0.0,train,0.005267,0,-
0e68149d77ff2477,OPENROUTER_AMAZON_NOVA_PRO_1_0,829955938d166cda,paper=GMFlow,1,0.0,test,0.009173,0,match
0e68149d77ff2477,OPENROUTER_AMAZON_NOVA_PRO_1_0,a63a0288d4a38b16,paper=GMFlow,1,0.0,train,0.136065,0,-
0e68149d77ff2477,OPENROUTER_AMAZON_NOVA_PRO_1_0,ea1952cf7a0f5f86,paper=GMFlow,1,0.0,train,0.236667,0,-
0e68149d77ff2477,OPENROUTER_AMAZON_NOVA_PRO_1_0,ca9915e459542360,paper=GMFlow,1,0.0,test,5.8e-05,0,match
0e68149d77ff2477,OPENROUTER_AMAZON_NOVA_PRO_1_0,adaaa10d19cf4f28,paper=GMFlow,1,0.0,train,0.030292,0,-
0e68149d77ff2477,OPENROUTER_AMAZON_NOVA_PRO_1_0,dd9ce9c261aea2eb,paper=GMFlow,1,0.0,train,0.04076,0,-
0e68149d77ff2477,OPENROUTER_AMAZON_NOVA_PRO_1_0,0125214f7130768c,paper=GMFlow,1,0.0,train,5.6e-05,0,-
f89d3f7268252d37,OPENROUTER_COHERE_COMMAND_A,30550ee8bb1728c1,paper=GMFlow,1,0.0,train,8.9e-05,0,-
f89d3f7268252d37,OPENROUTER_COHERE_COMMAND_A,961711d28dc2dd52,paper=GMFlow,1,1.0,train,0.736541,1,-
f89d3f7268252d37,OPENROUTER_COHERE_COMMAND_A,ace1e59315ed4a02,paper=GMFlow,1,1.0,train,0.785572,1,-
f89d3f7268252d37,OPENROUTER_COHERE_COMMAND_A,18d753e8cc255bab,paper=GMFlow,1,0.0,train,0.007674,0,-
f89d3f7268252d37,OPENROUTER_COHERE_COMMAND_A,3938ab9c633a32e4,paper=GMFlow,1,1.0,test,0.685405,1,match
f89d3f7268252d37,OPENROUTER_COHERE_COMMAND_A,ed8c26a74fe9eb33,paper=GMFlow,1,0.0,train,0.267445,0,-
f89d3f7268252d37,OPENROUTER_COHERE_COMMAND_A,afae553a189d62b3,paper=GMFlow,1,0.0,train,0.50227,1,-
f89d3f7268252d37,OPENROUTER_COHERE_COMMAND_A,4dddcf7adf1f314a,paper=GMFlow,1,0.0,train,0.1298,0,-
f89d3f7268252d37,OPENROUTER_COHERE_COMMAND_A,1b184caba0fa1af1,paper=GMFlow,1,0.0,train,0.00817,0,-
f89d3f7268252d37,OPENROUTER_COHERE_COMMAND_A,829955938d166cda,paper=GMFlow,1,0.0,test,0.014198,0,match
f89d3f7268252d37,OPENROUTER_COHERE_COMMAND_A,a63a0288d4a38b16,paper=GMFlow,1,1.0,train,0.196802,0,-
f89d3f7268252d37,OPENROUTER_COHERE_COMMAND_A,ea1952cf7a0f5f86,paper=GMFlow,1,0.0,train,0.325398,0,-
f89d3f7268252d37,OPENROUTER_COHERE_COMMAND_A,ca9915e459542360,paper=GMFlow,1,0.0,train,9e-05,0,-
f89d3f7268252d37,OPENROUTER_COHERE_COMMAND_A,adaaa10d19cf4f28,paper=GMFlow,1,0.0,train,0.046347,0,-
f89d3f7268252d37,OPENROUTER_COHERE_COMMAND_A,dd9ce9c261aea2eb,paper=GMFlow,1,0.0,train,0.062009,0,-
f89d3f7268252d37,OPENROUTER_COHERE_COMMAND_A,0125214f7130768c,paper=GMFlow,1,0.0,train,8.6e-05,0,-
6439159aa9f9ba95,GEMINI_2_5_FLASH_PREVIEW_04_17,30550ee8bb1728c1,paper=GMFlow,1,0.0,train,0.000531,0,-
6439159aa9f9ba95,GEMINI_2_5_FLASH_PREVIEW_04_17,961711d28dc2dd52,paper=GMFlow,1,1.0,train,0.943335,1,-
6439159aa9f9ba95,GEMINI_2_5_FLASH_PREVIEW_04_17,ace1e59315ed4a02,paper=GMFlow,1,1.0,test,0.956171,1,match
6439159aa9f9ba95,GEMINI_2_5_FLASH_PREVIEW_04_17,18d753e8cc255bab,paper=GMFlow,1,0.0,train,0.044025,0,-
6439159aa9f9ba95,GEMINI_2_5_FLASH_PREVIEW_04_17,3938ab9c633a32e4,paper=GMFlow,1,1.0,train,0.928437,1,-
6439159aa9f9ba95,GEMINI_2_5_FLASH_PREVIEW_04_17,ed8c26a74fe9eb33,paper=GMFlow,1,1.0,train,0.684941,1,-
6439159aa9f9ba95,GEMINI_2_5_FLASH_PREVIEW_04_17,afae553a189d62b3,paper=GMFlow,1,1.0,train,0.857329,1,-
6439159aa9f9ba95,GEMINI_2_5_FLASH_PREVIEW_04_17,4dddcf7adf1f314a,paper=GMFlow,1,0.0,train,0.470401,0,-
6439159aa9f9ba95,GEMINI_2_5_FLASH_PREVIEW_04_17,1b184caba0fa1af1,paper=GMFlow,1,0.0,train,0.046757,0,-
6439159aa9f9ba95,GEMINI_2_5_FLASH_PREVIEW_04_17,829955938d166cda,paper=GMFlow,1,0.0,train,0.078992,0,-
6439159aa9f9ba95,GEMINI_2_5_FLASH_PREVIEW_04_17,a63a0288d4a38b16,paper=GMFlow,1,1.0,train,0.593342,1,-
6439159aa9f9ba95,GEMINI_2_5_FLASH_PREVIEW_04_17,ea1952cf7a0f5f86,paper=GMFlow,1,1.0,train,0.741758,1,-
6439159aa9f9ba95,GEMINI_2_5_FLASH_PREVIEW_04_17,ca9915e459542360,paper=GMFlow,1,0.0,train,0.000536,0,-
6439159aa9f9ba95,GEMINI_2_5_FLASH_PREVIEW_04_17,adaaa10d19cf4f28,paper=GMFlow,1,0.0,test,0.224447,0,match
6439159aa9f9ba95,GEMINI_2_5_FLASH_PREVIEW_04_17,dd9ce9c261aea2eb,paper=GMFlow,1,1.0,train,0.282465,0,-
6439159aa9f9ba95,GEMINI_2_5_FLASH_PREVIEW_04_17,0125214f7130768c,paper=GMFlow,1,0.0,test,0.000515,0,match
4a199d31e7ac5440,GEMINI_2_0_FLASH_LITE,30550ee8bb1728c1,paper=GMFlow,1,0.0,train,0.000115,0,-
4a199d31e7ac5440,GEMINI_2_0_FLASH_LITE,961711d28dc2dd52,paper=GMFlow,1,1.0,test,0.782549,1,match
4a199d31e7ac5440,GEMINI_2_0_FLASH_LITE,ace1e59315ed4a02,paper=GMFlow,1,1.0,train,0.825052,1,-
4a199d31e7ac5440,GEMINI_2_0_FLASH_LITE,18d753e8cc255bab,paper=GMFlow,1,0.0,train,0.009857,0,-
4a199d31e7ac5440,GEMINI_2_0_FLASH_LITE,3938ab9c633a32e4,paper=GMFlow,1,0.0,test,0.737156,1,miss
4a199d31e7ac5440,GEMINI_2_0_FLASH_LITE,ed8c26a74fe9eb33,paper=GMFlow,1,0.0,train,0.319709,0,-
4a199d31e7ac5440,GEMINI_2_0_FLASH_LITE,afae553a189d62b3,paper=GMFlow,1,1.0,train,0.565029,1,-
4a199d31e7ac5440,GEMINI_2_0_FLASH_LITE,4dddcf7adf1f314a,paper=GMFlow,1,0.0,train,0.16108,0,-
4a199d31e7ac5440,GEMINI_2_0_FLASH_LITE,1b184caba0fa1af1,paper=GMFlow,1,0.0,train,0.010492,0,-
4a199d31e7ac5440,GEMINI_2_0_FLASH_LITE,829955938d166cda,paper=GMFlow,1,0.0,train,0.018203,0,-
4a199d31e7ac5440,GEMINI_2_0_FLASH_LITE,a63a0288d4a38b16,paper=GMFlow,1,0.0,train,0.239781,0,-
4a199d31e7ac5440,GEMINI_2_0_FLASH_LITE,ea1952cf7a0f5f86,paper=GMFlow,1,0.0,train,0.383065,0,-
4a199d31e7ac5440,GEMINI_2_0_FLASH_LITE,ca9915e459542360,paper=GMFlow,1,0.0,train,0.000116,0,-
4a199d31e7ac5440,GEMINI_2_0_FLASH_LITE,adaaa10d19cf4f28,paper=GMFlow,1,0.0,test,0.058877,0,match
4a199d31e7ac5440,GEMINI_2_0_FLASH_LITE,dd9ce9c261aea2eb,paper=GMFlow,1,0.0,train,0.078425,0,-
4a199d31e7ac5440,GEMINI_2_0_FLASH_LITE,0125214f7130768c,paper=GMFlow,1,0.0,train,0.000111,0,-
5a9db67a33a34b6b,OPENROUTER_MISTRAL_MEDIUM_3,30550ee8bb1728c1,paper=GMFlow,1,0.0,train,0.000194,0,-
5a9db67a33a34b6b,OPENROUTER_MISTRAL_MEDIUM_3,961711d28dc2dd52,paper=GMFlow,1,1.0,test,0.859039,1,match
5a9db67a33a34b6b,OPENROUTER_MISTRAL_MEDIUM_3,ace1e59315ed4a02,paper=GMFlow,1,1.0,train,0.888718,1,-
5a9db67a33a34b6b,OPENROUTER_MISTRAL_MEDIUM_3,18d753e8cc255bab,paper=GMFlow,1,0.0,test,0.016579,0,match
5a9db67a33a34b6b,OPENROUTER_MISTRAL_MEDIUM_3,3938ab9c633a32e4,paper=GMFlow,1,1.0,train,0.826065,1,-
5a9db67a33a34b6b,OPENROUTER_MISTRAL_MEDIUM_3,ed8c26a74fe9eb33,paper=GMFlow,1,0.0,train,0.443157,0,-
5a9db67a33a34b6b,OPENROUTER_MISTRAL_MEDIUM_3,afae553a189d62b3,paper=GMFlow,1,1.0,train,0.687477,1,-
5a9db67a33a34b6b,OPENROUTER_MISTRAL_MEDIUM_3,4dddcf7adf1f314a,paper=GMFlow,1,0.0,train,0.245369,0,-
5a9db67a33a34b6b,OPENROUTER_MISTRAL_MEDIUM_3,1b184caba0fa1af1,paper=GMFlow,1,0.0,train,0.017639,0,-
5a9db67a33a34b6b,OPENROUTER_MISTRAL_MEDIUM_3,829955938d166cda,paper=GMFlow,1,0.0,train,0.030441,0,-
5a9db67a33a34b6b,OPENROUTER_MISTRAL_MEDIUM_3,a63a0288d4a38b16,paper=GMFlow,1,0.0,train,0.348161,0,-
5a9db67a33a34b6b,OPENROUTER_MISTRAL_MEDIUM_3,ea1952cf7a0f5f86,paper=GMFlow,1,0.0,test,0.512545,1,miss
5a9db67a33a34b6b,OPENROUTER_MISTRAL_MEDIUM_3,ca9915e459542360,paper=GMFlow,1,0.0,train,0.000196,0,-
5a9db67a33a34b6b,OPENROUTER_MISTRAL_MEDIUM_3,adaaa10d19cf4f28,paper=GMFlow,1,0.0,train,0.095793,0,-
5a9db67a33a34b6b,OPENROUTER_MISTRAL_MEDIUM_3,dd9ce9c261aea2eb,paper=GMFlow,1,0.0,train,0.125956,0,-
5a9db67a33a34b6b,OPENROUTER_MISTRAL_MEDIUM_3,0125214f7130768c,paper=GMFlow,1,0.0,train,0.000188,0,-
92da838173d9f753,GEMINI_2_0_FLASH,e80bcc951bea56f1,paper=GPS,1,0.0,test,0.000157,0,match
92da838173d9f753,GEMINI_2_0_FLASH,31e5a275cd341ab4,paper=GPS,1,0.0,train,0.00017,0,-
92da838173d9f753,GEMINI_2_0_FLASH,83afa851ce4bbd6d,paper=GPS,1,0.0,train,0.000182,0,-
92da838173d9f753,GEMINI_2_0_FLASH,b790f20372c98d8b,paper=GPS,1,1.0,train,0.120424,0,-
92da838173d9f753,GEMINI_2_0_FLASH,c7058d8b16f3aebe,paper=GPS,1,0.0,train,0.000164,0,-
92da838173d9f753,GEMINI_2_0_FLASH,614704180fa0dc8e,paper=GPS,1,0.0,train,0.000164,0,-
7184624c9762b8b9,GPT_4O_2024_08_06,e80bcc951bea56f1,paper=GPS,1,0.0,train,0.000226,0,-
7184624c9762b8b9,GPT_4O_2024_08_06,31e5a275cd341ab4,paper=GPS,1,0.0,train,0.000245,0,-
7184624c9762b8b9,GPT_4O_2024_08_06,83afa851ce4bbd6d,paper=GPS,1,0.0,train,0.000261,0,-
7184624c9762b8b9,GPT_4O_2024_08_06,b790f20372c98d8b,paper=GPS,1,0.0,train,0.164562,0,-
7184624c9762b8b9,GPT_4O_2024_08_06,c7058d8b16f3aebe,paper=GPS,1,0.0,train,0.000236,0,-
7184624c9762b8b9,GPT_4O_2024_08_06,614704180fa0dc8e,paper=GPS,1,0.0,train,0.000237,0,-
3f126a3baa99198a,GPT_4O_MINI,e80bcc951bea56f1,paper=GPS,1,0.0,train,3.7e-05,0,-
3f126a3baa99198a,GPT_4O_MINI,31e5a275cd341ab4,paper=GPS,1,0.0,train,4e-05,0,-
3f126a3baa99198a,GPT_4O_MINI,83afa851ce4bbd6d,paper=GPS,1,0.0,train,4.3e-05,0,-
3f126a3baa99198a,GPT_4O_MINI,b790f20372c98d8b,paper=GPS,1,0.0,train,0.031443,0,-
3f126a3baa99198a,GPT_4O_MINI,c7058d8b16f3aebe,paper=GPS,1,0.0,train,3.9e-05,0,-
3f126a3baa99198a,GPT_4O_MINI,614704180fa0dc8e,paper=GPS,1,0.0,train,3.9e-05,0,-
21a139c20bbac1e2,O3_MINI_HIGH,e80bcc951bea56f1,paper=GPS,1,0.0,test,0.001011,0,match
21a139c20bbac1e2,O3_MINI_HIGH,31e5a275cd341ab4,paper=GPS,1,0.0,test,0.001096,0,match
21a139c20bbac1e2,O3_MINI_HIGH,83afa851ce4bbd6d,paper=GPS,1,0.0,test,0.00117,0,match
21a139c20bbac1e2,O3_MINI_HIGH,b790f20372c98d8b,paper=GPS,1,0.0,train,0.468948,0,-
21a139c20bbac1e2,O3_MINI_HIGH,c7058d8b16f3aebe,paper=GPS,1,0.0,train,0.001059,0,-
21a139c20bbac1e2,O3_MINI_HIGH,614704180fa0dc8e,paper=GPS,1,0.0,train,0.00106,0,-
22e9aca88e136167,DEEPSEEK_R1,e80bcc951bea56f1,paper=GPS,1,0.0,train,0.000322,0,-
22e9aca88e136167,DEEPSEEK_R1,31e5a275cd341ab4,paper=GPS,1,0.0,train,0.000349,0,-
22e9aca88e136167,DEEPSEEK_R1,83afa851ce4bbd6d,paper=GPS,1,0.0,train,0.000372,0,-
22e9aca88e136167,DEEPSEEK_R1,b790f20372c98d8b,paper=GPS,1,0.0,train,0.219353,0,-
22e9aca88e136167,DEEPSEEK_R1,c7058d8b16f3aebe,paper=GPS,1,0.0,test,0.000337,0,match
22e9aca88e136167,DEEPSEEK_R1,614704180fa0dc8e,paper=GPS,1,0.0,train,0.000338,0,-
1872c1340f216012,O1_HIGH,e80bcc951bea56f1,paper=GPS,1,0.0,train,0.0005,0,-
1872c1340f216012,O1_HIGH,31e5a275cd341ab4,paper=GPS,1,0.0,train,0.000542,0,-
1872c1340f216012,O1_HIGH,83afa851ce4bbd6d,paper=GPS,1,0.0,test,0.000579,0,match
1872c1340f216012,O1_HIGH,b790f20372c98d8b,paper=GPS,1,1.0,test,0.303908,0,miss
1872c1340f216012,O1_HIGH,c7058d8b16f3aebe,paper=GPS,1,0.0,train,0.000524,0,-
1872c1340f216012,O1_HIGH,614704180fa0dc8e,paper=GPS,1,0.0,train,0.000524,0,-
8d49a7a13f10df7f,GPT_4_1,e80bcc951bea56f1,paper=GPS,1,0.0,train,0.000643,0,-
8d49a7a13f10df7f,GPT_4_1,31e5a275cd341ab4,paper=GPS,1,0.0,train,0.000696,0,-
8d49a7a13f10df7f,GPT_4_1,83afa851ce4bbd6d,paper=GPS,1,0.0,train,0.000743,0,-
8d49a7a13f10df7f,GPT_4_1,b790f20372c98d8b,paper=GPS,1,0.0,train,0.359367,0,-
8d49a7a13f10df7f,GPT_4_1,c7058d8b16f3aebe,paper=GPS,1,0.0,train,0.000673,0,-
8d49a7a13f10df7f,GPT_4_1,614704180fa0dc8e,paper=GPS,1,0.0,train,0.000674,0,-
efdd1f09f2fb64b9,GPT_4_1_MINI,e80bcc951bea56f1,paper=GPS,1,0.0,train,0.000295,0,-
efdd1f09f2fb64b9,GPT_4_1_MINI,31e5a275cd341ab4,paper=GPS,1,0.0,train,0.000319,0,-
efdd1f09f2fb64b9,GPT_4_1_MINI,83afa851ce4bbd6d,paper=GPS,1,0.0,train,0.000341,0,-
efdd1f09f2fb64b9,GPT_4_1_MINI,b790f20372c98d8b,paper=GPS,1,1.0,train,0.204554,0,-
efdd1f09f2fb64b9,GPT_4_1_MINI,c7058d8b16f3aebe,paper=GPS,1,0.0,train,0.000308,0,-
efdd1f09f2fb64b9,GPT_4_1_MINI,614704180fa0dc8e,paper=GPS,1,0.0,train,0.000309,0,-
be16a6de1e20efee,GPT_4_1_NANO,e80bcc951bea56f1,paper=GPS,1,0.0,train,1.6e-05,0,-
be16a6de1e20efee,GPT_4_1_NANO,31e5a275cd341ab4,paper=GPS,1,0.0,test,1.7e-05,0,match
be16a6de1e20efee,GPT_4_1_NANO,83afa851ce4bbd6d,paper=GPS,1,0.0,train,1.9e-05,0,-
be16a6de1e20efee,GPT_4_1_NANO,b790f20372c98d8b,paper=GPS,1,0.0,test,0.013826,0,match
be16a6de1e20efee,GPT_4_1_NANO,c7058d8b16f3aebe,paper=GPS,1,0.0,train,1.7e-05,0,-
be16a6de1e20efee,GPT_4_1_NANO,614704180fa0dc8e,paper=GPS,1,0.0,train,1.7e-05,0,-
1c618d9d58429b09,O3_HIGH,e80bcc951bea56f1,paper=GPS,1,0.0,test,0.001549,0,match
1c618d9d58429b09,O3_HIGH,31e5a275cd341ab4,paper=GPS,1,0.0,test,0.001678,0,match
1c618d9d58429b09,O3_HIGH,83afa851ce4bbd6d,paper=GPS,1,0.0,test,0.001791,0,match
1c618d9d58429b09,O3_HIGH,b790f20372c98d8b,paper=GPS,1,1.0,train,0.575048,1,-
1c618d9d58429b09,O3_HIGH,c7058d8b16f3aebe,paper=GPS,1,0.0,train,0.001621,0,-
1c618d9d58429b09,O3_HIGH,614704180fa0dc8e,paper=GPS,1,0.0,train,0.001623,0,-
bce3d3ee52ef698f,CLAUDE_3_5_SONNET_2024_10_22,e80bcc951bea56f1,paper=GPS,1,0.0,test,0.00045,0,match
bce3d3ee52ef698f,CLAUDE_3_5_SONNET_2024_10_22,31e5a275cd341ab4,paper=GPS,1,0.0,train,0.000488,0,-
bce3d3ee52ef698f,CLAUDE_3_5_SONNET_2024_10_22,83afa851ce4bbd6d,paper=GPS,1,0.0,test,0.00052,0,match
bce3d3ee52ef698f,CLAUDE_3_5_SONNET_2024_10_22,b790f20372c98d8b,paper=GPS,1,0.0,test,0.281917,0,match
bce3d3ee52ef698f,CLAUDE_3_5_SONNET_2024_10_22,c7058d8b16f3aebe,paper=GPS,1,0.0,train,0.000471,0,-
bce3d3ee52ef698f,CLAUDE_3_5_SONNET_2024_10_22,614704180fa0dc8e,paper=GPS,1,0.0,train,0.000471,0,-
39edf3fbaacf1629,CLAUDE_3_7_SONNET_2025_02_19,e80bcc951bea56f1,paper=GPS,1,0.0,train,0.000644,0,-
39edf3fbaacf1629,CLAUDE_3_7_SONNET_2025_02_19,31e5a275cd341ab4,paper=GPS,1,0.0,train,0.000698,0,-
39edf3fbaacf1629,CLAUDE_3_7_SONNET_2025_02_19,83afa851ce4bbd6d,paper=GPS,1,0.0,test,0.000745,0,match
39edf3fbaacf1629,CLAUDE_3_7_SONNET_2025_02_19,b790f20372c98d8b,paper=GPS,1,0.0,train,0.36002,0,-
39edf3fbaacf1629,CLAUDE_3_7_SONNET_2025_02_19,c7058d8b16f3aebe,paper=GPS,1,0.0,test,0.000675,0,match
39edf3fbaacf1629,CLAUDE_3_7_SONNET_2025_02_19,614704180fa0dc8e,paper=GPS,1,0.0,train,0.000675,0,-
a531ea372ae4b71d,GROK_3_BETA,e80bcc951bea56f1,paper=GPS,1,0.0,test,0.000234,0,match
a531ea372ae4b71d,GROK_3_BETA,31e5a275cd341ab4,paper=GPS,1,0.0,train,0.000253,0,-
a531ea372ae4b71d,GROK_3_BETA,83afa851ce4bbd6d,paper=GPS,1,0.0,train,0.00027,0,-
a531ea372ae4b71d,GROK_3_BETA,b790f20372c98d8b,paper=GPS,1,0.0,train,0.169411,0,-
a531ea372ae4b71d,GROK_3_BETA,c7058d8b16f3aebe,paper=GPS,1,0.0,train,0.000245,0,-
a531ea372ae4b71d,GROK_3_BETA,614704180fa0dc8e,paper=GPS,1,0.0,train,0.000245,0,-
ac78f79a36a11b0e,GEMINI_2_5_PRO_PREVIEW_03_25,e80bcc951bea56f1,paper=GPS,1,0.0,train,0.001936,0,-
ac78f79a36a11b0e,GEMINI_2_5_PRO_PREVIEW_03_25,31e5a275cd341ab4,paper=GPS,1,0.0,train,0.002098,0,-
ac78f79a36a11b0e,GEMINI_2_5_PRO_PREVIEW_03_25,83afa851ce4bbd6d,paper=GPS,1,0.0,train,0.002239,0,-
ac78f79a36a11b0e,GEMINI_2_5_PRO_PREVIEW_03_25,b790f20372c98d8b,paper=GPS,1,1.0,test,0.628533,1,match
ac78f79a36a11b0e,GEMINI_2_5_PRO_PREVIEW_03_25,c7058d8b16f3aebe,paper=GPS,1,0.0,train,0.002026,0,-
ac78f79a36a11b0e,GEMINI_2_5_PRO_PREVIEW_03_25,614704180fa0dc8e,paper=GPS,1,0.0,train,0.002029,0,-
b97dccb68ad1d70a,OPENROUTER_DEEPSEEK_CHAT_V3_0324,e80bcc951bea56f1,paper=GPS,1,0.0,train,0.000261,0,-
b97dccb68ad1d70a,OPENROUTER_DEEPSEEK_CHAT_V3_0324,31e5a275cd341ab4,paper=GPS,1,0.0,train,0.000283,0,-
b97dccb68ad1d70a,OPENROUTER_DEEPSEEK_CHAT_V3_0324,83afa851ce4bbd6d,paper=GPS,1,0.0,train,0.000302,0,-
b97dccb68ad1d70a,OPENROUTER_DEEPSEEK_CHAT_V3_0324,b790f20372c98d8b,paper=GPS,1,0.0,train,0.185303,0,-
b97dccb68ad1d70a,OPENROUTER_DEEPSEEK_CHAT_V3_0324,c7058d8b16f3aebe,paper=GPS,1,0.0,test,0.000273,0,match
b97dccb68ad1d70a,OPENROUTER_DEEPSEEK_CHAT_V3_0324,614704180fa0dc8e,paper=GPS,1,0.0,train,0.000273,0,-
09f4a41bb2e2d341,QWEN_2_5_CODER_32B_INSTRUCT,e80bcc951bea56f1,paper=GPS,1,0.0,test,4.9e-05,0,match
09f4a41bb2e2d341,QWEN_2_5_CODER_32B_INSTRUCT,31e5a275cd341ab4,paper=GPS,1,0.0,test,5.3e-05,0,match
09f4a41bb2e2d341,QWEN_2_5_CODER_32B_INSTRUCT,83afa851ce4bbd6d,paper=GPS,1,0.0,train,5.7e-05,0,-
09f4a41bb2e2d341,QWEN_2_5_CODER_32B_INSTRUCT,b790f20372c98d8b,paper=GPS,1,0.0,train,0.041238,0,-
09f4a41bb2e2d341,QWEN_2_5_CODER_32B_INSTRUCT,c7058d8b16f3aebe,paper=GPS,1,0.0,train,5.2e-05,0,-
09f4a41bb2e2d341,QWEN_2_5_CODER_32B_INSTRUCT,614704180fa0dc8e,paper=GPS,1,0.0,train,5.2e-05,0,-
c117f9213dc5d8c9,LLAMA_3_3_70B_INSTRUCT,e80bcc951bea56f1,paper=GPS,1,0.0,train,8e-06,0,-
c117f9213dc5d8c9,LLAMA_3_3_70B_INSTRUCT,31e5a275cd341ab4,paper=GPS,1,0.0,train,9e-06,0,-
c117f9213dc5d8c9,LLAMA_3_3_70B_INSTRUCT,83afa851ce4bbd6d,paper=GPS,1,0.0,train,1e-05,0,-
c117f9213dc5d8c9,LLAMA_3_3_70B_INSTRUCT,b790f20372c98d8b,paper=GPS,1,0.0,train,0.007184,0,-
c117f9213dc5d8c9,LLAMA_3_3_70B_INSTRUCT,c7058d8b16f3aebe,paper=GPS,1,0.0,test,9e-06,0,match
c117f9213dc5d8c9,LLAMA_3_3_70B_INSTRUCT,614704180fa0dc8e,paper=GPS,1,0.0,train,9e-06,0,-
b2436ce8ede11e03,OPENROUTER_O4_MINI_HIGH,e80bcc951bea56f1,paper=GPS,1,0.0,train,0.001336,0,-
b2436ce8ede11e03,OPENROUTER_O4_MINI_HIGH,31e5a275cd341ab4,paper=GPS,1,0.0,train,0.001448,0,-
b2436ce8ede11e03,OPENROUTER_O4_MINI_HIGH,83afa851ce4bbd6d,paper=GPS,1,0.0,train,0.001545,0,-
b2436ce8ede11e03,OPENROUTER_O4_MINI_HIGH,b790f20372c98d8b,paper=GPS,1,1.0,train,0.538509,1,-
b2436ce8ede11e03,OPENROUTER_O4_MINI_HIGH,c7058d8b16f3aebe,paper=GPS,1,0.0,train,0.001398,0,-
b2436ce8ede11e03,OPENROUTER_O4_MINI_HIGH,614704180fa0dc8e,paper=GPS,1,0.0,train,0.0014,0,-
2bfd4cd36591d7f5,GROK_3_MINI_BETA_HIGH,e80bcc951bea56f1,paper=GPS,1,0.0,train,2.7e-05,0,-
2bfd4cd36591d7f5,GROK_3_MINI_BETA_HIGH,31e5a275cd341ab4,paper=GPS,1,0.0,train,2.9e-05,0,-
2bfd4cd36591d7f5,GROK_3_MINI_BETA_HIGH,83afa851ce4bbd6d,paper=GPS,1,0.0,train,3.1e-05,0,-
2bfd4cd36591d7f5,GROK_3_MINI_BETA_HIGH,b790f20372c98d8b,paper=GPS,1,0.0,train,0.022675,0,-
2bfd4cd36591d7f5,GROK_3_MINI_BETA_HIGH,c7058d8b16f3aebe,paper=GPS,1,0.0,train,2.8e-05,0,-
2bfd4cd36591d7f5,GROK_3_MINI_BETA_HIGH,614704180fa0dc8e,paper=GPS,1,0.0,train,2.8e-05,0,-
9dafe621e945d614,GROK_2_1212,e80bcc951bea56f1,paper=GPS,1,0.0,test,2.9e-05,0,match
9dafe621e945d614,GROK_2_1212,31e5a275cd341ab4,paper=GPS,1,0.0,test,3.1e-05,0,match
9dafe621e945d614,GROK_2_1212,83afa851ce4bbd6d,paper=GPS,1,0.0,train,3.4e-05,0,-
9dafe621e945d614,GROK_2_1212,b790f20372c98d8b,paper=GPS,1,0.0,test,0.024657,0,match
9dafe621e945d614,GROK_2_1212,c7058d8b16f3aebe,paper=GPS,1,0.0,train,3e-05,0,-
9dafe621e945d614,GROK_2_1212,614704180fa0dc8e,paper=GPS,1,0.0,train,3e-05,0,-
8d84404dc2cabd80,OPENROUTER_CLAUDE_3_5_HAIKU,e80bcc951bea56f1,paper=GPS,1,0.0,train,0.000199,0,-
8d84404dc2cabd80,OPENROUTER_CLAUDE_3_5_HAIKU,31e5a275cd341ab4,paper=GPS,1,0.0,train,0.000215,0,-
8d84404dc2cabd80,OPENROUTER_CLAUDE_3_5_HAIKU,83afa851ce4bbd6d,paper=GPS,1,0.0,test,0.00023,0,match
8d84404dc2cabd80,OPENROUTER_CLAUDE_3_5_HAIKU,b790f20372c98d8b,paper=GPS,1,0.0,train,0.147765,0,-
8d84404dc2cabd80,OPENROUTER_CLAUDE_3_5_HAIKU,c7058d8b16f3aebe,paper=GPS,1,0.0,train,0.000208,0,-
8d84404dc2cabd80,OPENROUTER_CLAUDE_3_5_HAIKU,614704180fa0dc8e,paper=GPS,1,0.0,train,0.000208,0,-
42d17e7b8b8e8451,OPENROUTER_LLAMA_4_MAVERICK,e80bcc951bea56f1,paper=GPS,1,0.0,test,6.4e-05,0,match
42d17e7b8b8e8451,OPENROUTER_LLAMA_4_MAVERICK,31e5a275cd341ab4,paper=GPS,1,0.0,train,6.9e-05,0,-
42d17e7b8b8e8451,OPENROUTER_LLAMA_4_MAVERICK,83afa851ce4bbd6d,paper=GPS,1,0.0,train,7.4e-05,0,-
42d17e7b8b8e8451,OPENROUTER_LLAMA_4_MAVERICK,b790f20372c98d8b,paper=GPS,1,0.0,train,0.052565,0,-
42d17e7b8b8e8451,OPENROUTER_LLAMA_4_MAVERICK,c7058d8b16f3aebe,paper=GPS,1,0.0,train,6.7e-05,0,-
42d17e7b8b8e8451,OPENROUTER_LLAMA_4_MAVERICK,614704180fa0dc8e,paper=GPS,1,0.0,test,6.7e-05,0,match
f346f5a402064340,OPENROUTER_LLAMA_4_SCOUT,e80bcc951bea56f1,paper=GPS,1,0.0,test,2e-05,0,match
f346f5a402064340,OPENROUTER_LLAMA_4_SCOUT,31e5a275cd341ab4,paper=GPS,1,0.0,test,2.2e-05,0,match
f346f5a402064340,OPENROUTER_LLAMA_4_SCOUT,83afa851ce4bbd6d,paper=GPS,1,0.0,train,2.4e-05,0,-
f346f5a402064340,OPENROUTER_LLAMA_4_SCOUT,b790f20372c98d8b,paper=GPS,1,0.0,test,0.017508,0,match
f346f5a402064340,OPENROUTER_LLAMA_4_SCOUT,c7058d8b16f3aebe,paper=GPS,1,0.0,train,2.1e-05,0,-
f346f5a402064340,OPENROUTER_LLAMA_4_SCOUT,614704180fa0dc8e,paper=GPS,1,0.0,train,2.1e-05,0,-
d9512a7be0630043,MISTRAL_CODESTRAL_2501,e80bcc951bea56f1,paper=GPS,1,0.0,train,9.6e-05,0,-
d9512a7be0630043,MISTRAL_CODESTRAL_2501,31e5a275cd341ab4,paper=GPS,1,0.0,train,0.000104,0,-
d9512a7be0630043,MISTRAL_CODESTRAL_2501,83afa851ce4bbd6d,paper=GPS,1,0.0,train,0.000111,0,-
d9512a7be0630043,MISTRAL_CODESTRAL_2501,b790f20372c98d8b,paper=GPS,1,0.0,train,0.077382,0,-
d9512a7be0630043,MISTRAL_CODESTRAL_2501,c7058d8b16f3aebe,paper=GPS,1,0.0,train,0.000101,0,-
d9512a7be0630043,MISTRAL_CODESTRAL_2501,614704180fa0dc8e,paper=GPS,1,0.0,train,0.000101,0,-
4a938d775c0363f7,GEMINI_2_5_PRO_PREVIEW_05_06,e80bcc951bea56f1,paper=GPS,1,0.0,train,0.003178,0,-
4a938d775c0363f7,GEMINI_2_5_PRO_PREVIEW_05_06,31e5a275cd341ab4,paper=GPS,1,0.0,train,0.003444,0,-
4a938d775c0363f7,GEMINI_2_5_PRO_PREVIEW_05_06,83afa851ce4bbd6d,paper=GPS,1,0.0,train,0.003675,0,-
4a938d775c0363f7,GEMINI_2_5_PRO_PREVIEW_05_06,b790f20372c98d8b,paper=GPS,1,1.0,train,0.735567,1,-
4a938d775c0363f7,GEMINI_2_5_PRO_PREVIEW_05_06,c7058d8b16f3aebe,paper=GPS,1,0.0,train,0.003327,0,-
4a938d775c0363f7,GEMINI_2_5_PRO_PREVIEW_05_06,614704180fa0dc8e,paper=GPS,1,0.0,train,0.003331,0,-
0201bf34008b40fa,OPENROUTER_QWEN_TURBO,e80bcc951bea56f1,paper=GPS,1,0.0,train,4e-06,0,-
0201bf34008b40fa,OPENROUTER_QWEN_TURBO,31e5a275cd341ab4,paper=GPS,1,0.0,train,4e-06,0,-
0201bf34008b40fa,OPENROUTER_QWEN_TURBO,83afa851ce4bbd6d,paper=GPS,1,0.0,train,4e-06,0,-
0201bf34008b40fa,OPENROUTER_QWEN_TURBO,b790f20372c98d8b,paper=GPS,1,0.0,test,0.003114,0,match
0201bf34008b40fa,OPENROUTER_QWEN_TURBO,c7058d8b16f3aebe,paper=GPS,1,0.0,train,4e-06,0,-
0201bf34008b40fa,OPENROUTER_QWEN_TURBO,614704180fa0dc8e,paper=GPS,1,0.0,train,4e-06,0,-
9bbf8d46fe2a4b4d,OPENROUTER_MISTRAL_CODESTRAL_MAMBA,e80bcc951bea56f1,paper=GPS,1,0.0,test,1e-06,0,match
9bbf8d46fe2a4b4d,OPENROUTER_MISTRAL_CODESTRAL_MAMBA,31e5a275cd341ab4,paper=GPS,1,0.0,train,1e-06,0,-
9bbf8d46fe2a4b4d,OPENROUTER_MISTRAL_CODESTRAL_MAMBA,83afa851ce4bbd6d,paper=GPS,1,0.0,test,1e-06,0,match
9bbf8d46fe2a4b4d,OPENROUTER_MISTRAL_CODESTRAL_MAMBA,b790f20372c98d8b,paper=GPS,1,0.0,test,0.000666,0,match
9bbf8d46fe2a4b4d,OPENROUTER_MISTRAL_CODESTRAL_MAMBA,c7058d8b16f3aebe,paper=GPS,1,0.0,train,1e-06,0,-
9bbf8d46fe2a4b4d,OPENROUTER_MISTRAL_CODESTRAL_MAMBA,614704180fa0dc8e,paper=GPS,1,0.0,train,1e-06,0,-
0e68149d77ff2477,OPENROUTER_AMAZON_NOVA_PRO_1_0,e80bcc951bea56f1,paper=GPS,1,0.0,test,4.8e-05,0,match
0e68149d77ff2477,OPENROUTER_AMAZON_NOVA_PRO_1_0,31e5a275cd341ab4,paper=GPS,1,0.0,train,5.2e-05,0,-
0e68149d77ff2477,OPENROUTER_AMAZON_NOVA_PRO_1_0,83afa851ce4bbd6d,paper=GPS,1,0.0,train,5.5e-05,0,-
0e68149d77ff2477,OPENROUTER_AMAZON_NOVA_PRO_1_0,b790f20372c98d8b,paper=GPS,1,0.0,train,0.039881,0,-
0e68149d77ff2477,OPENROUTER_AMAZON_NOVA_PRO_1_0,c7058d8b16f3aebe,paper=GPS,1,0.0,train,5e-05,0,-
0e68149d77ff2477,OPENROUTER_AMAZON_NOVA_PRO_1_0,614704180fa0dc8e,paper=GPS,1,0.0,train,5e-05,0,-
f89d3f7268252d37,OPENROUTER_COHERE_COMMAND_A,e80bcc951bea56f1,paper=GPS,1,0.0,train,7.4e-05,0,-
f89d3f7268252d37,OPENROUTER_COHERE_COMMAND_A,31e5a275cd341ab4,paper=GPS,1,0.0,train,8e-05,0,-
f89d3f7268252d37,OPENROUTER_COHERE_COMMAND_A,83afa851ce4bbd6d,paper=GPS,1,0.0,test,8.6e-05,0,match
f89d3f7268252d37,OPENROUTER_COHERE_COMMAND_A,b790f20372c98d8b,paper=GPS,1,0.0,test,0.060699,0,match
f89d3f7268252d37,OPENROUTER_COHERE_COMMAND_A,c7058d8b16f3aebe,paper=GPS,1,0.0,test,7.8e-05,0,match
f89d3f7268252d37,OPENROUTER_COHERE_COMMAND_A,614704180fa0dc8e,paper=GPS,1,0.0,train,7.8e-05,0,-
6439159aa9f9ba95,GEMINI_2_5_FLASH_PREVIEW_04_17,e80bcc951bea56f1,paper=GPS,1,0.0,train,0.000441,0,-
6439159aa9f9ba95,GEMINI_2_5_FLASH_PREVIEW_04_17,31e5a275cd341ab4,paper=GPS,1,0.0,train,0.000478,0,-
6439159aa9f9ba95,GEMINI_2_5_FLASH_PREVIEW_04_17,83afa851ce4bbd6d,paper=GPS,1,0.0,test,0.00051,0,match
6439159aa9f9ba95,GEMINI_2_5_FLASH_PREVIEW_04_17,b790f20372c98d8b,paper=GPS,1,0.0,train,0.27788,0,-
6439159aa9f9ba95,GEMINI_2_5_FLASH_PREVIEW_04_17,c7058d8b16f3aebe,paper=GPS,1,0.0,train,0.000462,0,-
6439159aa9f9ba95,GEMINI_2_5_FLASH_PREVIEW_04_17,614704180fa0dc8e,paper=GPS,1,0.0,train,0.000462,0,-
4a199d31e7ac5440,GEMINI_2_0_FLASH_LITE,e80bcc951bea56f1,paper=GPS,1,0.0,train,9.5e-05,0,-
4a199d31e7ac5440,GEMINI_2_0_FLASH_LITE,31e5a275cd341ab4,paper=GPS,1,0.0,test,0.000103,0,match
4a199d31e7ac5440,GEMINI_2_0_FLASH_LITE,83afa851ce4bbd6d,paper=GPS,1,0.0,train,0.00011,0,-
4a199d31e7ac5440,GEMINI_2_0_FLASH_LITE,b790f20372c98d8b,paper=GPS,1,0.0,train,0.076797,0,-
4a199d31e7ac5440,GEMINI_2_0_FLASH_LITE,c7058d8b16f3aebe,paper=GPS,1,0.0,train,1e-04,0,-
4a199d31e7ac5440,GEMINI_2_0_FLASH_LITE,614704180fa0dc8e,paper=GPS,1,0.0,test,1e-04,0,match
5a9db67a33a34b6b,OPENROUTER_MISTRAL_MEDIUM_3,e80bcc951bea56f1,paper=GPS,1,0.0,train,0.000161,0,-
5a9db67a33a34b6b,OPENROUTER_MISTRAL_MEDIUM_3,31e5a275cd341ab4,paper=GPS,1,0.0,train,0.000175,0,-
5a9db67a33a34b6b,OPENROUTER_MISTRAL_MEDIUM_3,83afa851ce4bbd6d,paper=GPS,1,0.0,test,0.000187,0,match
5a9db67a33a34b6b,OPENROUTER_MISTRAL_MEDIUM_3,b790f20372c98d8b,paper=GPS,1,0.0,train,0.123474,0,-
5a9db67a33a34b6b,OPENROUTER_MISTRAL_MEDIUM_3,c7058d8b16f3aebe,paper=GPS,1,0.0,train,0.000169,0,-
5a9db67a33a34b6b,OPENROUTER_MISTRAL_MEDIUM_3,614704180fa0dc8e,paper=GPS,1,0.0,test,0.000169,0,match
92da838173d9f753,GEMINI_2_0_FLASH,9ce0ebd9729a7e40,paper=grid-cell-conformal-isometry,1,0.0,test,0.000174,0,match
92da838173d9f753,GEMINI_2_0_FLASH,7b80eafff7fb3aeb,paper=grid-cell-conformal-isometry,1,0.0,test,0.000174,0,match
92da838173d9f753,GEMINI_2_0_FLASH,561c213a1bd47c7a,paper=grid-cell-conformal-isometry,1,0.0,train,0.000243,0,-
92da838173d9f753,GEMINI_2_0_FLASH,af929b7d3c000004,paper=grid-cell-conformal-isometry,1,0.0,train,0.00018,0,-
92da838173d9f753,GEMINI_2_0_FLASH,ae530ee69e5e6c85,paper=grid-cell-conformal-isometry,1,1.0,test,0.028529,0,miss
92da838173d9f753,GEMINI_2_0_FLASH,05692c113c53d111,paper=grid-cell-conformal-isometry,1,0.0,train,0.141818,0,-
92da838173d9f753,GEMINI_2_0_FLASH,09ef7175f80444b8,paper=grid-cell-conformal-isometry,1,0.0,train,0.000258,0,-
92da838173d9f753,GEMINI_2_0_FLASH,c957b02e267c0392,paper=grid-cell-conformal-isometry,1,0.0,train,0.28793,0,-
92da838173d9f753,GEMINI_2_0_FLASH,acbe928befb8a046,paper=grid-cell-conformal-isometry,1,1.0,train,0.288576,0,-
92da838173d9f753,GEMINI_2_0_FLASH,fba739fb9880b6ab,paper=grid-cell-conformal-isometry,1,1.0,test,0.733639,1,match
92da838173d9f753,GEMINI_2_0_FLASH,b622a67ebe4eb58e,paper=grid-cell-conformal-isometry,1,0.0,test,0.096788,0,match
92da838173d9f753,GEMINI_2_0_FLASH,5f38e1fd308d6909,paper=grid-cell-conformal-isometry,1,0.0,test,0.116304,0,match
92da838173d9f753,GEMINI_2_0_FLASH,4dcb8976ac7d2468,paper=grid-cell-conformal-isometry,1,0.0,test,0.35763,0,match
92da838173d9f753,GEMINI_2_0_FLASH,30c27636274b3021,paper=grid-cell-conformal-isometry,1,0.0,test,0.42732,0,match
92da838173d9f753,GEMINI_2_0_FLASH,9f7587886a09b096,paper=grid-cell-conformal-isometry,1,1.0,train,0.851346,1,-
7184624c9762b8b9,GPT_4O_2024_08_06,9ce0ebd9729a7e40,paper=grid-cell-conformal-isometry,1,0.0,train,0.000251,0,-
7184624c9762b8b9,GPT_4O_2024_08_06,7b80eafff7fb3aeb,paper=grid-cell-conformal-isometry,1,0.0,train,0.000251,0,-
7184624c9762b8b9,GPT_4O_2024_08_06,561c213a1bd47c7a,paper=grid-cell-conformal-isometry,1,0.0,test,0.000349,0,match
7184624c9762b8b9,GPT_4O_2024_08_06,af929b7d3c000004,paper=grid-cell-conformal-isometry,1,0.0,train,0.000259,0,-
7184624c9762b8b9,GPT_4O_2024_08_06,ae530ee69e5e6c85,paper=grid-cell-conformal-isometry,1,0.0,test,0.040538,0,match
7184624c9762b8b9,GPT_4O_2024_08_06,05692c113c53d111,paper=grid-cell-conformal-isometry,1,0.0,train,0.192084,0,-
7184624c9762b8b9,GPT_4O_2024_08_06,09ef7175f80444b8,paper=grid-cell-conformal-isometry,1,0.0,test,0.00037,0,match
7184624c9762b8b9,GPT_4O_2024_08_06,c957b02e267c0392,paper=grid-cell-conformal-isometry,1,1.0,train,0.367789,0,-
7184624c9762b8b9,GPT_4O_2024_08_06,acbe928befb8a046,paper=grid-cell-conformal-isometry,1,1.0,test,0.368522,0,miss
7184624c9762b8b9,GPT_4O_2024_08_06,fba739fb9880b6ab,paper=grid-cell-conformal-isometry,1,1.0,train,0.798495,1,-
7184624c9762b8b9,GPT_4O_2024_08_06,b622a67ebe4eb58e,paper=grid-cell-conformal-isometry,1,0.0,train,0.133579,0,-
7184624c9762b8b9,GPT_4O_2024_08_06,5f38e1fd308d6909,paper=grid-cell-conformal-isometry,1,0.0,train,0.159204,0,-
7184624c9762b8b9,GPT_4O_2024_08_06,4dcb8976ac7d2468,paper=grid-cell-conformal-isometry,1,1.0,test,0.444747,0,miss
7184624c9762b8b9,GPT_4O_2024_08_06,30c27636274b3021,paper=grid-cell-conformal-isometry,1,0.0,train,0.517731,1,-
7184624c9762b8b9,GPT_4O_2024_08_06,9f7587886a09b096,paper=grid-cell-conformal-isometry,1,1.0,test,0.891769,1,match
3f126a3baa99198a,GPT_4O_MINI,9ce0ebd9729a7e40,paper=grid-cell-conformal-isometry,1,0.0,train,4.1e-05,0,-
3f126a3baa99198a,GPT_4O_MINI,7b80eafff7fb3aeb,paper=grid-cell-conformal-isometry,1,0.0,train,4.1e-05,0,-
3f126a3baa99198a,GPT_4O_MINI,561c213a1bd47c7a,paper=grid-cell-conformal-isometry,1,0.0,test,5.8e-05,0,match
3f126a3baa99198a,GPT_4O_MINI,af929b7d3c000004,paper=grid-cell-conformal-isometry,1,0.0,train,4.3e-05,0,-
3f126a3baa99198a,GPT_4O_MINI,ae530ee69e5e6c85,paper=grid-cell-conformal-isometry,1,0.0,train,0.006915,0,-
3f126a3baa99198a,GPT_4O_MINI,05692c113c53d111,paper=grid-cell-conformal-isometry,1,0.0,train,0.037706,0,-
3f126a3baa99198a,GPT_4O_MINI,09ef7175f80444b8,paper=grid-cell-conformal-isometry,1,0.0,test,6.1e-05,0,match
3f126a3baa99198a,GPT_4O_MINI,c957b02e267c0392,paper=grid-cell-conformal-isometry,1,0.0,train,0.087489,0,-
3f126a3baa99198a,GPT_4O_MINI,acbe928befb8a046,paper=grid-cell-conformal-isometry,1,0.0,train,0.087741,0,-
3f126a3baa99198a,GPT_4O_MINI,fba739fb9880b6ab,paper=grid-cell-conformal-isometry,1,0.0,train,0.395068,0,-
3f126a3baa99198a,GPT_4O_MINI,b622a67ebe4eb58e,paper=grid-cell-conformal-isometry,1,0.0,test,0.024779,0,match
3f126a3baa99198a,GPT_4O_MINI,5f38e1fd308d6909,paper=grid-cell-conformal-isometry,1,0.0,test,0.030262,0,match
3f126a3baa99198a,GPT_4O_MINI,4dcb8976ac7d2468,paper=grid-cell-conformal-isometry,1,0.0,train,0.116615,0,-
3f126a3baa99198a,GPT_4O_MINI,30c27636274b3021,paper=grid-cell-conformal-isometry,1,0.0,train,0.15033,0,-
3f126a3baa99198a,GPT_4O_MINI,9f7587886a09b096,paper=grid-cell-conformal-isometry,1,1.0,train,0.575902,1,-
21a139c20bbac1e2,O3_MINI_HIGH,9ce0ebd9729a7e40,paper=grid-cell-conformal-isometry,1,0.0,test,0.001124,0,match
21a139c20bbac1e2,O3_MINI_HIGH,7b80eafff7fb3aeb,paper=grid-cell-conformal-isometry,1,0.0,train,0.001124,0,-
21a139c20bbac1e2,O3_MINI_HIGH,561c213a1bd47c7a,paper=grid-cell-conformal-isometry,1,0.0,train,0.001563,0,-
21a139c20bbac1e2,O3_MINI_HIGH,af929b7d3c000004,paper=grid-cell-conformal-isometry,1,0.0,train,0.001159,0,-
21a139c20bbac1e2,O3_MINI_HIGH,ae530ee69e5e6c85,paper=grid-cell-conformal-isometry,1,0.0,train,0.159248,0,-
21a139c20bbac1e2,O3_MINI_HIGH,05692c113c53d111,paper=grid-cell-conformal-isometry,1,1.0,train,0.515939,1,-
21a139c20bbac1e2,O3_MINI_HIGH,09ef7175f80444b8,paper=grid-cell-conformal-isometry,1,0.0,test,0.001659,0,match
21a139c20bbac1e2,O3_MINI_HIGH,c957b02e267c0392,paper=grid-cell-conformal-isometry,1,0.0,test,0.72284,1,miss
21a139c20bbac1e2,O3_MINI_HIGH,acbe928befb8a046,paper=grid-cell-conformal-isometry,1,0.0,test,0.72347,1,miss
21a139c20bbac1e2,O3_MINI_HIGH,fba739fb9880b6ab,paper=grid-cell-conformal-isometry,1,0.0,test,0.946708,1,miss
21a139c20bbac1e2,O3_MINI_HIGH,b622a67ebe4eb58e,paper=grid-cell-conformal-isometry,1,0.0,train,0.408691,0,-
21a139c20bbac1e2,O3_MINI_HIGH,5f38e1fd308d6909,paper=grid-cell-conformal-isometry,1,1.0,train,0.459127,0,-
21a139c20bbac1e2,O3_MINI_HIGH,4dcb8976ac7d2468,paper=grid-cell-conformal-isometry,1,1.0,train,0.782175,1,-
21a139c20bbac1e2,O3_MINI_HIGH,30c27636274b3021,paper=grid-cell-conformal-isometry,1,1.0,train,0.827962,1,-
21a139c20bbac1e2,O3_MINI_HIGH,9f7587886a09b096,paper=grid-cell-conformal-isometry,1,1.0,train,0.973641,1,-
22e9aca88e136167,DEEPSEEK_R1,9ce0ebd9729a7e40,paper=grid-cell-conformal-isometry,1,0.0,train,0.000358,0,-
22e9aca88e136167,DEEPSEEK_R1,7b80eafff7fb3aeb,paper=grid-cell-conformal-isometry,1,0.0,train,0.000358,0,-
22e9aca88e136167,DEEPSEEK_R1,561c213a1bd47c7a,paper=grid-cell-conformal-isometry,1,0.0,train,0.000498,0,-
22e9aca88e136167,DEEPSEEK_R1,af929b7d3c000004,paper=grid-cell-conformal-isometry,1,0.0,test,0.000369,0,match
22e9aca88e136167,DEEPSEEK_R1,ae530ee69e5e6c85,paper=grid-cell-conformal-isometry,1,0.0,train,0.056845,0,-
22e9aca88e136167,DEEPSEEK_R1,05692c113c53d111,paper=grid-cell-conformal-isometry,1,0.0,train,0.253262,0,-
22e9aca88e136167,DEEPSEEK_R1,09ef7175f80444b8,paper=grid-cell-conformal-isometry,1,0.0,train,0.000528,0,-
22e9aca88e136167,DEEPSEEK_R1,c957b02e267c0392,paper=grid-cell-conformal-isometry,1,0.0,train,0.453515,0,-
22e9aca88e136167,DEEPSEEK_R1,acbe928befb8a046,paper=grid-cell-conformal-isometry,1,1.0,test,0.454296,0,miss
22e9aca88e136167,DEEPSEEK_R1,fba739fb9880b6ab,paper=grid-cell-conformal-isometry,1,1.0,train,0.849687,1,-
22e9aca88e136167,DEEPSEEK_R1,b622a67ebe4eb58e,paper=grid-cell-conformal-isometry,1,1.0,test,0.18028,0,miss
22e9aca88e136167,DEEPSEEK_R1,5f38e1fd308d6909,paper=grid-cell-conformal-isometry,1,0.0,train,0.212667,0,-
22e9aca88e136167,DEEPSEEK_R1,4dcb8976ac7d2468,paper=grid-cell-conformal-isometry,1,1.0,train,0.53328,1,-
22e9aca88e136167,DEEPSEEK_R1,30c27636274b3021,paper=grid-cell-conformal-isometry,1,0.0,train,0.604962,1,-
22e9aca88e136167,DEEPSEEK_R1,9f7587886a09b096,paper=grid-cell-conformal-isometry,1,1.0,train,0.921592,1,-
1872c1340f216012,O1_HIGH,9ce0ebd9729a7e40,paper=grid-cell-conformal-isometry,1,0.0,test,0.000556,0,match
1872c1340f216012,O1_HIGH,7b80eafff7fb3aeb,paper=grid-cell-conformal-isometry,1,0.0,train,0.000556,0,-
1872c1340f216012,O1_HIGH,561c213a1bd47c7a,paper=grid-cell-conformal-isometry,1,0.0,test,0.000773,0,match
1872c1340f216012,O1_HIGH,af929b7d3c000004,paper=grid-cell-conformal-isometry,1,0.0,train,0.000573,0,-
1872c1340f216012,O1_HIGH,ae530ee69e5e6c85,paper=grid-cell-conformal-isometry,1,0.0,train,0.085629,0,-
1872c1340f216012,O1_HIGH,05692c113c53d111,paper=grid-cell-conformal-isometry,1,0.0,test,0.345109,0,match
1872c1340f216012,O1_HIGH,09ef7175f80444b8,paper=grid-cell-conformal-isometry,1,0.0,train,0.000821,0,-
1872c1340f216012,O1_HIGH,c957b02e267c0392,paper=grid-cell-conformal-isometry,1,0.0,train,0.563211,1,-
1872c1340f216012,O1_HIGH,acbe928befb8a046,paper=grid-cell-conformal-isometry,1,1.0,train,0.563986,1,-
1872c1340f216012,O1_HIGH,fba739fb9880b6ab,paper=grid-cell-conformal-isometry,1,1.0,train,0.897783,1,-
1872c1340f216012,O1_HIGH,b622a67ebe4eb58e,paper=grid-cell-conformal-isometry,1,1.0,train,0.254688,0,-
1872c1340f216012,O1_HIGH,5f38e1fd308d6909,paper=grid-cell-conformal-isometry,1,0.0,train,0.29562,0,-
1872c1340f216012,O1_HIGH,4dcb8976ac7d2468,paper=grid-cell-conformal-isometry,1,0.0,test,0.639685,1,miss
1872c1340f216012,O1_HIGH,30c27636274b3021,paper=grid-cell-conformal-isometry,1,0.0,train,0.704094,1,-
1872c1340f216012,O1_HIGH,9f7587886a09b096,paper=grid-cell-conformal-isometry,1,1.0,train,0.948086,1,-
8d49a7a13f10df7f,GPT_4_1,9ce0ebd9729a7e40,paper=grid-cell-conformal-isometry,1,0.0,train,0.000715,0,-
8d49a7a13f10df7f,GPT_4_1,7b80eafff7fb3aeb,paper=grid-cell-conformal-isometry,1,0.0,train,0.000714,0,-
8d49a7a13f10df7f,GPT_4_1,561c213a1bd47c7a,paper=grid-cell-conformal-isometry,1,0.0,train,0.000993,0,-
8d49a7a13f10df7f,GPT_4_1,af929b7d3c000004,paper=grid-cell-conformal-isometry,1,0.0,train,0.000736,0,-
8d49a7a13f10df7f,GPT_4_1,ae530ee69e5e6c85,paper=grid-cell-conformal-isometry,1,0.0,train,0.1074,0,-
8d49a7a13f10df7f,GPT_4_1,05692c113c53d111,paper=grid-cell-conformal-isometry,1,0.0,test,0.403725,0,match
8d49a7a13f10df7f,GPT_4_1,09ef7175f80444b8,paper=grid-cell-conformal-isometry,1,0.0,train,0.001054,0,-
8d49a7a13f10df7f,GPT_4_1,c957b02e267c0392,paper=grid-cell-conformal-isometry,1,1.0,train,0.623597,1,-
8d49a7a13f10df7f,GPT_4_1,acbe928befb8a046,paper=grid-cell-conformal-isometry,1,1.0,train,0.624337,1,-
8d49a7a13f10df7f,GPT_4_1,fba739fb9880b6ab,paper=grid-cell-conformal-isometry,1,1.0,train,0.9186,1,-
8d49a7a13f10df7f,GPT_4_1,b622a67ebe4eb58e,paper=grid-cell-conformal-isometry,1,1.0,train,0.305101,0,-
8d49a7a13f10df7f,GPT_4_1,5f38e1fd308d6909,paper=grid-cell-conformal-isometry,1,1.0,train,0.350327,0,-
8d49a7a13f10df7f,GPT_4_1,4dcb8976ac7d2468,paper=grid-cell-conformal-isometry,1,1.0,train,0.69522,1,-
8d49a7a13f10df7f,GPT_4_1,30c27636274b3021,paper=grid-cell-conformal-isometry,1,0.0,train,0.753526,1,-
8d49a7a13f10df7f,GPT_4_1,9f7587886a09b096,paper=grid-cell-conformal-isometry,1,1.0,train,0.959125,1,-
efdd1f09f2fb64b9,GPT_4_1_MINI,9ce0ebd9729a7e40,paper=grid-cell-conformal-isometry,1,0.0,train,0.000328,0,-
efdd1f09f2fb64b9,GPT_4_1_MINI,7b80eafff7fb3aeb,paper=grid-cell-conformal-isometry,1,0.0,test,0.000328,0,match
efdd1f09f2fb64b9,GPT_4_1_MINI,561c213a1bd47c7a,paper=grid-cell-conformal-isometry,1,0.0,test,0.000456,0,match
efdd1f09f2fb64b9,GPT_4_1_MINI,af929b7d3c000004,paper=grid-cell-conformal-isometry,1,0.0,train,0.000338,0,-
efdd1f09f2fb64b9,GPT_4_1_MINI,ae530ee69e5e6c85,paper=grid-cell-conformal-isometry,1,0.0,train,0.052276,0,-
efdd1f09f2fb64b9,GPT_4_1_MINI,05692c113c53d111,paper=grid-cell-conformal-isometry,1,0.0,train,0.236868,0,-
efdd1f09f2fb64b9,GPT_4_1_MINI,09ef7175f80444b8,paper=grid-cell-conformal-isometry,1,0.0,train,0.000484,0,-
efdd1f09f2fb64b9,GPT_4_1_MINI,c957b02e267c0392,paper=grid-cell-conformal-isometry,1,0.0,test,0.431652,0,match
efdd1f09f2fb64b9,GPT_4_1_MINI,acbe928befb8a046,paper=grid-cell-conformal-isometry,1,1.0,train,0.432425,0,-
efdd1f09f2fb64b9,GPT_4_1_MINI,fba739fb9880b6ab,paper=grid-cell-conformal-isometry,1,1.0,train,0.838012,1,-
efdd1f09f2fb64b9,GPT_4_1_MINI,b622a67ebe4eb58e,paper=grid-cell-conformal-isometry,1,0.0,train,0.167551,0,-
efdd1f09f2fb64b9,GPT_4_1_MINI,5f38e1fd308d6909,paper=grid-cell-conformal-isometry,1,0.0,train,0.198203,0,-
efdd1f09f2fb64b9,GPT_4_1_MINI,4dcb8976ac7d2468,paper=grid-cell-conformal-isometry,1,0.0,train,0.511168,1,-
efdd1f09f2fb64b9,GPT_4_1_MINI,30c27636274b3021,paper=grid-cell-conformal-isometry,1,1.0,train,0.583595,1,-
efdd1f09f2fb64b9,GPT_4_1_MINI,9f7587886a09b096,paper=grid-cell-conformal-isometry,1,1.0,train,0.914943,1,-
be16a6de1e20efee,GPT_4_1_NANO,9ce0ebd9729a7e40,paper=grid-cell-conformal-isometry,1,0.0,test,1.8e-05,0,match
be16a6de1e20efee,GPT_4_1_NANO,7b80eafff7fb3aeb,paper=grid-cell-conformal-isometry,1,0.0,train,1.8e-05,0,-
be16a6de1e20efee,GPT_4_1_NANO,561c213a1bd47c7a,paper=grid-cell-conformal-isometry,1,0.0,train,2.5e-05,0,-
be16a6de1e20efee,GPT_4_1_NANO,af929b7d3c000004,paper=grid-cell-conformal-isometry,1,0.0,train,1.8e-05,0,-
be16a6de1e20efee,GPT_4_1_NANO,ae530ee69e5e6c85,paper=grid-cell-conformal-isometry,1,0.0,test,0.002998,0,match
be16a6de1e20efee,GPT_4_1_NANO,05692c113c53d111,paper=grid-cell-conformal-isometry,1,0.0,train,0.016641,0,-
be16a6de1e20efee,GPT_4_1_NANO,09ef7175f80444b8,paper=grid-cell-conformal-isometry,1,0.0,test,2.6e-05,0,match
be16a6de1e20efee,GPT_4_1_NANO,c957b02e267c0392,paper=grid-cell-conformal-isometry,1,0.0,train,0.039761,0,-
be16a6de1e20efee,GPT_4_1_NANO,acbe928befb8a046,paper=grid-cell-conformal-isometry,1,0.0,test,0.039882,0,match
be16a6de1e20efee,GPT_4_1_NANO,fba739fb9880b6ab,paper=grid-cell-conformal-isometry,1,0.0,train,0.220001,0,-
be16a6de1e20efee,GPT_4_1_NANO,b622a67ebe4eb58e,paper=grid-cell-conformal-isometry,1,0.0,train,0.010855,0,-
be16a6de1e20efee,GPT_4_1_NANO,5f38e1fd308d6909,paper=grid-cell-conformal-isometry,1,0.0,train,0.013298,0,-
be16a6de1e20efee,GPT_4_1_NANO,4dcb8976ac7d2468,paper=grid-cell-conformal-isometry,1,0.0,test,0.053937,0,match
be16a6de1e20efee,GPT_4_1_NANO,30c27636274b3021,paper=grid-cell-conformal-isometry,1,0.0,test,0.070987,0,match
be16a6de1e20efee,GPT_4_1_NANO,9f7587886a09b096,paper=grid-cell-conformal-isometry,1,0.0,train,0.36967,0,-
1c618d9d58429b09,O3_HIGH,9ce0ebd9729a7e40,paper=grid-cell-conformal-isometry,1,0.0,train,0.001722,0,-
1c618d9d58429b09,O3_HIGH,7b80eafff7fb3aeb,paper=grid-cell-conformal-isometry,1,0.0,train,0.001721,0,-
1c618d9d58429b09,O3_HIGH,561c213a1bd47c7a,paper=grid-cell-conformal-isometry,1,0.0,train,0.002393,0,-
1c618d9d58429b09,O3_HIGH,af929b7d3c000004,paper=grid-cell-conformal-isometry,1,0.0,train,0.001774,0,-
1c618d9d58429b09,O3_HIGH,ae530ee69e5e6c85,paper=grid-cell-conformal-isometry,1,0.0,train,0.224961,0,-
1c618d9d58429b09,O3_HIGH,05692c113c53d111,paper=grid-cell-conformal-isometry,1,0.0,train,0.620253,1,-
1c618d9d58429b09,O3_HIGH,09ef7175f80444b8,paper=grid-cell-conformal-isometry,1,0.0,test,0.002539,0,match
1c618d9d58429b09,O3_HIGH,c957b02e267c0392,paper=grid-cell-conformal-isometry,1,1.0,test,0.799862,1,match
1c618d9d58429b09,O3_HIGH,acbe928befb8a046,paper=grid-cell-conformal-isometry,1,1.0,train,0.800366,1,-
1c618d9d58429b09,O3_HIGH,fba739fb9880b6ab,paper=grid-cell-conformal-isometry,1,1.0,train,0.964568,1,-
1c618d9d58429b09,O3_HIGH,b622a67ebe4eb58e,paper=grid-cell-conformal-isometry,1,0.0,train,0.514362,1,-
1c618d9d58429b09,O3_HIGH,5f38e1fd308d6909,paper=grid-cell-conformal-isometry,1,1.0,train,0.565371,1,-
1c618d9d58429b09,O3_HIGH,4dcb8976ac7d2468,paper=grid-cell-conformal-isometry,1,1.0,test,0.846217,1,match
1c618d9d58429b09,O3_HIGH,30c27636274b3021,paper=grid-cell-conformal-isometry,1,1.0,train,0.880597,1,-
1c618d9d58429b09,O3_HIGH,9f7587886a09b096,paper=grid-cell-conformal-isometry,1,1.0,train,0.98264,1,-
bce3d3ee52ef698f,CLAUDE_3_5_SONNET_2024_10_22,9ce0ebd9729a7e40,paper=grid-cell-conformal-isometry,1,0.0,test,0.0005,0,match
bce3d3ee52ef698f,CLAUDE_3_5_SONNET_2024_10_22,7b80eafff7fb3aeb,paper=grid-cell-conformal-isometry,1,0.0,train,0.0005,0,-
bce3d3ee52ef698f,CLAUDE_3_5_SONNET_2024_10_22,561c213a1bd47c7a,paper=grid-cell-conformal-isometry,1,0.0,train,0.000695,0,-
bce3d3ee52ef698f,CLAUDE_3_5_SONNET_2024_10_22,af929b7d3c000004,paper=grid-cell-conformal-isometry,1,0.0,train,0.000515,0,-
bce3d3ee52ef698f,CLAUDE_3_5_SONNET_2024_10_22,ae530ee69e5e6c85,paper=grid-cell-conformal-isometry,1,0.0,train,0.07767,0,-
bce3d3ee52ef698f,CLAUDE_3_5_SONNET_2024_10_22,05692c113c53d111,paper=grid-cell-conformal-isometry,1,1.0,test,0.321513,0,miss
bce3d3ee52ef698f,CLAUDE_3_5_SONNET_2024_10_22,09ef7175f80444b8,paper=grid-cell-conformal-isometry,1,0.0,train,0.000738,0,-
bce3d3ee52ef698f,CLAUDE_3_5_SONNET_2024_10_22,c957b02e267c0392,paper=grid-cell-conformal-isometry,1,1.0,train,0.536929,1,-
bce3d3ee52ef698f,CLAUDE_3_5_SONNET_2024_10_22,acbe928befb8a046,paper=grid-cell-conformal-isometry,1,0.0,train,0.537713,1,-
bce3d3ee52ef698f,CLAUDE_3_5_SONNET_2024_10_22,fba739fb9880b6ab,paper=grid-cell-conformal-isometry,1,0.0,test,0.887615,1,miss
bce3d3ee52ef698f,CLAUDE_3_5_SONNET_2024_10_22,b622a67ebe4eb58e,paper=grid-cell-conformal-isometry,1,0.0,train,0.235055,0,-
bce3d3ee52ef698f,CLAUDE_3_5_SONNET_2024_10_22,5f38e1fd308d6909,paper=grid-cell-conformal-isometry,1,0.0,train,0.273992,0,-
bce3d3ee52ef698f,CLAUDE_3_5_SONNET_2024_10_22,4dcb8976ac7d2468,paper=grid-cell-conformal-isometry,1,1.0,train,0.614858,1,-
bce3d3ee52ef698f,CLAUDE_3_5_SONNET_2024_10_22,30c27636274b3021,paper=grid-cell-conformal-isometry,1,0.0,train,0.681495,1,-
bce3d3ee52ef698f,CLAUDE_3_5_SONNET_2024_10_22,9f7587886a09b096,paper=grid-cell-conformal-isometry,1,1.0,train,0.942602,1,-
39edf3fbaacf1629,CLAUDE_3_7_SONNET_2025_02_19,9ce0ebd9729a7e40,paper=grid-cell-conformal-isometry,1,0.0,train,0.000717,0,-
39edf3fbaacf1629,CLAUDE_3_7_SONNET_2025_02_19,7b80eafff7fb3aeb,paper=grid-cell-conformal-isometry,1,0.0,train,0.000716,0,-
39edf3fbaacf1629,CLAUDE_3_7_SONNET_2025_02_19,561c213a1bd47c7a,paper=grid-cell-conformal-isometry,1,0.0,test,0.000996,0,match
39edf3fbaacf1629,CLAUDE_3_7_SONNET_2025_02_19,af929b7d3c000004,paper=grid-cell-conformal-isometry,1,0.0,test,0.000738,0,match
39edf3fbaacf1629,CLAUDE_3_7_SONNET_2025_02_19,ae530ee69e5e6c85,paper=grid-cell-conformal-isometry,1,0.0,train,0.107672,0,-
39edf3fbaacf1629,CLAUDE_3_7_SONNET_2025_02_19,05692c113c53d111,paper=grid-cell-conformal-isometry,1,0.0,train,0.404408,0,-
39edf3fbaacf1629,CLAUDE_3_7_SONNET_2025_02_19,09ef7175f80444b8,paper=grid-cell-conformal-isometry,1,0.0,train,0.001057,0,-
39edf3fbaacf1629,CLAUDE_3_7_SONNET_2025_02_19,c957b02e267c0392,paper=grid-cell-conformal-isometry,1,1.0,train,0.624263,1,-
39edf3fbaacf1629,CLAUDE_3_7_SONNET_2025_02_19,acbe928befb8a046,paper=grid-cell-conformal-isometry,1,0.0,train,0.625002,1,-
39edf3fbaacf1629,CLAUDE_3_7_SONNET_2025_02_19,fba739fb9880b6ab,paper=grid-cell-conformal-isometry,1,1.0,test,0.918811,1,match
39edf3fbaacf1629,CLAUDE_3_7_SONNET_2025_02_19,b622a67ebe4eb58e,paper=grid-cell-conformal-isometry,1,0.0,train,0.305702,0,-
39edf3fbaacf1629,CLAUDE_3_7_SONNET_2025_02_19,5f38e1fd308d6909,paper=grid-cell-conformal-isometry,1,0.0,train,0.350973,0,-
39edf3fbaacf1629,CLAUDE_3_7_SONNET_2025_02_19,4dcb8976ac7d2468,paper=grid-cell-conformal-isometry,1,1.0,train,0.695821,1,-
39edf3fbaacf1629,CLAUDE_3_7_SONNET_2025_02_19,30c27636274b3021,paper=grid-cell-conformal-isometry,1,1.0,train,0.754053,1,-
39edf3fbaacf1629,CLAUDE_3_7_SONNET_2025_02_19,9f7587886a09b096,paper=grid-cell-conformal-isometry,1,1.0,test,0.959236,1,match
a531ea372ae4b71d,GROK_3_BETA,9ce0ebd9729a7e40,paper=grid-cell-conformal-isometry,1,0.0,test,0.00026,0,match
a531ea372ae4b71d,GROK_3_BETA,7b80eafff7fb3aeb,paper=grid-cell-conformal-isometry,1,0.0,train,0.00026,0,-
a531ea372ae4b71d,GROK_3_BETA,561c213a1bd47c7a,paper=grid-cell-conformal-isometry,1,0.0,train,0.000361,0,-
a531ea372ae4b71d,GROK_3_BETA,af929b7d3c000004,paper=grid-cell-conformal-isometry,1,0.0,test,0.000268,0,match
a531ea372ae4b71d,GROK_3_BETA,ae530ee69e5e6c85,paper=grid-cell-conformal-isometry,1,0.0,test,0.041916,0,match
a531ea372ae4b71d,GROK_3_BETA,05692c113c53d111,paper=grid-cell-conformal-isometry,1,0.0,train,0.197553,0,-
a531ea372ae4b71d,GROK_3_BETA,09ef7175f80444b8,paper=grid-cell-conformal-isometry,1,0.0,train,0.000384,0,-
a531ea372ae4b71d,GROK_3_BETA,c957b02e267c0392,paper=grid-cell-conformal-isometry,1,0.0,train,0.375933,0,-
a531ea372ae4b71d,GROK_3_BETA,acbe928befb8a046,paper=grid-cell-conformal-isometry,1,1.0,train,0.376672,0,-
a531ea372ae4b71d,GROK_3_BETA,fba739fb9880b6ab,paper=grid-cell-conformal-isometry,1,0.0,train,0.804046,1,-
a531ea372ae4b71d,GROK_3_BETA,b622a67ebe4eb58e,paper=grid-cell-conformal-isometry,1,0.0,train,0.137665,0,-
a531ea372ae4b71d,GROK_3_BETA,5f38e1fd308d6909,paper=grid-cell-conformal-isometry,1,0.0,train,0.163927,0,-
a531ea372ae4b71d,GROK_3_BETA,4dcb8976ac7d2468,paper=grid-cell-conformal-isometry,1,0.0,test,0.453373,0,match
a531ea372ae4b71d,GROK_3_BETA,30c27636274b3021,paper=grid-cell-conformal-isometry,1,0.0,train,0.52643,1,-
a531ea372ae4b71d,GROK_3_BETA,9f7587886a09b096,paper=grid-cell-conformal-isometry,1,1.0,train,0.895089,1,-
ac78f79a36a11b0e,GEMINI_2_5_PRO_PREVIEW_03_25,9ce0ebd9729a7e40,paper=grid-cell-conformal-isometry,1,0.0,train,0.002152,0,-
ac78f79a36a11b0e,GEMINI_2_5_PRO_PREVIEW_03_25,7b80eafff7fb3aeb,paper=grid-cell-conformal-isometry,1,0.0,train,0.002151,0,-
ac78f79a36a11b0e,GEMINI_2_5_PRO_PREVIEW_03_25,561c213a1bd47c7a,paper=grid-cell-conformal-isometry,1,0.0,train,0.00299,0,-
ac78f79a36a11b0e,GEMINI_2_5_PRO_PREVIEW_03_25,af929b7d3c000004,paper=grid-cell-conformal-isometry,1,0.0,train,0.002218,0,-
ac78f79a36a11b0e,GEMINI_2_5_PRO_PREVIEW_03_25,ae530ee69e5e6c85,paper=grid-cell-conformal-isometry,1,1.0,train,0.266289,0,-
ac78f79a36a11b0e,GEMINI_2_5_PRO_PREVIEW_03_25,05692c113c53d111,paper=grid-cell-conformal-isometry,1,1.0,train,0.671301,1,-
ac78f79a36a11b0e,GEMINI_2_5_PRO_PREVIEW_03_25,09ef7175f80444b8,paper=grid-cell-conformal-isometry,1,0.0,train,0.003173,0,-
ac78f79a36a11b0e,GEMINI_2_5_PRO_PREVIEW_03_25,c957b02e267c0392,paper=grid-cell-conformal-isometry,1,1.0,train,0.833257,1,-
ac78f79a36a11b0e,GEMINI_2_5_PRO_PREVIEW_03_25,acbe928befb8a046,paper=grid-cell-conformal-isometry,1,1.0,train,0.833694,1,-
ac78f79a36a11b0e,GEMINI_2_5_PRO_PREVIEW_03_25,fba739fb9880b6ab,paper=grid-cell-conformal-isometry,1,1.0,train,0.97146,1,-
ac78f79a36a11b0e,GEMINI_2_5_PRO_PREVIEW_03_25,b622a67ebe4eb58e,paper=grid-cell-conformal-isometry,1,1.0,train,0.569771,1,-
ac78f79a36a11b0e,GEMINI_2_5_PRO_PREVIEW_03_25,5f38e1fd308d6909,paper=grid-cell-conformal-isometry,1,1.0,train,0.619267,1,-
ac78f79a36a11b0e,GEMINI_2_5_PRO_PREVIEW_03_25,4dcb8976ac7d2468,paper=grid-cell-conformal-isometry,1,1.0,train,0.873103,1,-
ac78f79a36a11b0e,GEMINI_2_5_PRO_PREVIEW_03_25,30c27636274b3021,paper=grid-cell-conformal-isometry,1,1.0,train,0.902168,1,-
ac78f79a36a11b0e,GEMINI_2_5_PRO_PREVIEW_03_25,9f7587886a09b096,paper=grid-cell-conformal-isometry,1,1.0,train,0.986068,1,-
b97dccb68ad1d70a,OPENROUTER_DEEPSEEK_CHAT_V3_0324,9ce0ebd9729a7e40,paper=grid-cell-conformal-isometry,1,0.0,test,0.00029,0,match
b97dccb68ad1d70a,OPENROUTER_DEEPSEEK_CHAT_V3_0324,7b80eafff7fb3aeb,paper=grid-cell-conformal-isometry,1,0.0,train,0.00029,0,-
b97dccb68ad1d70a,OPENROUTER_DEEPSEEK_CHAT_V3_0324,561c213a1bd47c7a,paper=grid-cell-conformal-isometry,1,0.0,train,0.000403,0,-
b97dccb68ad1d70a,OPENROUTER_DEEPSEEK_CHAT_V3_0324,af929b7d3c000004,paper=grid-cell-conformal-isometry,1,0.0,test,0.000299,0,match
b97dccb68ad1d70a,OPENROUTER_DEEPSEEK_CHAT_V3_0324,ae530ee69e5e6c85,paper=grid-cell-conformal-isometry,1,0.0,train,0.046518,0,-
b97dccb68ad1d70a,OPENROUTER_DEEPSEEK_CHAT_V3_0324,05692c113c53d111,paper=grid-cell-conformal-isometry,1,1.0,train,0.2154,0,-
b97dccb68ad1d70a,OPENROUTER_DEEPSEEK_CHAT_V3_0324,09ef7175f80444b8,paper=grid-cell-conformal-isometry,1,0.0,train,0.000428,0,-
b97dccb68ad1d70a,OPENROUTER_DEEPSEEK_CHAT_V3_0324,c957b02e267c0392,paper=grid-cell-conformal-isometry,1,1.0,train,0.401826,0,-
b97dccb68ad1d70a,OPENROUTER_DEEPSEEK_CHAT_V3_0324,acbe928befb8a046,paper=grid-cell-conformal-isometry,1,1.0,train,0.402583,0,-
b97dccb68ad1d70a,OPENROUTER_DEEPSEEK_CHAT_V3_0324,fba739fb9880b6ab,paper=grid-cell-conformal-isometry,1,1.0,train,0.82065,1,-
b97dccb68ad1d70a,OPENROUTER_DEEPSEEK_CHAT_V3_0324,b622a67ebe4eb58e,paper=grid-cell-conformal-isometry,1,0.0,train,0.151121,0,-
b97dccb68ad1d70a,OPENROUTER_DEEPSEEK_CHAT_V3_0324,5f38e1fd308d6909,paper=grid-cell-conformal-isometry,1,0.0,train,0.179416,0,-
b97dccb68ad1d70a,OPENROUTER_DEEPSEEK_CHAT_V3_0324,4dcb8976ac7d2468,paper=grid-cell-conformal-isometry,1,0.0,train,0.480492,0,-
b97dccb68ad1d70a,OPENROUTER_DEEPSEEK_CHAT_V3_0324,30c27636274b3021,paper=grid-cell-conformal-isometry,1,1.0,train,0.553494,1,-
b97dccb68ad1d70a,OPENROUTER_DEEPSEEK_CHAT_V3_0324,9f7587886a09b096,paper=grid-cell-conformal-isometry,1,1.0,train,0.904891,1,-
09f4a41bb2e2d341,QWEN_2_5_CODER_32B_INSTRUCT,9ce0ebd9729a7e40,paper=grid-cell-conformal-isometry,1,0.0,train,5.5e-05,0,-
09f4a41bb2e2d341,QWEN_2_5_CODER_32B_INSTRUCT,7b80eafff7fb3aeb,paper=grid-cell-conformal-isometry,1,0.0,train,5.5e-05,0,-
09f4a41bb2e2d341,QWEN_2_5_CODER_32B_INSTRUCT,561c213a1bd47c7a,paper=grid-cell-conformal-isometry,1,0.0,train,7.6e-05,0,-
09f4a41bb2e2d341,QWEN_2_5_CODER_32B_INSTRUCT,af929b7d3c000004,paper=grid-cell-conformal-isometry,1,0.0,train,5.6e-05,0,-
09f4a41bb2e2d341,QWEN_2_5_CODER_32B_INSTRUCT,ae530ee69e5e6c85,paper=grid-cell-conformal-isometry,1,0.0,train,0.009142,0,-
09f4a41bb2e2d341,QWEN_2_5_CODER_32B_INSTRUCT,05692c113c53d111,paper=grid-cell-conformal-isometry,1,0.0,train,0.049354,0,-
09f4a41bb2e2d341,QWEN_2_5_CODER_32B_INSTRUCT,09ef7175f80444b8,paper=grid-cell-conformal-isometry,1,0.0,train,8.1e-05,0,-
09f4a41bb2e2d341,QWEN_2_5_CODER_32B_INSTRUCT,c957b02e267c0392,paper=grid-cell-conformal-isometry,1,0.0,train,0.112714,0,-
09f4a41bb2e2d341,QWEN_2_5_CODER_32B_INSTRUCT,acbe928befb8a046,paper=grid-cell-conformal-isometry,1,0.0,train,0.113029,0,-
09f4a41bb2e2d341,QWEN_2_5_CODER_32B_INSTRUCT,fba739fb9880b6ab,paper=grid-cell-conformal-isometry,1,0.0,train,0.46389,0,-
09f4a41bb2e2d341,QWEN_2_5_CODER_32B_INSTRUCT,b622a67ebe4eb58e,paper=grid-cell-conformal-isometry,1,0.0,train,0.032569,0,-
09f4a41bb2e2d341,QWEN_2_5_CODER_32B_INSTRUCT,5f38e1fd308d6909,paper=grid-cell-conformal-isometry,1,0.0,train,0.039705,0,-
09f4a41bb2e2d341,QWEN_2_5_CODER_32B_INSTRUCT,4dcb8976ac7d2468,paper=grid-cell-conformal-isometry,1,0.0,train,0.148866,0,-
09f4a41bb2e2d341,QWEN_2_5_CODER_32B_INSTRUCT,30c27636274b3021,paper=grid-cell-conformal-isometry,1,0.0,train,0.189901,0,-
09f4a41bb2e2d341,QWEN_2_5_CODER_32B_INSTRUCT,9f7587886a09b096,paper=grid-cell-conformal-isometry,1,0.0,train,0.642755,1,-
c117f9213dc5d8c9,LLAMA_3_3_70B_INSTRUCT,9ce0ebd9729a7e40,paper=grid-cell-conformal-isometry,1,0.0,test,9e-06,0,match
c117f9213dc5d8c9,LLAMA_3_3_70B_INSTRUCT,7b80eafff7fb3aeb,paper=grid-cell-conformal-isometry,1,0.0,train,9e-06,0,-
c117f9213dc5d8c9,LLAMA_3_3_70B_INSTRUCT,561c213a1bd47c7a,paper=grid-cell-conformal-isometry,1,0.0,test,1.3e-05,0,match
c117f9213dc5d8c9,LLAMA_3_3_70B_INSTRUCT,af929b7d3c000004,paper=grid-cell-conformal-isometry,1,0.0,train,1e-05,0,-
c117f9213dc5d8c9,LLAMA_3_3_70B_INSTRUCT,ae530ee69e5e6c85,paper=grid-cell-conformal-isometry,1,0.0,test,0.00155,0,match
c117f9213dc5d8c9,LLAMA_3_3_70B_INSTRUCT,05692c113c53d111,paper=grid-cell-conformal-isometry,1,0.0,train,0.008658,0,-
c117f9213dc5d8c9,LLAMA_3_3_70B_INSTRUCT,09ef7175f80444b8,paper=grid-cell-conformal-isometry,1,0.0,train,1.4e-05,0,-
c117f9213dc5d8c9,LLAMA_3_3_70B_INSTRUCT,c957b02e267c0392,paper=grid-cell-conformal-isometry,1,0.0,train,0.020923,0,-
c117f9213dc5d8c9,LLAMA_3_3_70B_INSTRUCT,acbe928befb8a046,paper=grid-cell-conformal-isometry,1,0.0,train,0.020988,0,-
c117f9213dc5d8c9,LLAMA_3_3_70B_INSTRUCT,fba739fb9880b6ab,paper=grid-cell-conformal-isometry,1,0.0,train,0.127069,0,-
c117f9213dc5d8c9,LLAMA_3_3_70B_INSTRUCT,b622a67ebe4eb58e,paper=grid-cell-conformal-isometry,1,0.0,train,0.005632,0,-
c117f9213dc5d8c9,LLAMA_3_3_70B_INSTRUCT,5f38e1fd308d6909,paper=grid-cell-conformal-isometry,1,0.0,train,0.006908,0,-
c117f9213dc5d8c9,LLAMA_3_3_70B_INSTRUCT,4dcb8976ac7d2468,paper=grid-cell-conformal-isometry,1,0.0,train,0.028583,0,-
c117f9213dc5d8c9,LLAMA_3_3_70B_INSTRUCT,30c27636274b3021,paper=grid-cell-conformal-isometry,1,0.0,train,0.037939,0,-
c117f9213dc5d8c9,LLAMA_3_3_70B_INSTRUCT,9f7587886a09b096,paper=grid-cell-conformal-isometry,1,0.0,train,0.232349,0,-
b2436ce8ede11e03,OPENROUTER_O4_MINI_HIGH,9ce0ebd9729a7e40,paper=grid-cell-conformal-isometry,1,0.0,train,0.001485,0,-
b2436ce8ede11e03,OPENROUTER_O4_MINI_HIGH,7b80eafff7fb3aeb,paper=grid-cell-conformal-isometry,1,0.0,train,0.001485,0,-
b2436ce8ede11e03,OPENROUTER_O4_MINI_HIGH,561c213a1bd47c7a,paper=grid-cell-conformal-isometry,1,0.0,test,0.002064,0,match
b2436ce8ede11e03,OPENROUTER_O4_MINI_HIGH,af929b7d3c000004,paper=grid-cell-conformal-isometry,1,0.0,train,0.00153,0,-
b2436ce8ede11e03,OPENROUTER_O4_MINI_HIGH,ae530ee69e5e6c85,paper=grid-cell-conformal-isometry,1,0.0,train,0.200188,0,-
b2436ce8ede11e03,OPENROUTER_O4_MINI_HIGH,05692c113c53d111,paper=grid-cell-conformal-isometry,1,1.0,train,0.584795,1,-
b2436ce8ede11e03,OPENROUTER_O4_MINI_HIGH,09ef7175f80444b8,paper=grid-cell-conformal-isometry,1,0.0,train,0.002191,0,-
b2436ce8ede11e03,OPENROUTER_O4_MINI_HIGH,c957b02e267c0392,paper=grid-cell-conformal-isometry,1,0.0,train,0.775094,1,-
b2436ce8ede11e03,OPENROUTER_O4_MINI_HIGH,acbe928befb8a046,paper=grid-cell-conformal-isometry,1,0.0,train,0.775643,1,-
b2436ce8ede11e03,OPENROUTER_O4_MINI_HIGH,fba739fb9880b6ab,paper=grid-cell-conformal-isometry,1,1.0,train,0.959142,1,-
b2436ce8ede11e03,OPENROUTER_O4_MINI_HIGH,b622a67ebe4eb58e,paper=grid-cell-conformal-isometry,1,1.0,train,0.477348,0,-
b2436ce8ede11e03,OPENROUTER_O4_MINI_HIGH,5f38e1fd308d6909,paper=grid-cell-conformal-isometry,1,1.0,train,0.528682,1,-
b2436ce8ede11e03,OPENROUTER_O4_MINI_HIGH,4dcb8976ac7d2468,paper=grid-cell-conformal-isometry,1,0.0,train,0.825936,1,-
b2436ce8ede11e03,OPENROUTER_O4_MINI_HIGH,30c27636274b3021,paper=grid-cell-conformal-isometry,1,1.0,train,0.864123,1,-
b2436ce8ede11e03,OPENROUTER_O4_MINI_HIGH,9f7587886a09b096,paper=grid-cell-conformal-isometry,1,1.0,train,0.979924,1,-
2bfd4cd36591d7f5,GROK_3_MINI_BETA_HIGH,9ce0ebd9729a7e40,paper=grid-cell-conformal-isometry,1,0.0,train,3e-05,0,-
2bfd4cd36591d7f5,GROK_3_MINI_BETA_HIGH,7b80eafff7fb3aeb,paper=grid-cell-conformal-isometry,1,0.0,train,3e-05,0,-
2bfd4cd36591d7f5,GROK_3_MINI_BETA_HIGH,561c213a1bd47c7a,paper=grid-cell-conformal-isometry,1,0.0,train,4.1e-05,0,-
2bfd4cd36591d7f5,GROK_3_MINI_BETA_HIGH,af929b7d3c000004,paper=grid-cell-conformal-isometry,1,0.0,train,3e-05,0,-
2bfd4cd36591d7f5,GROK_3_MINI_BETA_HIGH,ae530ee69e5e6c85,paper=grid-cell-conformal-isometry,1,0.0,train,0.004952,0,-
2bfd4cd36591d7f5,GROK_3_MINI_BETA_HIGH,05692c113c53d111,paper=grid-cell-conformal-isometry,1,0.0,train,0.027242,0,-
2bfd4cd36591d7f5,GROK_3_MINI_BETA_HIGH,09ef7175f80444b8,paper=grid-cell-conformal-isometry,1,0.0,train,4.4e-05,0,-
2bfd4cd36591d7f5,GROK_3_MINI_BETA_HIGH,c957b02e267c0392,paper=grid-cell-conformal-isometry,1,1.0,train,0.064129,0,-
2bfd4cd36591d7f5,GROK_3_MINI_BETA_HIGH,acbe928befb8a046,paper=grid-cell-conformal-isometry,1,0.0,train,0.064319,0,-
2bfd4cd36591d7f5,GROK_3_MINI_BETA_HIGH,fba739fb9880b6ab,paper=grid-cell-conformal-isometry,1,0.0,train,0.318222,0,-
2bfd4cd36591d7f5,GROK_3_MINI_BETA_HIGH,b622a67ebe4eb58e,paper=grid-cell-conformal-isometry,1,0.0,train,0.017836,0,-
2bfd4cd36591d7f5,GROK_3_MINI_BETA_HIGH,5f38e1fd308d6909,paper=grid-cell-conformal-isometry,1,0.0,train,0.021817,0,-
2bfd4cd36591d7f5,GROK_3_MINI_BETA_HIGH,4dcb8976ac7d2468,paper=grid-cell-conformal-isometry,1,0.0,train,0.086212,0,-
2bfd4cd36591d7f5,GROK_3_MINI_BETA_HIGH,30c27636274b3021,paper=grid-cell-conformal-isometry,1,1.0,train,0.112255,0,-
2bfd4cd36591d7f5,GROK_3_MINI_BETA_HIGH,9f7587886a09b096,paper=grid-cell-conformal-isometry,1,0.0,train,0.49252,0,-
9dafe621e945d614,GROK_2_1212,9ce0ebd9729a7e40,paper=grid-cell-conformal-isometry,1,0.0,train,3.2e-05,0,-
9dafe621e945d614,GROK_2_1212,7b80eafff7fb3aeb,paper=grid-cell-conformal-isometry,1,0.0,train,3.2e-05,0,-
9dafe621e945d614,GROK_2_1212,561c213a1bd47c7a,paper=grid-cell-conformal-isometry,1,0.0,test,4.5e-05,0,match
9dafe621e945d614,GROK_2_1212,af929b7d3c000004,paper=grid-cell-conformal-isometry,1,0.0,train,3.3e-05,0,-
9dafe621e945d614,GROK_2_1212,ae530ee69e5e6c85,paper=grid-cell-conformal-isometry,1,0.0,train,0.005393,0,-
9dafe621e945d614,GROK_2_1212,05692c113c53d111,paper=grid-cell-conformal-isometry,1,0.0,train,0.02961,0,-
9dafe621e945d614,GROK_2_1212,09ef7175f80444b8,paper=grid-cell-conformal-isometry,1,0.0,train,4.8e-05,0,-
9dafe621e945d614,GROK_2_1212,c957b02e267c0392,paper=grid-cell-conformal-isometry,1,0.0,train,0.069475,0,-
9dafe621e945d614,GROK_2_1212,acbe928befb8a046,paper=grid-cell-conformal-isometry,1,0.0,train,0.069679,0,-
9dafe621e945d614,GROK_2_1212,fba739fb9880b6ab,paper=grid-cell-conformal-isometry,1,1.0,train,0.337121,0,-
9dafe621e945d614,GROK_2_1212,b622a67ebe4eb58e,paper=grid-cell-conformal-isometry,1,0.0,train,0.019403,0,-
9dafe621e945d614,GROK_2_1212,5f38e1fd308d6909,paper=grid-cell-conformal-isometry,1,0.0,train,0.023725,0,-
9dafe621e945d614,GROK_2_1212,4dcb8976ac7d2468,paper=grid-cell-conformal-isometry,1,0.0,train,0.093216,0,-
9dafe621e945d614,GROK_2_1212,30c27636274b3021,paper=grid-cell-conformal-isometry,1,0.0,train,0.121094,0,-
9dafe621e945d614,GROK_2_1212,9f7587886a09b096,paper=grid-cell-conformal-isometry,1,1.0,train,0.513966,1,-
8d84404dc2cabd80,OPENROUTER_CLAUDE_3_5_HAIKU,9ce0ebd9729a7e40,paper=grid-cell-conformal-isometry,1,0.0,train,0.000221,0,-
8d84404dc2cabd80,OPENROUTER_CLAUDE_3_5_HAIKU,7b80eafff7fb3aeb,paper=grid-cell-conformal-isometry,1,0.0,test,0.000221,0,match
8d84404dc2cabd80,OPENROUTER_CLAUDE_3_5_HAIKU,561c213a1bd47c7a,paper=grid-cell-conformal-isometry,1,0.0,train,0.000307,0,-
8d84404dc2cabd80,OPENROUTER_CLAUDE_3_5_HAIKU,af929b7d3c000004,paper=grid-cell-conformal-isometry,1,0.0,train,0.000228,0,-
8d84404dc2cabd80,OPENROUTER_CLAUDE_3_5_HAIKU,ae530ee69e5e6c85,paper=grid-cell-conformal-isometry,1,0.0,train,0.035857,0,-
8d84404dc2cabd80,OPENROUTER_CLAUDE_3_5_HAIKU,05692c113c53d111,paper=grid-cell-conformal-isometry,1,0.0,train,0.17306,0,-
8d84404dc2cabd80,OPENROUTER_CLAUDE_3_5_HAIKU,09ef7175f80444b8,paper=grid-cell-conformal-isometry,1,0.0,test,0.000326,0,match
8d84404dc2cabd80,OPENROUTER_CLAUDE_3_5_HAIKU,c957b02e267c0392,paper=grid-cell-conformal-isometry,1,0.0,train,0.338658,0,-
8d84404dc2cabd80,OPENROUTER_CLAUDE_3_5_HAIKU,acbe928befb8a046,paper=grid-cell-conformal-isometry,1,0.0,train,0.339364,0,-
8d84404dc2cabd80,OPENROUTER_CLAUDE_3_5_HAIKU,fba739fb9880b6ab,paper=grid-cell-conformal-isometry,1,1.0,train,0.777186,1,-
8d84404dc2cabd80,OPENROUTER_CLAUDE_3_5_HAIKU,b622a67ebe4eb58e,paper=grid-cell-conformal-isometry,1,0.0,train,0.119492,0,-
8d84404dc2cabd80,OPENROUTER_CLAUDE_3_5_HAIKU,5f38e1fd308d6909,paper=grid-cell-conformal-isometry,1,0.0,train,0.142861,0,-
8d84404dc2cabd80,OPENROUTER_CLAUDE_3_5_HAIKU,4dcb8976ac7d2468,paper=grid-cell-conformal-isometry,1,1.0,train,0.413507,0,-
8d84404dc2cabd80,OPENROUTER_CLAUDE_3_5_HAIKU,30c27636274b3021,paper=grid-cell-conformal-isometry,1,0.0,test,0.48585,0,match
8d84404dc2cabd80,OPENROUTER_CLAUDE_3_5_HAIKU,9f7587886a09b096,paper=grid-cell-conformal-isometry,1,1.0,test,0.878828,1,match
42d17e7b8b8e8451,OPENROUTER_LLAMA_4_MAVERICK,9ce0ebd9729a7e40,paper=grid-cell-conformal-isometry,1,0.0,test,7.1e-05,0,match
42d17e7b8b8e8451,OPENROUTER_LLAMA_4_MAVERICK,7b80eafff7fb3aeb,paper=grid-cell-conformal-isometry,1,0.0,train,7.1e-05,0,-
42d17e7b8b8e8451,OPENROUTER_LLAMA_4_MAVERICK,561c213a1bd47c7a,paper=grid-cell-conformal-isometry,1,0.0,test,9.8e-05,0,match
42d17e7b8b8e8451,OPENROUTER_LLAMA_4_MAVERICK,af929b7d3c000004,paper=grid-cell-conformal-isometry,1,0.0,train,7.3e-05,0,-
42d17e7b8b8e8451,OPENROUTER_LLAMA_4_MAVERICK,ae530ee69e5e6c85,paper=grid-cell-conformal-isometry,1,0.0,train,0.011761,0,-
42d17e7b8b8e8451,OPENROUTER_LLAMA_4_MAVERICK,05692c113c53d111,paper=grid-cell-conformal-isometry,1,0.0,train,0.062764,0,-
42d17e7b8b8e8451,OPENROUTER_LLAMA_4_MAVERICK,09ef7175f80444b8,paper=grid-cell-conformal-isometry,1,0.0,train,0.000104,0,-
42d17e7b8b8e8451,OPENROUTER_LLAMA_4_MAVERICK,c957b02e267c0392,paper=grid-cell-conformal-isometry,1,0.0,train,0.14079,0,-
42d17e7b8b8e8451,OPENROUTER_LLAMA_4_MAVERICK,acbe928befb8a046,paper=grid-cell-conformal-isometry,1,0.0,train,0.141172,0,-
42d17e7b8b8e8451,OPENROUTER_LLAMA_4_MAVERICK,fba739fb9880b6ab,paper=grid-cell-conformal-isometry,1,1.0,train,0.527444,1,-
42d17e7b8b8e8451,OPENROUTER_LLAMA_4_MAVERICK,b622a67ebe4eb58e,paper=grid-cell-conformal-isometry,1,0.0,test,0.041618,0,match
42d17e7b8b8e8451,OPENROUTER_LLAMA_4_MAVERICK,5f38e1fd308d6909,paper=grid-cell-conformal-isometry,1,0.0,train,0.050633,0,-
42d17e7b8b8e8451,OPENROUTER_LLAMA_4_MAVERICK,4dcb8976ac7d2468,paper=grid-cell-conformal-isometry,1,0.0,train,0.18408,0,-
42d17e7b8b8e8451,OPENROUTER_LLAMA_4_MAVERICK,30c27636274b3021,paper=grid-cell-conformal-isometry,1,1.0,train,0.232174,0,-
42d17e7b8b8e8451,OPENROUTER_LLAMA_4_MAVERICK,9f7587886a09b096,paper=grid-cell-conformal-isometry,1,0.0,test,0.698868,1,miss
f346f5a402064340,OPENROUTER_LLAMA_4_SCOUT,9ce0ebd9729a7e40,paper=grid-cell-conformal-isometry,1,0.0,train,2.3e-05,0,-
f346f5a402064340,OPENROUTER_LLAMA_4_SCOUT,7b80eafff7fb3aeb,paper=grid-cell-conformal-isometry,1,0.0,train,2.3e-05,0,-
f346f5a402064340,OPENROUTER_LLAMA_4_SCOUT,561c213a1bd47c7a,paper=grid-cell-conformal-isometry,1,0.0,train,3.2e-05,0,-
f346f5a402064340,OPENROUTER_LLAMA_4_SCOUT,af929b7d3c000004,paper=grid-cell-conformal-isometry,1,0.0,test,2.3e-05,0,match
f346f5a402064340,OPENROUTER_LLAMA_4_SCOUT,ae530ee69e5e6c85,paper=grid-cell-conformal-isometry,1,0.0,train,0.003808,0,-
f346f5a402064340,OPENROUTER_LLAMA_4_SCOUT,05692c113c53d111,paper=grid-cell-conformal-isometry,1,0.0,train,0.021056,0,-
f346f5a402064340,OPENROUTER_LLAMA_4_SCOUT,09ef7175f80444b8,paper=grid-cell-conformal-isometry,1,0.0,train,3.4e-05,0,-
f346f5a402064340,OPENROUTER_LLAMA_4_SCOUT,c957b02e267c0392,paper=grid-cell-conformal-isometry,1,0.0,train,0.049999,0,-
f346f5a402064340,OPENROUTER_LLAMA_4_SCOUT,acbe928befb8a046,paper=grid-cell-conformal-isometry,1,0.0,train,0.050149,0,-
f346f5a402064340,OPENROUTER_LLAMA_4_SCOUT,fba739fb9880b6ab,paper=grid-cell-conformal-isometry,1,1.0,train,0.263894,0,-
f346f5a402064340,OPENROUTER_LLAMA_4_SCOUT,b622a67ebe4eb58e,paper=grid-cell-conformal-isometry,1,0.0,train,0.013756,0,-
f346f5a402064340,OPENROUTER_LLAMA_4_SCOUT,5f38e1fd308d6909,paper=grid-cell-conformal-isometry,1,0.0,train,0.016842,0,-
f346f5a402064340,OPENROUTER_LLAMA_4_SCOUT,4dcb8976ac7d2468,paper=grid-cell-conformal-isometry,1,0.0,train,0.067568,0,-
f346f5a402064340,OPENROUTER_LLAMA_4_SCOUT,30c27636274b3021,paper=grid-cell-conformal-isometry,1,0.0,test,0.088524,0,match
f346f5a402064340,OPENROUTER_LLAMA_4_SCOUT,9f7587886a09b096,paper=grid-cell-conformal-isometry,1,0.0,train,0.427074,0,-
d9512a7be0630043,MISTRAL_CODESTRAL_2501,9ce0ebd9729a7e40,paper=grid-cell-conformal-isometry,1,0.0,train,0.000107,0,-
d9512a7be0630043,MISTRAL_CODESTRAL_2501,7b80eafff7fb3aeb,paper=grid-cell-conformal-isometry,1,0.0,test,0.000107,0,match
d9512a7be0630043,MISTRAL_CODESTRAL_2501,561c213a1bd47c7a,paper=grid-cell-conformal-isometry,1,0.0,train,0.000149,0,-
d9512a7be0630043,MISTRAL_CODESTRAL_2501,af929b7d3c000004,paper=grid-cell-conformal-isometry,1,0.0,test,0.00011,0,match
d9512a7be0630043,MISTRAL_CODESTRAL_2501,ae530ee69e5e6c85,paper=grid-cell-conformal-isometry,1,0.0,train,0.017672,0,-
d9512a7be0630043,MISTRAL_CODESTRAL_2501,05692c113c53d111,paper=grid-cell-conformal-isometry,1,0.0,train,0.091929,0,-
d9512a7be0630043,MISTRAL_CODESTRAL_2501,09ef7175f80444b8,paper=grid-cell-conformal-isometry,1,0.0,train,0.000158,0,-
d9512a7be0630043,MISTRAL_CODESTRAL_2501,c957b02e267c0392,paper=grid-cell-conformal-isometry,1,0.0,train,0.198531,0,-
d9512a7be0630043,MISTRAL_CODESTRAL_2501,acbe928befb8a046,paper=grid-cell-conformal-isometry,1,0.0,train,0.199033,0,-
d9512a7be0630043,MISTRAL_CODESTRAL_2501,fba739fb9880b6ab,paper=grid-cell-conformal-isometry,1,0.0,test,0.627879,1,miss
d9512a7be0630043,MISTRAL_CODESTRAL_2501,b622a67ebe4eb58e,paper=grid-cell-conformal-isometry,1,0.0,train,0.061603,0,-
d9512a7be0630043,MISTRAL_CODESTRAL_2501,5f38e1fd308d6909,paper=grid-cell-conformal-isometry,1,0.0,train,0.07461,0,-
d9512a7be0630043,MISTRAL_CODESTRAL_2501,4dcb8976ac7d2468,paper=grid-cell-conformal-isometry,1,0.0,train,0.25432,0,-
d9512a7be0630043,MISTRAL_CODESTRAL_2501,30c27636274b3021,paper=grid-cell-conformal-isometry,1,0.0,train,0.31371,0,-
d9512a7be0630043,MISTRAL_CODESTRAL_2501,9f7587886a09b096,paper=grid-cell-conformal-isometry,1,1.0,train,0.778191,1,-
4a938d775c0363f7,GEMINI_2_5_PRO_PREVIEW_05_06,9ce0ebd9729a7e40,paper=grid-cell-conformal-isometry,1,0.0,train,0.003533,0,-
4a938d775c0363f7,GEMINI_2_5_PRO_PREVIEW_05_06,7b80eafff7fb3aeb,paper=grid-cell-conformal-isometry,1,0.0,train,0.003532,0,-
4a938d775c0363f7,GEMINI_2_5_PRO_PREVIEW_05_06,561c213a1bd47c7a,paper=grid-cell-conformal-isometry,1,0.0,test,0.004906,0,match
4a938d775c0363f7,GEMINI_2_5_PRO_PREVIEW_05_06,af929b7d3c000004,paper=grid-cell-conformal-isometry,1,0.0,train,0.003641,0,-
4a938d775c0363f7,GEMINI_2_5_PRO_PREVIEW_05_06,ae530ee69e5e6c85,paper=grid-cell-conformal-isometry,1,1.0,train,0.373693,0,-
4a938d775c0363f7,GEMINI_2_5_PRO_PREVIEW_05_06,05692c113c53d111,paper=grid-cell-conformal-isometry,1,1.0,train,0.770512,1,-
4a938d775c0363f7,GEMINI_2_5_PRO_PREVIEW_05_06,09ef7175f80444b8,paper=grid-cell-conformal-isometry,1,0.0,test,0.005206,0,match
4a938d775c0363f7,GEMINI_2_5_PRO_PREVIEW_05_06,c957b02e267c0392,paper=grid-cell-conformal-isometry,1,1.0,test,0.891486,1,match
4a938d775c0363f7,GEMINI_2_5_PRO_PREVIEW_05_06,acbe928befb8a046,paper=grid-cell-conformal-isometry,1,1.0,test,0.891791,1,match
4a938d775c0363f7,GEMINI_2_5_PRO_PREVIEW_05_06,fba739fb9880b6ab,paper=grid-cell-conformal-isometry,1,1.0,train,0.982444,1,-
4a938d775c0363f7,GEMINI_2_5_PRO_PREVIEW_05_06,b622a67ebe4eb58e,paper=grid-cell-conformal-isometry,1,1.0,train,0.685259,1,-
4a938d775c0363f7,GEMINI_2_5_PRO_PREVIEW_05_06,5f38e1fd308d6909,paper=grid-cell-conformal-isometry,1,1.0,train,0.727816,1,-
4a938d775c0363f7,GEMINI_2_5_PRO_PREVIEW_05_06,4dcb8976ac7d2468,paper=grid-cell-conformal-isometry,1,1.0,test,0.918774,1,match
4a938d775c0363f7,GEMINI_2_5_PRO_PREVIEW_05_06,30c27636274b3021,paper=grid-cell-conformal-isometry,1,1.0,train,0.93812,1,-
4a938d775c0363f7,GEMINI_2_5_PRO_PREVIEW_05_06,9f7587886a09b096,paper=grid-cell-conformal-isometry,1,1.0,train,0.991479,1,-
0201bf34008b40fa,OPENROUTER_QWEN_TURBO,9ce0ebd9729a7e40,paper=grid-cell-conformal-isometry,1,0.0,train,4e-06,0,-
0201bf34008b40fa,OPENROUTER_QWEN_TURBO,7b80eafff7fb3aeb,paper=grid-cell-conformal-isometry,1,0.0,train,4e-06,0,-
0201bf34008b40fa,OPENROUTER_QWEN_TURBO,561c213a1bd47c7a,paper=grid-cell-conformal-isometry,1,0.0,train,6e-06,0,-
0201bf34008b40fa,OPENROUTER_QWEN_TURBO,af929b7d3c000004,paper=grid-cell-conformal-isometry,1,0.0,train,4e-06,0,-
0201bf34008b40fa,OPENROUTER_QWEN_TURBO,ae530ee69e5e6c85,paper=grid-cell-conformal-isometry,1,0.0,test,0.00067,0,match
0201bf34008b40fa,OPENROUTER_QWEN_TURBO,05692c113c53d111,paper=grid-cell-conformal-isometry,1,0.0,train,0.003756,0,-
0201bf34008b40fa,OPENROUTER_QWEN_TURBO,09ef7175f80444b8,paper=grid-cell-conformal-isometry,1,0.0,train,6e-06,0,-
0201bf34008b40fa,OPENROUTER_QWEN_TURBO,c957b02e267c0392,paper=grid-cell-conformal-isometry,1,0.0,train,0.009142,0,-
0201bf34008b40fa,OPENROUTER_QWEN_TURBO,acbe928befb8a046,paper=grid-cell-conformal-isometry,1,0.0,train,0.009171,0,-
0201bf34008b40fa,OPENROUTER_QWEN_TURBO,fba739fb9880b6ab,paper=grid-cell-conformal-isometry,1,0.0,train,0.059129,0,-
0201bf34008b40fa,OPENROUTER_QWEN_TURBO,b622a67ebe4eb58e,paper=grid-cell-conformal-isometry,1,0.0,test,0.002439,0,match
0201bf34008b40fa,OPENROUTER_QWEN_TURBO,5f38e1fd308d6909,paper=grid-cell-conformal-isometry,1,0.0,train,0.002994,0,-
0201bf34008b40fa,OPENROUTER_QWEN_TURBO,4dcb8976ac7d2468,paper=grid-cell-conformal-isometry,1,0.0,train,0.012544,0,-
0201bf34008b40fa,OPENROUTER_QWEN_TURBO,30c27636274b3021,paper=grid-cell-conformal-isometry,1,0.0,test,0.016741,0,match
0201bf34008b40fa,OPENROUTER_QWEN_TURBO,9f7587886a09b096,paper=grid-cell-conformal-isometry,1,0.0,train,0.115572,0,-
9bbf8d46fe2a4b4d,OPENROUTER_MISTRAL_CODESTRAL_MAMBA,9ce0ebd9729a7e40,paper=grid-cell-conformal-isometry,1,0.0,train,1e-06,0,-
9bbf8d46fe2a4b4d,OPENROUTER_MISTRAL_CODESTRAL_MAMBA,7b80eafff7fb3aeb,paper=grid-cell-conformal-isometry,1,0.0,test,1e-06,0,match
9bbf8d46fe2a4b4d,OPENROUTER_MISTRAL_CODESTRAL_MAMBA,561c213a1bd47c7a,paper=grid-cell-conformal-isometry,1,0.0,train,1e-06,0,-
9bbf8d46fe2a4b4d,OPENROUTER_MISTRAL_CODESTRAL_MAMBA,af929b7d3c000004,paper=grid-cell-conformal-isometry,1,0.0,test,1e-06,0,match
9bbf8d46fe2a4b4d,OPENROUTER_MISTRAL_CODESTRAL_MAMBA,ae530ee69e5e6c85,paper=grid-cell-conformal-isometry,1,0.0,train,0.000143,0,-
9bbf8d46fe2a4b4d,OPENROUTER_MISTRAL_CODESTRAL_MAMBA,05692c113c53d111,paper=grid-cell-conformal-isometry,1,0.0,test,0.000804,0,match
9bbf8d46fe2a4b4d,OPENROUTER_MISTRAL_CODESTRAL_MAMBA,09ef7175f80444b8,paper=grid-cell-conformal-isometry,1,0.0,train,1e-06,0,-
9bbf8d46fe2a4b4d,OPENROUTER_MISTRAL_CODESTRAL_MAMBA,c957b02e267c0392,paper=grid-cell-conformal-isometry,1,0.0,train,0.001964,0,-
9bbf8d46fe2a4b4d,OPENROUTER_MISTRAL_CODESTRAL_MAMBA,acbe928befb8a046,paper=grid-cell-conformal-isometry,1,0.0,train,0.00197,0,-
9bbf8d46fe2a4b4d,OPENROUTER_MISTRAL_CODESTRAL_MAMBA,fba739fb9880b6ab,paper=grid-cell-conformal-isometry,1,0.0,test,0.013229,0,match
9bbf8d46fe2a4b4d,OPENROUTER_MISTRAL_CODESTRAL_MAMBA,b622a67ebe4eb58e,paper=grid-cell-conformal-isometry,1,0.0,train,0.000521,0,-
9bbf8d46fe2a4b4d,OPENROUTER_MISTRAL_CODESTRAL_MAMBA,5f38e1fd308d6909,paper=grid-cell-conformal-isometry,1,0.0,test,0.00064,0,match
9bbf8d46fe2a4b4d,OPENROUTER_MISTRAL_CODESTRAL_MAMBA,4dcb8976ac7d2468,paper=grid-cell-conformal-isometry,1,0.0,train,0.002702,0,-
9bbf8d46fe2a4b4d,OPENROUTER_MISTRAL_CODESTRAL_MAMBA,30c27636274b3021,paper=grid-cell-conformal-isometry,1,0.0,train,0.003619,0,-
9bbf8d46fe2a4b4d,OPENROUTER_MISTRAL_CODESTRAL_MAMBA,9f7587886a09b096,paper=grid-cell-conformal-isometry,1,0.0,train,0.027119,0,-
0e68149d77ff2477,OPENROUTER_AMAZON_NOVA_PRO_1_0,9ce0ebd9729a7e40,paper=grid-cell-conformal-isometry,1,0.0,test,5.3e-05,0,match
0e68149d77ff2477,OPENROUTER_AMAZON_NOVA_PRO_1_0,7b80eafff7fb3aeb,paper=grid-cell-conformal-isometry,1,0.0,train,5.3e-05,0,-
0e68149d77ff2477,OPENROUTER_AMAZON_NOVA_PRO_1_0,561c213a1bd47c7a,paper=grid-cell-conformal-isometry,1,0.0,train,7.4e-05,0,-
0e68149d77ff2477,OPENROUTER_AMAZON_NOVA_PRO_1_0,af929b7d3c000004,paper=grid-cell-conformal-isometry,1,0.0,train,5.5e-05,0,-
0e68149d77ff2477,OPENROUTER_AMAZON_NOVA_PRO_1_0,ae530ee69e5e6c85,paper=grid-cell-conformal-isometry,1,0.0,train,0.008831,0,-
0e68149d77ff2477,OPENROUTER_AMAZON_NOVA_PRO_1_0,05692c113c53d111,paper=grid-cell-conformal-isometry,1,0.0,train,0.047742,0,-
0e68149d77ff2477,OPENROUTER_AMAZON_NOVA_PRO_1_0,09ef7175f80444b8,paper=grid-cell-conformal-isometry,1,0.0,test,7.8e-05,0,match
0e68149d77ff2477,OPENROUTER_AMAZON_NOVA_PRO_1_0,c957b02e267c0392,paper=grid-cell-conformal-isometry,1,0.0,test,0.109271,0,match
0e68149d77ff2477,OPENROUTER_AMAZON_NOVA_PRO_1_0,acbe928befb8a046,paper=grid-cell-conformal-isometry,1,0.0,train,0.109579,0,-
0e68149d77ff2477,OPENROUTER_AMAZON_NOVA_PRO_1_0,fba739fb9880b6ab,paper=grid-cell-conformal-isometry,1,0.0,train,0.455225,0,-
0e68149d77ff2477,OPENROUTER_AMAZON_NOVA_PRO_1_0,b622a67ebe4eb58e,paper=grid-cell-conformal-isometry,1,0.0,train,0.031487,0,-
0e68149d77ff2477,OPENROUTER_AMAZON_NOVA_PRO_1_0,5f38e1fd308d6909,paper=grid-cell-conformal-isometry,1,0.0,test,0.038396,0,match
0e68149d77ff2477,OPENROUTER_AMAZON_NOVA_PRO_1_0,4dcb8976ac7d2468,paper=grid-cell-conformal-isometry,1,1.0,train,0.1445,0,-
0e68149d77ff2477,OPENROUTER_AMAZON_NOVA_PRO_1_0,30c27636274b3021,paper=grid-cell-conformal-isometry,1,0.0,test,0.184592,0,match
0e68149d77ff2477,OPENROUTER_AMAZON_NOVA_PRO_1_0,9f7587886a09b096,paper=grid-cell-conformal-isometry,1,1.0,test,0.634704,1,match
f89d3f7268252d37,OPENROUTER_COHERE_COMMAND_A,9ce0ebd9729a7e40,paper=grid-cell-conformal-isometry,1,0.0,train,8.2e-05,0,-
f89d3f7268252d37,OPENROUTER_COHERE_COMMAND_A,7b80eafff7fb3aeb,paper=grid-cell-conformal-isometry,1,0.0,train,8.2e-05,0,-
f89d3f7268252d37,OPENROUTER_COHERE_COMMAND_A,561c213a1bd47c7a,paper=grid-cell-conformal-isometry,1,0.0,train,0.000115,0,-
f89d3f7268252d37,OPENROUTER_COHERE_COMMAND_A,af929b7d3c000004,paper=grid-cell-conformal-isometry,1,0.0,train,8.5e-05,0,-
f89d3f7268252d37,OPENROUTER_COHERE_COMMAND_A,ae530ee69e5e6c85,paper=grid-cell-conformal-isometry,1,0.0,train,0.013672,0,-
f89d3f7268252d37,OPENROUTER_COHERE_COMMAND_A,05692c113c53d111,paper=grid-cell-conformal-isometry,1,0.0,train,0.072356,0,-
f89d3f7268252d37,OPENROUTER_COHERE_COMMAND_A,09ef7175f80444b8,paper=grid-cell-conformal-isometry,1,0.0,train,0.000122,0,-
f89d3f7268252d37,OPENROUTER_COHERE_COMMAND_A,c957b02e267c0392,paper=grid-cell-conformal-isometry,1,0.0,test,0.160267,0,match
f89d3f7268252d37,OPENROUTER_COHERE_COMMAND_A,acbe928befb8a046,paper=grid-cell-conformal-isometry,1,1.0,test,0.160692,0,miss
f89d3f7268252d37,OPENROUTER_COHERE_COMMAND_A,fba739fb9880b6ab,paper=grid-cell-conformal-isometry,1,0.0,test,0.565222,1,miss
f89d3f7268252d37,OPENROUTER_COHERE_COMMAND_A,b622a67ebe4eb58e,paper=grid-cell-conformal-isometry,1,0.0,train,0.048144,0,-
f89d3f7268252d37,OPENROUTER_COHERE_COMMAND_A,5f38e1fd308d6909,paper=grid-cell-conformal-isometry,1,0.0,train,0.058487,0,-
f89d3f7268252d37,OPENROUTER_COHERE_COMMAND_A,4dcb8976ac7d2468,paper=grid-cell-conformal-isometry,1,0.0,train,0.208095,0,-
f89d3f7268252d37,OPENROUTER_COHERE_COMMAND_A,30c27636274b3021,paper=grid-cell-conformal-isometry,1,0.0,test,0.26046,0,match
f89d3f7268252d37,OPENROUTER_COHERE_COMMAND_A,9f7587886a09b096,paper=grid-cell-conformal-isometry,1,1.0,test,0.729959,1,match
6439159aa9f9ba95,GEMINI_2_5_FLASH_PREVIEW_04_17,9ce0ebd9729a7e40,paper=grid-cell-conformal-isometry,1,0.0,train,0.00049,0,-
6439159aa9f9ba95,GEMINI_2_5_FLASH_PREVIEW_04_17,7b80eafff7fb3aeb,paper=grid-cell-conformal-isometry,1,0.0,train,0.00049,0,-
6439159aa9f9ba95,GEMINI_2_5_FLASH_PREVIEW_04_17,561c213a1bd47c7a,paper=grid-cell-conformal-isometry,1,0.0,test,0.000682,0,match
6439159aa9f9ba95,GEMINI_2_5_FLASH_PREVIEW_04_17,af929b7d3c000004,paper=grid-cell-conformal-isometry,1,0.0,train,0.000505,0,-
6439159aa9f9ba95,GEMINI_2_5_FLASH_PREVIEW_04_17,ae530ee69e5e6c85,paper=grid-cell-conformal-isometry,1,0.0,train,0.076247,0,-
6439159aa9f9ba95,GEMINI_2_5_FLASH_PREVIEW_04_17,05692c113c53d111,paper=grid-cell-conformal-isometry,1,0.0,train,0.31716,0,-
6439159aa9f9ba95,GEMINI_2_5_FLASH_PREVIEW_04_17,09ef7175f80444b8,paper=grid-cell-conformal-isometry,1,0.0,train,0.000723,0,-
6439159aa9f9ba95,GEMINI_2_5_FLASH_PREVIEW_04_17,c957b02e267c0392,paper=grid-cell-conformal-isometry,1,0.0,train,0.531946,1,-
6439159aa9f9ba95,GEMINI_2_5_FLASH_PREVIEW_04_17,acbe928befb8a046,paper=grid-cell-conformal-isometry,1,0.0,train,0.53273,1,-
6439159aa9f9ba95,GEMINI_2_5_FLASH_PREVIEW_04_17,fba739fb9880b6ab,paper=grid-cell-conformal-isometry,1,0.0,train,0.885602,1,-
6439159aa9f9ba95,GEMINI_2_5_FLASH_PREVIEW_04_17,b622a67ebe4eb58e,paper=grid-cell-conformal-isometry,1,0.0,train,0.231473,0,-
6439159aa9f9ba95,GEMINI_2_5_FLASH_PREVIEW_04_17,5f38e1fd308d6909,paper=grid-cell-conformal-isometry,1,0.0,train,0.270026,0,-
6439159aa9f9ba95,GEMINI_2_5_FLASH_PREVIEW_04_17,4dcb8976ac7d2468,paper=grid-cell-conformal-isometry,1,0.0,train,0.610105,1,-
6439159aa9f9ba95,GEMINI_2_5_FLASH_PREVIEW_04_17,30c27636274b3021,paper=grid-cell-conformal-isometry,1,0.0,test,0.677132,1,miss
6439159aa9f9ba95,GEMINI_2_5_FLASH_PREVIEW_04_17,9f7587886a09b096,paper=grid-cell-conformal-isometry,1,1.0,train,0.941509,1,-
4a199d31e7ac5440,GEMINI_2_0_FLASH_LITE,9ce0ebd9729a7e40,paper=grid-cell-conformal-isometry,1,0.0,train,0.000106,0,-
4a199d31e7ac5440,GEMINI_2_0_FLASH_LITE,7b80eafff7fb3aeb,paper=grid-cell-conformal-isometry,1,0.0,test,0.000106,0,match
4a199d31e7ac5440,GEMINI_2_0_FLASH_LITE,561c213a1bd47c7a,paper=grid-cell-conformal-isometry,1,0.0,train,0.000147,0,-
4a199d31e7ac5440,GEMINI_2_0_FLASH_LITE,af929b7d3c000004,paper=grid-cell-conformal-isometry,1,0.0,train,0.000109,0,-
4a199d31e7ac5440,GEMINI_2_0_FLASH_LITE,ae530ee69e5e6c85,paper=grid-cell-conformal-isometry,1,0.0,train,0.01753,0,-
4a199d31e7ac5440,GEMINI_2_0_FLASH_LITE,05692c113c53d111,paper=grid-cell-conformal-isometry,1,1.0,train,0.091244,0,-
4a199d31e7ac5440,GEMINI_2_0_FLASH_LITE,09ef7175f80444b8,paper=grid-cell-conformal-isometry,1,0.0,train,0.000156,0,-
4a199d31e7ac5440,GEMINI_2_0_FLASH_LITE,c957b02e267c0392,paper=grid-cell-conformal-isometry,1,0.0,train,0.197226,0,-
4a199d31e7ac5440,GEMINI_2_0_FLASH_LITE,acbe928befb8a046,paper=grid-cell-conformal-isometry,1,0.0,test,0.197725,0,match
4a199d31e7ac5440,GEMINI_2_0_FLASH_LITE,fba739fb9880b6ab,paper=grid-cell-conformal-isometry,1,1.0,train,0.625954,1,-
4a199d31e7ac5440,GEMINI_2_0_FLASH_LITE,b622a67ebe4eb58e,paper=grid-cell-conformal-isometry,1,0.0,train,0.061129,0,-
4a199d31e7ac5440,GEMINI_2_0_FLASH_LITE,5f38e1fd308d6909,paper=grid-cell-conformal-isometry,1,0.0,train,0.074044,0,-
4a199d31e7ac5440,GEMINI_2_0_FLASH_LITE,4dcb8976ac7d2468,paper=grid-cell-conformal-isometry,1,0.0,train,0.252763,0,-
4a199d31e7ac5440,GEMINI_2_0_FLASH_LITE,30c27636274b3021,paper=grid-cell-conformal-isometry,1,1.0,train,0.311941,0,-
4a199d31e7ac5440,GEMINI_2_0_FLASH_LITE,9f7587886a09b096,paper=grid-cell-conformal-isometry,1,1.0,train,0.776768,1,-
5a9db67a33a34b6b,OPENROUTER_MISTRAL_MEDIUM_3,9ce0ebd9729a7e40,paper=grid-cell-conformal-isometry,1,0.0,train,0.00018,0,-
5a9db67a33a34b6b,OPENROUTER_MISTRAL_MEDIUM_3,7b80eafff7fb3aeb,paper=grid-cell-conformal-isometry,1,0.0,test,0.000179,0,match
5a9db67a33a34b6b,OPENROUTER_MISTRAL_MEDIUM_3,561c213a1bd47c7a,paper=grid-cell-conformal-isometry,1,0.0,train,0.00025,0,-
5a9db67a33a34b6b,OPENROUTER_MISTRAL_MEDIUM_3,af929b7d3c000004,paper=grid-cell-conformal-isometry,1,0.0,train,0.000185,0,-
5a9db67a33a34b6b,OPENROUTER_MISTRAL_MEDIUM_3,ae530ee69e5e6c85,paper=grid-cell-conformal-isometry,1,0.0,train,0.029329,0,-
5a9db67a33a34b6b,OPENROUTER_MISTRAL_MEDIUM_3,05692c113c53d111,paper=grid-cell-conformal-isometry,1,0.0,train,0.14532,0,-
5a9db67a33a34b6b,OPENROUTER_MISTRAL_MEDIUM_3,09ef7175f80444b8,paper=grid-cell-conformal-isometry,1,0.0,train,0.000265,0,-
5a9db67a33a34b6b,OPENROUTER_MISTRAL_MEDIUM_3,c957b02e267c0392,paper=grid-cell-conformal-isometry,1,1.0,train,0.293805,0,-
5a9db67a33a34b6b,OPENROUTER_MISTRAL_MEDIUM_3,acbe928befb8a046,paper=grid-cell-conformal-isometry,1,1.0,test,0.29446,0,miss
5a9db67a33a34b6b,OPENROUTER_MISTRAL_MEDIUM_3,fba739fb9880b6ab,paper=grid-cell-conformal-isometry,1,1.0,train,0.739168,1,-
5a9db67a33a34b6b,OPENROUTER_MISTRAL_MEDIUM_3,b622a67ebe4eb58e,paper=grid-cell-conformal-isometry,1,0.0,test,0.099307,0,match
5a9db67a33a34b6b,OPENROUTER_MISTRAL_MEDIUM_3,5f38e1fd308d6909,paper=grid-cell-conformal-isometry,1,0.0,train,0.119264,0,-
5a9db67a33a34b6b,OPENROUTER_MISTRAL_MEDIUM_3,4dcb8976ac7d2468,paper=grid-cell-conformal-isometry,1,1.0,train,0.3642,0,-
5a9db67a33a34b6b,OPENROUTER_MISTRAL_MEDIUM_3,30c27636274b3021,paper=grid-cell-conformal-isometry,1,1.0,train,0.434304,0,-
5a9db67a33a34b6b,OPENROUTER_MISTRAL_MEDIUM_3,9f7587886a09b096,paper=grid-cell-conformal-isometry,1,1.0,train,0.854915,1,-
92da838173d9f753,GEMINI_2_0_FLASH,12298052a80d919b,paper=hyla,1,0.0,train,0.136018,0,-
92da838173d9f753,GEMINI_2_0_FLASH,1880dc0df8379954,paper=hyla,1,1.0,train,0.883815,1,-
92da838173d9f753,GEMINI_2_0_FLASH,599143300ce48e8b,paper=hyla,1,1.0,test,0.840781,1,match
7184624c9762b8b9,GPT_4O_2024_08_06,12298052a80d919b,paper=hyla,1,0.0,train,0.18467,0,-
7184624c9762b8b9,GPT_4O_2024_08_06,1880dc0df8379954,paper=hyla,1,1.0,train,0.916277,1,-
7184624c9762b8b9,GPT_4O_2024_08_06,599143300ce48e8b,paper=hyla,1,1.0,train,0.883685,1,-
3f126a3baa99198a,GPT_4O_MINI,12298052a80d919b,paper=hyla,1,0.0,train,0.035985,0,-
3f126a3baa99198a,GPT_4O_MINI,1880dc0df8379954,paper=hyla,1,0.0,train,0.643328,1,-
3f126a3baa99198a,GPT_4O_MINI,599143300ce48e8b,paper=hyla,1,0.0,train,0.555971,1,-
21a139c20bbac1e2,O3_MINI_HIGH,12298052a80d919b,paper=hyla,1,0.0,train,0.50382,1,-
21a139c20bbac1e2,O3_MINI_HIGH,1880dc0df8379954,paper=hyla,1,1.0,test,0.980025,1,match
21a139c20bbac1e2,O3_MINI_HIGH,599143300ce48e8b,paper=hyla,1,1.0,train,0.971477,1,-
22e9aca88e136167,DEEPSEEK_R1,12298052a80d919b,paper=hyla,1,0.0,train,0.2442,0,-
22e9aca88e136167,DEEPSEEK_R1,1880dc0df8379954,paper=hyla,1,1.0,test,0.939803,1,match
22e9aca88e136167,DEEPSEEK_R1,599143300ce48e8b,paper=hyla,1,1.0,train,0.915524,1,-
1872c1340f216012,O1_HIGH,12298052a80d919b,paper=hyla,1,0.0,train,0.334232,0,-
1872c1340f216012,O1_HIGH,1880dc0df8379954,paper=hyla,1,1.0,train,0.960408,1,-
1872c1340f216012,O1_HIGH,599143300ce48e8b,paper=hyla,1,1.0,train,0.943944,1,-
8d49a7a13f10df7f,GPT_4_1,12298052a80d919b,paper=hyla,1,0.0,train,0.392107,0,-
8d49a7a13f10df7f,GPT_4_1,1880dc0df8379954,paper=hyla,1,1.0,train,0.968912,1,-
8d49a7a13f10df7f,GPT_4_1,599143300ce48e8b,paper=hyla,1,1.0,train,0.955822,1,-
efdd1f09f2fb64b9,GPT_4_1_MINI,12298052a80d919b,paper=hyla,1,1.0,train,0.228214,0,-
efdd1f09f2fb64b9,GPT_4_1_MINI,1880dc0df8379954,paper=hyla,1,1.0,train,0.934588,1,-
efdd1f09f2fb64b9,GPT_4_1_MINI,599143300ce48e8b,paper=hyla,1,0.0,test,0.908412,1,miss
be16a6de1e20efee,GPT_4_1_NANO,12298052a80d919b,paper=hyla,1,1.0,train,0.015866,0,-
be16a6de1e20efee,GPT_4_1_NANO,1880dc0df8379954,paper=hyla,1,0.0,test,0.437881,0,match
be16a6de1e20efee,GPT_4_1_NANO,599143300ce48e8b,paper=hyla,1,0.0,test,0.35097,0,match
1c618d9d58429b09,O3_HIGH,12298052a80d919b,paper=hyla,1,0.0,test,0.608766,1,miss
1c618d9d58429b09,O3_HIGH,1880dc0df8379954,paper=hyla,1,1.0,train,0.986874,1,-
1c618d9d58429b09,O3_HIGH,599143300ce48e8b,paper=hyla,1,1.0,test,0.9812,1,match
bce3d3ee52ef698f,CLAUDE_3_5_SONNET_2024_10_22,12298052a80d919b,paper=hyla,1,0.0,train,0.311027,0,-
bce3d3ee52ef698f,CLAUDE_3_5_SONNET_2024_10_22,1880dc0df8379954,paper=hyla,1,1.0,train,0.956165,1,-
bce3d3ee52ef698f,CLAUDE_3_5_SONNET_2024_10_22,599143300ce48e8b,paper=hyla,1,1.0,train,0.938051,1,-
39edf3fbaacf1629,CLAUDE_3_7_SONNET_2025_02_19,12298052a80d919b,paper=hyla,1,1.0,train,0.392783,0,-
39edf3fbaacf1629,CLAUDE_3_7_SONNET_2025_02_19,1880dc0df8379954,paper=hyla,1,1.0,train,0.968998,1,-
39edf3fbaacf1629,CLAUDE_3_7_SONNET_2025_02_19,599143300ce48e8b,paper=hyla,1,1.0,train,0.955942,1,-
a531ea372ae4b71d,GROK_3_BETA,12298052a80d919b,paper=hyla,1,0.0,train,0.189977,0,-
a531ea372ae4b71d,GROK_3_BETA,1880dc0df8379954,paper=hyla,1,1.0,train,0.918913,1,-
a531ea372ae4b71d,GROK_3_BETA,599143300ce48e8b,paper=hyla,1,1.0,train,0.887221,1,-
ac78f79a36a11b0e,GEMINI_2_5_PRO_PREVIEW_03_25,12298052a80d919b,paper=hyla,1,1.0,train,0.660512,1,-
ac78f79a36a11b0e,GEMINI_2_5_PRO_PREVIEW_03_25,1880dc0df8379954,paper=hyla,1,1.0,test,0.989475,1,match
ac78f79a36a11b0e,GEMINI_2_5_PRO_PREVIEW_03_25,599143300ce48e8b,paper=hyla,1,1.0,train,0.984908,1,-
b97dccb68ad1d70a,OPENROUTER_DEEPSEEK_CHAT_V3_0324,12298052a80d919b,paper=hyla,1,0.0,test,0.207317,0,match
b97dccb68ad1d70a,OPENROUTER_DEEPSEEK_CHAT_V3_0324,1880dc0df8379954,paper=hyla,1,1.0,train,0.926672,1,-
b97dccb68ad1d70a,OPENROUTER_DEEPSEEK_CHAT_V3_0324,599143300ce48e8b,paper=hyla,1,1.0,train,0.897674,1,-
09f4a41bb2e2d341,QWEN_2_5_CODER_32B_INSTRUCT,12298052a80d919b,paper=hyla,1,0.0,test,0.047128,0,match
09f4a41bb2e2d341,QWEN_2_5_CODER_32B_INSTRUCT,1880dc0df8379954,paper=hyla,1,1.0,train,0.704996,1,-
09f4a41bb2e2d341,QWEN_2_5_CODER_32B_INSTRUCT,599143300ce48e8b,paper=hyla,1,1.0,train,0.623914,1,-
c117f9213dc5d8c9,LLAMA_3_3_70B_INSTRUCT,12298052a80d919b,paper=hyla,1,0.0,test,0.008252,0,match
c117f9213dc5d8c9,LLAMA_3_3_70B_INSTRUCT,1880dc0df8379954,paper=hyla,1,0.0,train,0.286748,0,-
c117f9213dc5d8c9,LLAMA_3_3_70B_INSTRUCT,599143300ce48e8b,paper=hyla,1,0.0,train,0.218191,0,-
b2436ce8ede11e03,OPENROUTER_O4_MINI_HIGH,12298052a80d919b,paper=hyla,1,0.0,train,0.572973,1,-
b2436ce8ede11e03,OPENROUTER_O4_MINI_HIGH,1880dc0df8379954,paper=hyla,1,1.0,train,0.98481,1,-
b2436ce8ede11e03,OPENROUTER_O4_MINI_HIGH,599143300ce48e8b,paper=hyla,1,1.0,train,0.978264,1,-
2bfd4cd36591d7f5,GROK_3_MINI_BETA_HIGH,12298052a80d919b,paper=hyla,1,0.0,train,0.025985,0,-
2bfd4cd36591d7f5,GROK_3_MINI_BETA_HIGH,1880dc0df8379954,paper=hyla,1,0.0,train,0.563146,1,-
2bfd4cd36591d7f5,GROK_3_MINI_BETA_HIGH,599143300ce48e8b,paper=hyla,1,0.0,train,0.472261,0,-
9dafe621e945d614,GROK_2_1212,12298052a80d919b,paper=hyla,1,0.0,train,0.028248,0,-
9dafe621e945d614,GROK_2_1212,1880dc0df8379954,paper=hyla,1,1.0,train,0.584128,1,-
9dafe621e945d614,GROK_2_1212,599143300ce48e8b,paper=hyla,1,1.0,train,0.493683,0,-
8d84404dc2cabd80,OPENROUTER_CLAUDE_3_5_HAIKU,12298052a80d919b,paper=hyla,1,1.0,train,0.166229,0,-
8d84404dc2cabd80,OPENROUTER_CLAUDE_3_5_HAIKU,1880dc0df8379954,paper=hyla,1,1.0,train,0.905957,1,-
8d84404dc2cabd80,OPENROUTER_CLAUDE_3_5_HAIKU,599143300ce48e8b,paper=hyla,1,1.0,train,0.869917,1,-
42d17e7b8b8e8451,OPENROUTER_LLAMA_4_MAVERICK,12298052a80d919b,paper=hyla,1,0.0,train,0.059971,0,-
42d17e7b8b8e8451,OPENROUTER_LLAMA_4_MAVERICK,1880dc0df8379954,paper=hyla,1,1.0,train,0.755059,1,-
42d17e7b8b8e8451,OPENROUTER_LLAMA_4_MAVERICK,599143300ce48e8b,paper=hyla,1,0.0,test,0.68152,1,miss
f346f5a402064340,OPENROUTER_LLAMA_4_SCOUT,12298052a80d919b,paper=hyla,1,0.0,train,0.02008,0,-
f346f5a402064340,OPENROUTER_LLAMA_4_SCOUT,1880dc0df8379954,paper=hyla,1,0.0,test,0.497517,0,match
f346f5a402064340,OPENROUTER_LLAMA_4_SCOUT,599143300ce48e8b,paper=hyla,1,0.0,train,0.407347,0,-
d9512a7be0630043,MISTRAL_CODESTRAL_2501,12298052a80d919b,paper=hyla,1,0.0,train,0.08796,0,-
d9512a7be0630043,MISTRAL_CODESTRAL_2501,1880dc0df8379954,paper=hyla,1,1.0,train,0.823323,1,-
d9512a7be0630043,MISTRAL_CODESTRAL_2501,599143300ce48e8b,paper=hyla,1,0.0,train,0.763869,1,-
4a938d775c0363f7,GEMINI_2_5_PRO_PREVIEW_05_06,12298052a80d919b,paper=hyla,1,0.0,train,0.761824,1,-
4a938d775c0363f7,GEMINI_2_5_PRO_PREVIEW_05_06,1880dc0df8379954,paper=hyla,1,1.0,test,0.993571,1,match
4a938d775c0363f7,GEMINI_2_5_PRO_PREVIEW_05_06,599143300ce48e8b,paper=hyla,1,1.0,train,0.990765,1,-
0201bf34008b40fa,OPENROUTER_QWEN_TURBO,12298052a80d919b,paper=hyla,1,0.0,test,0.003579,0,match
0201bf34008b40fa,OPENROUTER_QWEN_TURBO,1880dc0df8379954,paper=hyla,1,0.0,train,0.147898,0,-
0201bf34008b40fa,OPENROUTER_QWEN_TURBO,599143300ce48e8b,paper=hyla,1,0.0,train,0.107533,0,-
9bbf8d46fe2a4b4d,OPENROUTER_MISTRAL_CODESTRAL_MAMBA,12298052a80d919b,paper=hyla,1,0.0,train,0.000766,0,-
9bbf8d46fe2a4b4d,OPENROUTER_MISTRAL_CODESTRAL_MAMBA,1880dc0df8379954,paper=hyla,1,0.0,train,0.035703,0,-
9bbf8d46fe2a4b4d,OPENROUTER_MISTRAL_CODESTRAL_MAMBA,599143300ce48e8b,paper=hyla,1,0.0,train,0.025058,0,-
0e68149d77ff2477,OPENROUTER_AMAZON_NOVA_PRO_1_0,12298052a80d919b,paper=hyla,1,0.0,train,0.045585,0,-
0e68149d77ff2477,OPENROUTER_AMAZON_NOVA_PRO_1_0,1880dc0df8379954,paper=hyla,1,1.0,train,0.697689,1,-
0e68149d77ff2477,OPENROUTER_AMAZON_NOVA_PRO_1_0,599143300ce48e8b,paper=hyla,1,1.0,train,0.615692,1,-
f89d3f7268252d37,OPENROUTER_COHERE_COMMAND_A,12298052a80d919b,paper=hyla,1,0.0,train,0.069167,0,-
f89d3f7268252d37,OPENROUTER_COHERE_COMMAND_A,1880dc0df8379954,paper=hyla,1,1.0,train,0.782156,1,-
f89d3f7268252d37,OPENROUTER_COHERE_COMMAND_A,599143300ce48e8b,paper=hyla,1,1.0,test,0.713668,1,match
6439159aa9f9ba95,GEMINI_2_5_FLASH_PREVIEW_04_17,12298052a80d919b,paper=hyla,1,1.0,train,0.306751,0,-
6439159aa9f9ba95,GEMINI_2_5_FLASH_PREVIEW_04_17,1880dc0df8379954,paper=hyla,1,0.0,train,0.955318,1,-
6439159aa9f9ba95,GEMINI_2_5_FLASH_PREVIEW_04_17,599143300ce48e8b,paper=hyla,1,1.0,train,0.936877,1,-
4a199d31e7ac5440,GEMINI_2_0_FLASH_LITE,12298052a80d919b,paper=hyla,1,0.0,train,0.087302,0,-
4a199d31e7ac5440,GEMINI_2_0_FLASH_LITE,1880dc0df8379954,paper=hyla,1,1.0,train,0.822123,1,-
4a199d31e7ac5440,GEMINI_2_0_FLASH_LITE,599143300ce48e8b,paper=hyla,1,1.0,train,0.762382,1,-
5a9db67a33a34b6b,OPENROUTER_MISTRAL_MEDIUM_3,12298052a80d919b,paper=hyla,1,0.0,train,0.1394,0,-
5a9db67a33a34b6b,OPENROUTER_MISTRAL_MEDIUM_3,1880dc0df8379954,paper=hyla,1,1.0,train,0.886708,1,-
5a9db67a33a34b6b,OPENROUTER_MISTRAL_MEDIUM_3,599143300ce48e8b,paper=hyla,1,1.0,train,0.844557,1,-
92da838173d9f753,GEMINI_2_0_FLASH,2e6f3ef65dcd9332,paper=LEN,1,0.0,train,0.263481,0,-
92da838173d9f753,GEMINI_2_0_FLASH,eea2c9ea4ec0caa1,paper=LEN,1,1.0,test,0.949694,1,match
92da838173d9f753,GEMINI_2_0_FLASH,9c2cd56e46b7b17d,paper=LEN,1,0.0,test,0.337155,0,match
92da838173d9f753,GEMINI_2_0_FLASH,20a3528f6eeba99d,paper=LEN,1,0.0,train,0.580522,1,-
92da838173d9f753,GEMINI_2_0_FLASH,b83e0fab2bff9e94,paper=LEN,1,0.0,test,0.161069,0,match
92da838173d9f753,GEMINI_2_0_FLASH,dd370d626bfdc7c0,paper=LEN,1,1.0,train,0.807163,1,-
92da838173d9f753,GEMINI_2_0_FLASH,61e9e2742820a150,paper=LEN,1,0.0,test,0.171568,0,match
92da838173d9f753,GEMINI_2_0_FLASH,7bf7720006130801,paper=LEN,1,0.0,test,0.000153,0,match
92da838173d9f753,GEMINI_2_0_FLASH,ceb26588b28d7ab7,paper=LEN,1,0.0,train,0.76427,1,-
92da838173d9f753,GEMINI_2_0_FLASH,975f29357f3171b0,paper=LEN,1,0.0,train,0.000153,0,-
92da838173d9f753,GEMINI_2_0_FLASH,a42afc9c9aa7de2f,paper=LEN,1,0.0,train,0.08336,0,-
92da838173d9f753,GEMINI_2_0_FLASH,82b72edc40ae0c3d,paper=LEN,1,0.0,test,0.000173,0,match
92da838173d9f753,GEMINI_2_0_FLASH,520ac39dcc4f0db9,paper=LEN,1,0.0,train,0.160845,0,-
92da838173d9f753,GEMINI_2_0_FLASH,a9a7e70659603091,paper=LEN,1,0.0,train,0.000154,0,-
7184624c9762b8b9,GPT_4O_2024_08_06,2e6f3ef65dcd9332,paper=LEN,1,1.0,train,0.339796,0,-
7184624c9762b8b9,GPT_4O_2024_08_06,eea2c9ea4ec0caa1,paper=LEN,1,1.0,train,0.964489,1,-
7184624c9762b8b9,GPT_4O_2024_08_06,9c2cd56e46b7b17d,paper=LEN,1,0.0,train,0.422566,0,-
7184624c9762b8b9,GPT_4O_2024_08_06,20a3528f6eeba99d,paper=LEN,1,0.0,train,0.665669,1,-
7184624c9762b8b9,GPT_4O_2024_08_06,b83e0fab2bff9e94,paper=LEN,1,0.0,train,0.216438,0,-
7184624c9762b8b9,GPT_4O_2024_08_06,dd370d626bfdc7c0,paper=LEN,1,1.0,train,0.857591,1,-
7184624c9762b8b9,GPT_4O_2024_08_06,61e9e2742820a150,paper=LEN,1,0.0,train,0.229558,0,-
7184624c9762b8b9,GPT_4O_2024_08_06,7bf7720006130801,paper=LEN,1,0.0,train,0.00022,0,-
7184624c9762b8b9,GPT_4O_2024_08_06,ceb26588b28d7ab7,paper=LEN,1,1.0,train,0.823462,1,-
7184624c9762b8b9,GPT_4O_2024_08_06,975f29357f3171b0,paper=LEN,1,0.0,train,0.00022,0,-
7184624c9762b8b9,GPT_4O_2024_08_06,a42afc9c9aa7de2f,paper=LEN,1,0.0,train,0.1157,0,-
7184624c9762b8b9,GPT_4O_2024_08_06,82b72edc40ae0c3d,paper=LEN,1,0.0,train,0.000249,0,-
7184624c9762b8b9,GPT_4O_2024_08_06,520ac39dcc4f0db9,paper=LEN,1,0.0,train,0.216157,0,-
7184624c9762b8b9,GPT_4O_2024_08_06,a9a7e70659603091,paper=LEN,1,0.0,train,0.000221,0,-
3f126a3baa99198a,GPT_4O_MINI,2e6f3ef65dcd9332,paper=LEN,1,0.0,train,0.078192,0,-
3f126a3baa99198a,GPT_4O_MINI,eea2c9ea4ec0caa1,paper=LEN,1,1.0,test,0.817393,1,match
3f126a3baa99198a,GPT_4O_MINI,9c2cd56e46b7b17d,paper=LEN,1,0.0,train,0.107626,0,-
3f126a3baa99198a,GPT_4O_MINI,20a3528f6eeba99d,paper=LEN,1,0.0,test,0.247069,0,match
3f126a3baa99198a,GPT_4O_MINI,b83e0fab2bff9e94,paper=LEN,1,0.0,test,0.043542,0,match
3f126a3baa99198a,GPT_4O_MINI,dd370d626bfdc7c0,paper=LEN,1,0.0,train,0.498115,0,-
3f126a3baa99198a,GPT_4O_MINI,61e9e2742820a150,paper=LEN,1,0.0,train,0.046807,0,-
3f126a3baa99198a,GPT_4O_MINI,7bf7720006130801,paper=LEN,1,0.0,test,3.6e-05,0,match
3f126a3baa99198a,GPT_4O_MINI,ceb26588b28d7ab7,paper=LEN,1,0.0,train,0.434629,0,-
3f126a3baa99198a,GPT_4O_MINI,975f29357f3171b0,paper=LEN,1,0.0,train,3.6e-05,0,-
3f126a3baa99198a,GPT_4O_MINI,a42afc9c9aa7de2f,paper=LEN,1,0.0,test,0.021108,0,match
3f126a3baa99198a,GPT_4O_MINI,82b72edc40ae0c3d,paper=LEN,1,0.0,train,4.1e-05,0,-
3f126a3baa99198a,GPT_4O_MINI,520ac39dcc4f0db9,paper=LEN,1,0.0,train,0.043473,0,-
3f126a3baa99198a,GPT_4O_MINI,a9a7e70659603091,paper=LEN,1,0.0,train,3.7e-05,0,-
21a139c20bbac1e2,O3_MINI_HIGH,2e6f3ef65dcd9332,paper=LEN,1,1.0,train,0.697643,1,-
21a139c20bbac1e2,O3_MINI_HIGH,eea2c9ea4ec0caa1,paper=LEN,1,1.0,train,0.991854,1,-
21a139c20bbac1e2,O3_MINI_HIGH,9c2cd56e46b7b17d,paper=LEN,1,1.0,train,0.766393,1,-
21a139c20bbac1e2,O3_MINI_HIGH,20a3528f6eeba99d,paper=LEN,1,1.0,train,0.899254,1,-
21a139c20bbac1e2,O3_MINI_HIGH,b83e0fab2bff9e94,paper=LEN,1,1.0,train,0.553236,1,-
21a139c20bbac1e2,O3_MINI_HIGH,dd370d626bfdc7c0,paper=LEN,1,1.0,test,0.964282,1,match
21a139c20bbac1e2,O3_MINI_HIGH,61e9e2742820a150,paper=LEN,1,0.0,test,0.571872,1,miss
21a139c20bbac1e2,O3_MINI_HIGH,7bf7720006130801,paper=LEN,1,0.0,train,0.000984,0,-
21a139c20bbac1e2,O3_MINI_HIGH,ceb26588b28d7ab7,paper=LEN,1,1.0,train,0.954361,1,-
21a139c20bbac1e2,O3_MINI_HIGH,975f29357f3171b0,paper=LEN,1,0.0,train,0.000985,0,-
21a139c20bbac1e2,O3_MINI_HIGH,a42afc9c9aa7de2f,paper=LEN,1,0.0,train,0.369702,0,-
21a139c20bbac1e2,O3_MINI_HIGH,82b72edc40ae0c3d,paper=LEN,1,0.0,train,0.001115,0,-
21a139c20bbac1e2,O3_MINI_HIGH,520ac39dcc4f0db9,paper=LEN,1,1.0,test,0.552827,1,match
21a139c20bbac1e2,O3_MINI_HIGH,a9a7e70659603091,paper=LEN,1,0.0,train,0.000992,0,-
22e9aca88e136167,DEEPSEEK_R1,2e6f3ef65dcd9332,paper=LEN,1,0.0,train,0.423366,0,-
22e9aca88e136167,DEEPSEEK_R1,eea2c9ea4ec0caa1,paper=LEN,1,0.0,train,0.974839,1,-
22e9aca88e136167,DEEPSEEK_R1,9c2cd56e46b7b17d,paper=LEN,1,1.0,train,0.510744,1,-
22e9aca88e136167,DEEPSEEK_R1,20a3528f6eeba99d,paper=LEN,1,1.0,train,0.739601,1,-
22e9aca88e136167,DEEPSEEK_R1,b83e0fab2bff9e94,paper=LEN,1,0.0,train,0.282658,0,-
22e9aca88e136167,DEEPSEEK_R1,dd370d626bfdc7c0,paper=LEN,1,1.0,train,0.895731,1,-
22e9aca88e136167,DEEPSEEK_R1,61e9e2742820a150,paper=LEN,1,0.0,train,0.298265,0,-
22e9aca88e136167,DEEPSEEK_R1,7bf7720006130801,paper=LEN,1,0.0,train,0.000313,0,-
22e9aca88e136167,DEEPSEEK_R1,ceb26588b28d7ab7,paper=LEN,1,1.0,train,0.869349,1,-
22e9aca88e136167,DEEPSEEK_R1,975f29357f3171b0,paper=LEN,1,0.0,train,0.000314,0,-
22e9aca88e136167,DEEPSEEK_R1,a42afc9c9aa7de2f,paper=LEN,1,0.0,train,0.157285,0,-
22e9aca88e136167,DEEPSEEK_R1,82b72edc40ae0c3d,paper=LEN,1,0.0,train,0.000355,0,-
22e9aca88e136167,DEEPSEEK_R1,520ac39dcc4f0db9,paper=LEN,1,0.0,test,0.282322,0,match
22e9aca88e136167,DEEPSEEK_R1,a9a7e70659603091,paper=LEN,1,0.0,train,0.000316,0,-
1872c1340f216012,O1_HIGH,2e6f3ef65dcd9332,paper=LEN,1,0.0,train,0.532881,1,-
1872c1340f216012,O1_HIGH,eea2c9ea4ec0caa1,paper=LEN,1,1.0,train,0.98366,1,-
1872c1340f216012,O1_HIGH,9c2cd56e46b7b17d,paper=LEN,1,0.0,train,0.618613,1,-
1872c1340f216012,O1_HIGH,20a3528f6eeba99d,paper=LEN,1,1.0,train,0.815263,1,-
1872c1340f216012,O1_HIGH,b83e0fab2bff9e94,paper=LEN,1,0.0,train,0.379745,0,-
1872c1340f216012,O1_HIGH,dd370d626bfdc7c0,paper=LEN,1,1.0,train,0.930302,1,-
1872c1340f216012,O1_HIGH,61e9e2742820a150,paper=LEN,1,1.0,train,0.39774,0,-
1872c1340f216012,O1_HIGH,7bf7720006130801,paper=LEN,1,0.0,train,0.000487,0,-
1872c1340f216012,O1_HIGH,ceb26588b28d7ab7,paper=LEN,1,1.0,train,0.911807,1,-
1872c1340f216012,O1_HIGH,975f29357f3171b0,paper=LEN,1,0.0,train,0.000487,0,-
1872c1340f216012,O1_HIGH,a42afc9c9aa7de2f,paper=LEN,1,1.0,train,0.224805,0,-
1872c1340f216012,O1_HIGH,82b72edc40ae0c3d,paper=LEN,1,0.0,test,0.000552,0,match
1872c1340f216012,O1_HIGH,520ac39dcc4f0db9,paper=LEN,1,0.0,test,0.379355,0,match
1872c1340f216012,O1_HIGH,a9a7e70659603091,paper=LEN,1,0.0,train,0.000491,0,-
8d49a7a13f10df7f,GPT_4_1,2e6f3ef65dcd9332,paper=LEN,1,0.0,train,0.59444,1,-
8d49a7a13f10df7f,GPT_4_1,eea2c9ea4ec0caa1,paper=LEN,1,1.0,train,0.987236,1,-
8d49a7a13f10df7f,GPT_4_1,9c2cd56e46b7b17d,paper=LEN,1,0.0,train,0.67575,1,-
8d49a7a13f10df7f,GPT_4_1,20a3528f6eeba99d,paper=LEN,1,0.0,train,0.850079,1,-
8d49a7a13f10df7f,GPT_4_1,b83e0fab2bff9e94,paper=LEN,1,1.0,train,0.440289,0,-
8d49a7a13f10df7f,GPT_4_1,dd370d626bfdc7c0,paper=LEN,1,1.0,train,0.944903,1,-
8d49a7a13f10df7f,GPT_4_1,61e9e2742820a150,paper=LEN,1,1.0,train,0.459029,0,-
8d49a7a13f10df7f,GPT_4_1,7bf7720006130801,paper=LEN,1,0.0,train,0.000626,0,-
8d49a7a13f10df7f,GPT_4_1,ceb26588b28d7ab7,paper=LEN,1,1.0,train,0.92999,1,-
8d49a7a13f10df7f,GPT_4_1,975f29357f3171b0,paper=LEN,1,0.0,test,0.000626,0,match
8d49a7a13f10df7f,GPT_4_1,a42afc9c9aa7de2f,paper=LEN,1,1.0,train,0.271457,0,-
8d49a7a13f10df7f,GPT_4_1,82b72edc40ae0c3d,paper=LEN,1,0.0,test,0.000709,0,match
8d49a7a13f10df7f,GPT_4_1,520ac39dcc4f0db9,paper=LEN,1,0.0,test,0.439881,0,match
8d49a7a13f10df7f,GPT_4_1,a9a7e70659603091,paper=LEN,1,0.0,train,0.00063,0,-
efdd1f09f2fb64b9,GPT_4_1_MINI,2e6f3ef65dcd9332,paper=LEN,1,0.0,train,0.401888,0,-
efdd1f09f2fb64b9,GPT_4_1_MINI,eea2c9ea4ec0caa1,paper=LEN,1,1.0,train,0.972571,1,-
efdd1f09f2fb64b9,GPT_4_1_MINI,9c2cd56e46b7b17d,paper=LEN,1,0.0,train,0.488589,0,-
efdd1f09f2fb64b9,GPT_4_1_MINI,20a3528f6eeba99d,paper=LEN,1,1.0,train,0.722172,1,-
efdd1f09f2fb64b9,GPT_4_1_MINI,b83e0fab2bff9e94,paper=LEN,1,0.0,train,0.265037,0,-
efdd1f09f2fb64b9,GPT_4_1_MINI,dd370d626bfdc7c0,paper=LEN,1,1.0,train,0.887157,1,-
efdd1f09f2fb64b9,GPT_4_1_MINI,61e9e2742820a150,paper=LEN,1,1.0,train,0.280051,0,-
efdd1f09f2fb64b9,GPT_4_1_MINI,7bf7720006130801,paper=LEN,1,0.0,test,0.000287,0,match
efdd1f09f2fb64b9,GPT_4_1_MINI,ceb26588b28d7ab7,paper=LEN,1,1.0,train,0.858948,1,-
efdd1f09f2fb64b9,GPT_4_1_MINI,975f29357f3171b0,paper=LEN,1,0.0,train,0.000287,0,-
efdd1f09f2fb64b9,GPT_4_1_MINI,a42afc9c9aa7de2f,paper=LEN,1,0.0,test,0.145891,0,match
efdd1f09f2fb64b9,GPT_4_1_MINI,82b72edc40ae0c3d,paper=LEN,1,0.0,train,0.000325,0,-
efdd1f09f2fb64b9,GPT_4_1_MINI,520ac39dcc4f0db9,paper=LEN,1,0.0,train,0.264715,0,-
efdd1f09f2fb64b9,GPT_4_1_MINI,a9a7e70659603091,paper=LEN,1,0.0,train,0.000289,0,-
be16a6de1e20efee,GPT_4_1_NANO,2e6f3ef65dcd9332,paper=LEN,1,0.0,train,0.035339,0,-
be16a6de1e20efee,GPT_4_1_NANO,eea2c9ea4ec0caa1,paper=LEN,1,1.0,test,0.659076,1,match
be16a6de1e20efee,GPT_4_1_NANO,9c2cd56e46b7b17d,paper=LEN,1,0.0,train,0.049509,0,-
be16a6de1e20efee,GPT_4_1_NANO,20a3528f6eeba99d,paper=LEN,1,0.0,train,0.124127,0,-
be16a6de1e20efee,GPT_4_1_NANO,b83e0fab2bff9e94,paper=LEN,1,0.0,train,0.019282,0,-
be16a6de1e20efee,GPT_4_1_NANO,dd370d626bfdc7c0,paper=LEN,1,0.0,train,0.300032,0,-
be16a6de1e20efee,GPT_4_1_NANO,61e9e2742820a150,paper=LEN,1,0.0,test,0.020767,0,match
be16a6de1e20efee,GPT_4_1_NANO,7bf7720006130801,paper=LEN,1,0.0,train,1.6e-05,0,-
be16a6de1e20efee,GPT_4_1_NANO,ceb26588b28d7ab7,paper=LEN,1,1.0,test,0.249254,0,miss
be16a6de1e20efee,GPT_4_1_NANO,975f29357f3171b0,paper=LEN,1,0.0,test,1.6e-05,0,match
be16a6de1e20efee,GPT_4_1_NANO,a42afc9c9aa7de2f,paper=LEN,1,0.0,train,0.009227,0,-
be16a6de1e20efee,GPT_4_1_NANO,82b72edc40ae0c3d,paper=LEN,1,0.0,train,1.8e-05,0,-
be16a6de1e20efee,GPT_4_1_NANO,520ac39dcc4f0db9,paper=LEN,1,0.0,test,0.019251,0,match
be16a6de1e20efee,GPT_4_1_NANO,a9a7e70659603091,paper=LEN,1,0.0,train,1.6e-05,0,-
1c618d9d58429b09,O3_HIGH,2e6f3ef65dcd9332,paper=LEN,1,1.0,train,0.779532,1,-
1c618d9d58429b09,O3_HIGH,eea2c9ea4ec0caa1,paper=LEN,1,1.0,train,0.994669,1,-
1c618d9d58429b09,O3_HIGH,9c2cd56e46b7b17d,paper=LEN,1,1.0,train,0.83409,1,-
1c618d9d58429b09,O3_HIGH,20a3528f6eeba99d,paper=LEN,1,1.0,train,0.931872,1,-
1c618d9d58429b09,O3_HIGH,b83e0fab2bff9e94,paper=LEN,1,1.0,train,0.654889,1,-
1c618d9d58429b09,O3_HIGH,dd370d626bfdc7c0,paper=LEN,1,1.0,train,0.976399,1,-
1c618d9d58429b09,O3_HIGH,61e9e2742820a150,paper=LEN,1,1.0,train,0.6718,1,-
1c618d9d58429b09,O3_HIGH,7bf7720006130801,paper=LEN,1,0.0,train,0.001508,0,-
1c618d9d58429b09,O3_HIGH,ceb26588b28d7ab7,paper=LEN,1,1.0,train,0.969738,1,-
1c618d9d58429b09,O3_HIGH,975f29357f3171b0,paper=LEN,1,0.0,train,0.001509,0,-
1c618d9d58429b09,O3_HIGH,a42afc9c9aa7de2f,paper=LEN,1,1.0,train,0.473362,0,-
1c618d9d58429b09,O3_HIGH,82b72edc40ae0c3d,paper=LEN,1,0.0,train,0.001708,0,-
1c618d9d58429b09,O3_HIGH,520ac39dcc4f0db9,paper=LEN,1,0.0,train,0.654514,1,-
1c618d9d58429b09,O3_HIGH,a9a7e70659603091,paper=LEN,1,0.0,train,0.001519,0,-
bce3d3ee52ef698f,CLAUDE_3_5_SONNET_2024_10_22,2e6f3ef65dcd9332,paper=LEN,1,1.0,train,0.506373,1,-
bce3d3ee52ef698f,CLAUDE_3_5_SONNET_2024_10_22,eea2c9ea4ec0caa1,paper=LEN,1,1.0,train,0.981862,1,-
bce3d3ee52ef698f,CLAUDE_3_5_SONNET_2024_10_22,9c2cd56e46b7b17d,paper=LEN,1,1.0,train,0.593258,1,-
bce3d3ee52ef698f,CLAUDE_3_5_SONNET_2024_10_22,20a3528f6eeba99d,paper=LEN,1,1.0,test,0.798728,1,match
bce3d3ee52ef698f,CLAUDE_3_5_SONNET_2024_10_22,b83e0fab2bff9e94,paper=LEN,1,0.0,test,0.355065,0,match
bce3d3ee52ef698f,CLAUDE_3_5_SONNET_2024_10_22,dd370d626bfdc7c0,paper=LEN,1,1.0,train,0.923093,1,-
bce3d3ee52ef698f,CLAUDE_3_5_SONNET_2024_10_22,61e9e2742820a150,paper=LEN,1,0.0,train,0.372593,0,-
bce3d3ee52ef698f,CLAUDE_3_5_SONNET_2024_10_22,7bf7720006130801,paper=LEN,1,0.0,test,0.000438,0,match
bce3d3ee52ef698f,CLAUDE_3_5_SONNET_2024_10_22,ceb26588b28d7ab7,paper=LEN,1,0.0,train,0.902883,1,-
bce3d3ee52ef698f,CLAUDE_3_5_SONNET_2024_10_22,975f29357f3171b0,paper=LEN,1,0.0,train,0.000438,0,-
bce3d3ee52ef698f,CLAUDE_3_5_SONNET_2024_10_22,a42afc9c9aa7de2f,paper=LEN,1,0.0,test,0.206836,0,match
bce3d3ee52ef698f,CLAUDE_3_5_SONNET_2024_10_22,82b72edc40ae0c3d,paper=LEN,1,0.0,test,0.000496,0,match
bce3d3ee52ef698f,CLAUDE_3_5_SONNET_2024_10_22,520ac39dcc4f0db9,paper=LEN,1,1.0,train,0.354686,0,-
bce3d3ee52ef698f,CLAUDE_3_5_SONNET_2024_10_22,a9a7e70659603091,paper=LEN,1,0.0,train,0.000441,0,-
39edf3fbaacf1629,CLAUDE_3_7_SONNET_2025_02_19,2e6f3ef65dcd9332,paper=LEN,1,1.0,train,0.595124,1,-
39edf3fbaacf1629,CLAUDE_3_7_SONNET_2025_02_19,eea2c9ea4ec0caa1,paper=LEN,1,1.0,train,0.987272,1,-
39edf3fbaacf1629,CLAUDE_3_7_SONNET_2025_02_19,9c2cd56e46b7b17d,paper=LEN,1,1.0,train,0.676371,1,-
39edf3fbaacf1629,CLAUDE_3_7_SONNET_2025_02_19,20a3528f6eeba99d,paper=LEN,1,1.0,train,0.85044,1,-
39edf3fbaacf1629,CLAUDE_3_7_SONNET_2025_02_19,b83e0fab2bff9e94,paper=LEN,1,0.0,train,0.440988,0,-
39edf3fbaacf1629,CLAUDE_3_7_SONNET_2025_02_19,dd370d626bfdc7c0,paper=LEN,1,1.0,train,0.94505,1,-
39edf3fbaacf1629,CLAUDE_3_7_SONNET_2025_02_19,61e9e2742820a150,paper=LEN,1,0.0,train,0.459733,0,-
39edf3fbaacf1629,CLAUDE_3_7_SONNET_2025_02_19,7bf7720006130801,paper=LEN,1,0.0,train,0.000627,0,-
39edf3fbaacf1629,CLAUDE_3_7_SONNET_2025_02_19,ceb26588b28d7ab7,paper=LEN,1,1.0,train,0.930174,1,-
39edf3fbaacf1629,CLAUDE_3_7_SONNET_2025_02_19,975f29357f3171b0,paper=LEN,1,0.0,train,0.000628,0,-
39edf3fbaacf1629,CLAUDE_3_7_SONNET_2025_02_19,a42afc9c9aa7de2f,paper=LEN,1,0.0,train,0.272018,0,-
39edf3fbaacf1629,CLAUDE_3_7_SONNET_2025_02_19,82b72edc40ae0c3d,paper=LEN,1,0.0,train,0.000711,0,-
39edf3fbaacf1629,CLAUDE_3_7_SONNET_2025_02_19,520ac39dcc4f0db9,paper=LEN,1,1.0,train,0.440579,0,-
39edf3fbaacf1629,CLAUDE_3_7_SONNET_2025_02_19,a9a7e70659603091,paper=LEN,1,0.0,train,0.000632,0,-
a531ea372ae4b71d,GROK_3_BETA,2e6f3ef65dcd9332,paper=LEN,1,0.0,train,0.34766,0,-
a531ea372ae4b71d,GROK_3_BETA,eea2c9ea4ec0caa1,paper=LEN,1,1.0,test,0.965664,1,match
a531ea372ae4b71d,GROK_3_BETA,9c2cd56e46b7b17d,paper=LEN,1,0.0,train,0.431095,0,-
a531ea372ae4b71d,GROK_3_BETA,20a3528f6eeba99d,paper=LEN,1,1.0,train,0.673383,1,-
a531ea372ae4b71d,GROK_3_BETA,b83e0fab2bff9e94,paper=LEN,1,0.0,test,0.222409,0,match
a531ea372ae4b71d,GROK_3_BETA,dd370d626bfdc7c0,paper=LEN,1,1.0,train,0.861797,1,-
a531ea372ae4b71d,GROK_3_BETA,61e9e2742820a150,paper=LEN,1,0.0,train,0.235782,0,-
a531ea372ae4b71d,GROK_3_BETA,7bf7720006130801,paper=LEN,1,0.0,train,0.000228,0,-
a531ea372ae4b71d,GROK_3_BETA,ceb26588b28d7ab7,paper=LEN,1,1.0,train,0.828473,1,-
a531ea372ae4b71d,GROK_3_BETA,975f29357f3171b0,paper=LEN,1,0.0,train,0.000228,0,-
a531ea372ae4b71d,GROK_3_BETA,a42afc9c9aa7de2f,paper=LEN,1,0.0,train,0.119315,0,-
a531ea372ae4b71d,GROK_3_BETA,82b72edc40ae0c3d,paper=LEN,1,0.0,train,0.000258,0,-
a531ea372ae4b71d,GROK_3_BETA,520ac39dcc4f0db9,paper=LEN,1,0.0,train,0.222123,0,-
a531ea372ae4b71d,GROK_3_BETA,a9a7e70659603091,paper=LEN,1,0.0,train,0.000229,0,-
ac78f79a36a11b0e,GEMINI_2_5_PRO_PREVIEW_03_25,2e6f3ef65dcd9332,paper=LEN,1,1.0,train,0.815536,1,-
ac78f79a36a11b0e,GEMINI_2_5_PRO_PREVIEW_03_25,eea2c9ea4ec0caa1,paper=LEN,1,1.0,test,0.995732,1,match
ac78f79a36a11b0e,GEMINI_2_5_PRO_PREVIEW_03_25,9c2cd56e46b7b17d,paper=LEN,1,1.0,train,0.862753,1,-
ac78f79a36a11b0e,GEMINI_2_5_PRO_PREVIEW_03_25,20a3528f6eeba99d,paper=LEN,1,1.0,train,0.944761,1,-
ac78f79a36a11b0e,GEMINI_2_5_PRO_PREVIEW_03_25,b83e0fab2bff9e94,paper=LEN,1,1.0,train,0.703506,1,-
ac78f79a36a11b0e,GEMINI_2_5_PRO_PREVIEW_03_25,dd370d626bfdc7c0,paper=LEN,1,1.0,train,0.981035,1,-
ac78f79a36a11b0e,GEMINI_2_5_PRO_PREVIEW_03_25,61e9e2742820a150,paper=LEN,1,1.0,train,0.719057,1,-
ac78f79a36a11b0e,GEMINI_2_5_PRO_PREVIEW_03_25,7bf7720006130801,paper=LEN,1,0.0,test,0.001885,0,match
ac78f79a36a11b0e,GEMINI_2_5_PRO_PREVIEW_03_25,ceb26588b28d7ab7,paper=LEN,1,1.0,train,0.97565,1,-
ac78f79a36a11b0e,GEMINI_2_5_PRO_PREVIEW_03_25,975f29357f3171b0,paper=LEN,1,0.0,train,0.001886,0,-
ac78f79a36a11b0e,GEMINI_2_5_PRO_PREVIEW_03_25,a42afc9c9aa7de2f,paper=LEN,1,1.0,train,0.529166,1,-
ac78f79a36a11b0e,GEMINI_2_5_PRO_PREVIEW_03_25,82b72edc40ae0c3d,paper=LEN,1,0.0,train,0.002135,0,-
ac78f79a36a11b0e,GEMINI_2_5_PRO_PREVIEW_03_25,520ac39dcc4f0db9,paper=LEN,1,0.0,train,0.703161,1,-
ac78f79a36a11b0e,GEMINI_2_5_PRO_PREVIEW_03_25,a9a7e70659603091,paper=LEN,1,0.0,train,0.001899,0,-
b97dccb68ad1d70a,OPENROUTER_DEEPSEEK_CHAT_V3_0324,2e6f3ef65dcd9332,paper=LEN,1,0.0,test,0.372769,0,match
b97dccb68ad1d70a,OPENROUTER_DEEPSEEK_CHAT_V3_0324,eea2c9ea4ec0caa1,paper=LEN,1,1.0,train,0.9691,1,-
b97dccb68ad1d70a,OPENROUTER_DEEPSEEK_CHAT_V3_0324,9c2cd56e46b7b17d,paper=LEN,1,1.0,test,0.457999,0,miss
b97dccb68ad1d70a,OPENROUTER_DEEPSEEK_CHAT_V3_0324,20a3528f6eeba99d,paper=LEN,1,1.0,train,0.696885,1,-
b97dccb68ad1d70a,OPENROUTER_DEEPSEEK_CHAT_V3_0324,b83e0fab2bff9e94,paper=LEN,1,0.0,test,0.241825,0,match
b97dccb68ad1d70a,OPENROUTER_DEEPSEEK_CHAT_V3_0324,dd370d626bfdc7c0,paper=LEN,1,1.0,train,0.874273,1,-
b97dccb68ad1d70a,OPENROUTER_DEEPSEEK_CHAT_V3_0324,61e9e2742820a150,paper=LEN,1,0.0,train,0.255981,0,-
b97dccb68ad1d70a,OPENROUTER_DEEPSEEK_CHAT_V3_0324,7bf7720006130801,paper=LEN,1,0.0,train,0.000254,0,-
b97dccb68ad1d70a,OPENROUTER_DEEPSEEK_CHAT_V3_0324,ceb26588b28d7ab7,paper=LEN,1,1.0,train,0.843411,1,-
b97dccb68ad1d70a,OPENROUTER_DEEPSEEK_CHAT_V3_0324,975f29357f3171b0,paper=LEN,1,0.0,train,0.000254,0,-
b97dccb68ad1d70a,OPENROUTER_DEEPSEEK_CHAT_V3_0324,a42afc9c9aa7de2f,paper=LEN,1,0.0,train,0.13125,0,-
b97dccb68ad1d70a,OPENROUTER_DEEPSEEK_CHAT_V3_0324,82b72edc40ae0c3d,paper=LEN,1,0.0,train,0.000287,0,-
b97dccb68ad1d70a,OPENROUTER_DEEPSEEK_CHAT_V3_0324,520ac39dcc4f0db9,paper=LEN,1,0.0,train,0.241521,0,-
b97dccb68ad1d70a,OPENROUTER_DEEPSEEK_CHAT_V3_0324,a9a7e70659603091,paper=LEN,1,0.0,test,0.000256,0,match
09f4a41bb2e2d341,QWEN_2_5_CODER_32B_INSTRUCT,2e6f3ef65dcd9332,paper=LEN,1,0.0,train,0.101032,0,-
09f4a41bb2e2d341,QWEN_2_5_CODER_32B_INSTRUCT,eea2c9ea4ec0caa1,paper=LEN,1,1.0,train,0.855716,1,-
09f4a41bb2e2d341,QWEN_2_5_CODER_32B_INSTRUCT,9c2cd56e46b7b17d,paper=LEN,1,0.0,test,0.13778,0,match
09f4a41bb2e2d341,QWEN_2_5_CODER_32B_INSTRUCT,20a3528f6eeba99d,paper=LEN,1,0.0,test,0.303024,0,match
09f4a41bb2e2d341,QWEN_2_5_CODER_32B_INSTRUCT,b83e0fab2bff9e94,paper=LEN,1,0.0,train,0.056885,0,-
09f4a41bb2e2d341,QWEN_2_5_CODER_32B_INSTRUCT,dd370d626bfdc7c0,paper=LEN,1,1.0,train,0.568032,1,-
09f4a41bb2e2d341,QWEN_2_5_CODER_32B_INSTRUCT,61e9e2742820a150,paper=LEN,1,0.0,train,0.061088,0,-
09f4a41bb2e2d341,QWEN_2_5_CODER_32B_INSTRUCT,7bf7720006130801,paper=LEN,1,0.0,train,4.8e-05,0,-
09f4a41bb2e2d341,QWEN_2_5_CODER_32B_INSTRUCT,ceb26588b28d7ab7,paper=LEN,1,0.0,test,0.504594,1,miss
09f4a41bb2e2d341,QWEN_2_5_CODER_32B_INSTRUCT,975f29357f3171b0,paper=LEN,1,0.0,train,4.8e-05,0,-
09f4a41bb2e2d341,QWEN_2_5_CODER_32B_INSTRUCT,a42afc9c9aa7de2f,paper=LEN,1,0.0,train,0.027776,0,-
09f4a41bb2e2d341,QWEN_2_5_CODER_32B_INSTRUCT,82b72edc40ae0c3d,paper=LEN,1,0.0,train,5.4e-05,0,-
09f4a41bb2e2d341,QWEN_2_5_CODER_32B_INSTRUCT,520ac39dcc4f0db9,paper=LEN,1,0.0,train,0.056797,0,-
09f4a41bb2e2d341,QWEN_2_5_CODER_32B_INSTRUCT,a9a7e70659603091,paper=LEN,1,0.0,test,4.8e-05,0,match
c117f9213dc5d8c9,LLAMA_3_3_70B_INSTRUCT,2e6f3ef65dcd9332,paper=LEN,1,0.0,train,0.018556,0,-
c117f9213dc5d8c9,LLAMA_3_3_70B_INSTRUCT,eea2c9ea4ec0caa1,paper=LEN,1,0.0,test,0.499429,0,match
c117f9213dc5d8c9,LLAMA_3_3_70B_INSTRUCT,9c2cd56e46b7b17d,paper=LEN,1,0.0,train,0.026179,0,-
c117f9213dc5d8c9,LLAMA_3_3_70B_INSTRUCT,20a3528f6eeba99d,paper=LEN,1,0.0,train,0.068155,0,-
c117f9213dc5d8c9,LLAMA_3_3_70B_INSTRUCT,b83e0fab2bff9e94,paper=LEN,1,0.0,test,0.010045,0,match
c117f9213dc5d8c9,LLAMA_3_3_70B_INSTRUCT,dd370d626bfdc7c0,paper=LEN,1,0.0,train,0.181145,0,-
c117f9213dc5d8c9,LLAMA_3_3_70B_INSTRUCT,61e9e2742820a150,paper=LEN,1,0.0,train,0.010827,0,-
c117f9213dc5d8c9,LLAMA_3_3_70B_INSTRUCT,7bf7720006130801,paper=LEN,1,0.0,test,8e-06,0,match
c117f9213dc5d8c9,LLAMA_3_3_70B_INSTRUCT,ceb26588b28d7ab7,paper=LEN,1,0.0,test,0.146283,0,match
c117f9213dc5d8c9,LLAMA_3_3_70B_INSTRUCT,975f29357f3171b0,paper=LEN,1,0.0,train,8e-06,0,-
c117f9213dc5d8c9,LLAMA_3_3_70B_INSTRUCT,a42afc9c9aa7de2f,paper=LEN,1,0.0,train,0.004783,0,-
c117f9213dc5d8c9,LLAMA_3_3_70B_INSTRUCT,82b72edc40ae0c3d,paper=LEN,1,0.0,test,9e-06,0,match
c117f9213dc5d8c9,LLAMA_3_3_70B_INSTRUCT,520ac39dcc4f0db9,paper=LEN,1,0.0,test,0.010029,0,match
c117f9213dc5d8c9,LLAMA_3_3_70B_INSTRUCT,a9a7e70659603091,paper=LEN,1,0.0,train,8e-06,0,-
b2436ce8ede11e03,OPENROUTER_O4_MINI_HIGH,2e6f3ef65dcd9332,paper=LEN,1,1.0,train,0.753024,1,-
b2436ce8ede11e03,OPENROUTER_O4_MINI_HIGH,eea2c9ea4ec0caa1,paper=LEN,1,1.0,train,0.993823,1,-
b2436ce8ede11e03,OPENROUTER_O4_MINI_HIGH,9c2cd56e46b7b17d,paper=LEN,1,1.0,train,0.812565,1,-
b2436ce8ede11e03,OPENROUTER_O4_MINI_HIGH,20a3528f6eeba99d,paper=LEN,1,1.0,train,0.921844,1,-
b2436ce8ede11e03,OPENROUTER_O4_MINI_HIGH,b83e0fab2bff9e94,paper=LEN,1,1.0,test,0.620687,1,match
b2436ce8ede11e03,OPENROUTER_O4_MINI_HIGH,dd370d626bfdc7c0,paper=LEN,1,1.0,train,0.972733,1,-
b2436ce8ede11e03,OPENROUTER_O4_MINI_HIGH,61e9e2742820a150,paper=LEN,1,0.0,train,0.638349,1,-
b2436ce8ede11e03,OPENROUTER_O4_MINI_HIGH,7bf7720006130801,paper=LEN,1,0.0,train,0.001301,0,-
b2436ce8ede11e03,OPENROUTER_O4_MINI_HIGH,ceb26588b28d7ab7,paper=LEN,1,1.0,test,0.965075,1,match
b2436ce8ede11e03,OPENROUTER_O4_MINI_HIGH,975f29357f3171b0,paper=LEN,1,0.0,train,0.001301,0,-
b2436ce8ede11e03,OPENROUTER_O4_MINI_HIGH,a42afc9c9aa7de2f,paper=LEN,1,1.0,test,0.436646,0,miss
b2436ce8ede11e03,OPENROUTER_O4_MINI_HIGH,82b72edc40ae0c3d,paper=LEN,1,0.0,train,0.001473,0,-
b2436ce8ede11e03,OPENROUTER_O4_MINI_HIGH,520ac39dcc4f0db9,paper=LEN,1,1.0,train,0.620297,1,-
b2436ce8ede11e03,OPENROUTER_O4_MINI_HIGH,a9a7e70659603091,paper=LEN,1,0.0,train,0.00131,0,-
2bfd4cd36591d7f5,GROK_3_MINI_BETA_HIGH,2e6f3ef65dcd9332,paper=LEN,1,0.0,train,0.057158,0,-
2bfd4cd36591d7f5,GROK_3_MINI_BETA_HIGH,eea2c9ea4ec0caa1,paper=LEN,1,1.0,test,0.761857,1,match
2bfd4cd36591d7f5,GROK_3_MINI_BETA_HIGH,9c2cd56e46b7b17d,paper=LEN,1,1.0,train,0.079357,0,-
2bfd4cd36591d7f5,GROK_3_MINI_BETA_HIGH,20a3528f6eeba99d,paper=LEN,1,0.0,train,0.18997,0,-
2bfd4cd36591d7f5,GROK_3_MINI_BETA_HIGH,b83e0fab2bff9e94,paper=LEN,1,0.0,test,0.031511,0,match
2bfd4cd36591d7f5,GROK_3_MINI_BETA_HIGH,dd370d626bfdc7c0,paper=LEN,1,0.0,test,0.414974,0,match
2bfd4cd36591d7f5,GROK_3_MINI_BETA_HIGH,61e9e2742820a150,paper=LEN,1,0.0,train,0.033906,0,-
2bfd4cd36591d7f5,GROK_3_MINI_BETA_HIGH,7bf7720006130801,paper=LEN,1,0.0,train,2.6e-05,0,-
2bfd4cd36591d7f5,GROK_3_MINI_BETA_HIGH,ceb26588b28d7ab7,paper=LEN,1,1.0,train,0.354599,0,-
2bfd4cd36591d7f5,GROK_3_MINI_BETA_HIGH,975f29357f3171b0,paper=LEN,1,0.0,train,2.6e-05,0,-
2bfd4cd36591d7f5,GROK_3_MINI_BETA_HIGH,a42afc9c9aa7de2f,paper=LEN,1,0.0,train,0.015177,0,-
2bfd4cd36591d7f5,GROK_3_MINI_BETA_HIGH,82b72edc40ae0c3d,paper=LEN,1,0.0,train,2.9e-05,0,-
2bfd4cd36591d7f5,GROK_3_MINI_BETA_HIGH,520ac39dcc4f0db9,paper=LEN,1,0.0,train,0.03146,0,-
2bfd4cd36591d7f5,GROK_3_MINI_BETA_HIGH,a9a7e70659603091,paper=LEN,1,0.0,train,2.6e-05,0,-
9dafe621e945d614,GROK_2_1212,2e6f3ef65dcd9332,paper=LEN,1,0.0,train,0.061962,0,-
9dafe621e945d614,GROK_2_1212,eea2c9ea4ec0caa1,paper=LEN,1,1.0,train,0.777073,1,-
9dafe621e945d614,GROK_2_1212,9c2cd56e46b7b17d,paper=LEN,1,0.0,test,0.085856,0,match
9dafe621e945d614,GROK_2_1212,20a3528f6eeba99d,paper=LEN,1,1.0,train,0.203526,0,-
9dafe621e945d614,GROK_2_1212,b83e0fab2bff9e94,paper=LEN,1,0.0,train,0.034237,0,-
9dafe621e945d614,GROK_2_1212,dd370d626bfdc7c0,paper=LEN,1,1.0,test,0.435945,0,miss
9dafe621e945d614,GROK_2_1212,61e9e2742820a150,paper=LEN,1,0.0,train,0.036832,0,-
9dafe621e945d614,GROK_2_1212,7bf7720006130801,paper=LEN,1,0.0,train,2.8e-05,0,-
9dafe621e945d614,GROK_2_1212,ceb26588b28d7ab7,paper=LEN,1,0.0,train,0.374471,0,-
9dafe621e945d614,GROK_2_1212,975f29357f3171b0,paper=LEN,1,0.0,train,2.8e-05,0,-
9dafe621e945d614,GROK_2_1212,a42afc9c9aa7de2f,paper=LEN,1,0.0,train,0.016514,0,-
9dafe621e945d614,GROK_2_1212,82b72edc40ae0c3d,paper=LEN,1,0.0,train,3.2e-05,0,-
9dafe621e945d614,GROK_2_1212,520ac39dcc4f0db9,paper=LEN,1,1.0,train,0.034182,0,-
9dafe621e945d614,GROK_2_1212,a9a7e70659603091,paper=LEN,1,0.0,train,2.8e-05,0,-
8d84404dc2cabd80,OPENROUTER_CLAUDE_3_5_HAIKU,2e6f3ef65dcd9332,paper=LEN,1,0.0,train,0.311788,0,-
8d84404dc2cabd80,OPENROUTER_CLAUDE_3_5_HAIKU,eea2c9ea4ec0caa1,paper=LEN,1,1.0,train,0.959851,1,-
8d84404dc2cabd80,OPENROUTER_CLAUDE_3_5_HAIKU,9c2cd56e46b7b17d,paper=LEN,1,0.0,train,0.391784,0,-
8d84404dc2cabd80,OPENROUTER_CLAUDE_3_5_HAIKU,20a3528f6eeba99d,paper=LEN,1,0.0,train,0.636705,1,-
8d84404dc2cabd80,OPENROUTER_CLAUDE_3_5_HAIKU,b83e0fab2bff9e94,paper=LEN,1,0.0,train,0.195585,0,-
8d84404dc2cabd80,OPENROUTER_CLAUDE_3_5_HAIKU,dd370d626bfdc7c0,paper=LEN,1,1.0,train,0.84129,1,-
8d84404dc2cabd80,OPENROUTER_CLAUDE_3_5_HAIKU,61e9e2742820a150,paper=LEN,1,0.0,train,0.207777,0,-
8d84404dc2cabd80,OPENROUTER_CLAUDE_3_5_HAIKU,7bf7720006130801,paper=LEN,1,0.0,train,0.000193,0,-
8d84404dc2cabd80,OPENROUTER_CLAUDE_3_5_HAIKU,ceb26588b28d7ab7,paper=LEN,1,1.0,train,0.804146,1,-
8d84404dc2cabd80,OPENROUTER_CLAUDE_3_5_HAIKU,975f29357f3171b0,paper=LEN,1,0.0,train,0.000194,0,-
8d84404dc2cabd80,OPENROUTER_CLAUDE_3_5_HAIKU,a42afc9c9aa7de2f,paper=LEN,1,0.0,train,0.103274,0,-
8d84404dc2cabd80,OPENROUTER_CLAUDE_3_5_HAIKU,82b72edc40ae0c3d,paper=LEN,1,0.0,train,0.000219,0,-
8d84404dc2cabd80,OPENROUTER_CLAUDE_3_5_HAIKU,520ac39dcc4f0db9,paper=LEN,1,1.0,train,0.195325,0,-
8d84404dc2cabd80,OPENROUTER_CLAUDE_3_5_HAIKU,a9a7e70659603091,paper=LEN,1,0.0,train,0.000195,0,-
42d17e7b8b8e8451,OPENROUTER_LLAMA_4_MAVERICK,2e6f3ef65dcd9332,paper=LEN,1,1.0,train,0.126614,0,-
42d17e7b8b8e8451,OPENROUTER_LLAMA_4_MAVERICK,eea2c9ea4ec0caa1,paper=LEN,1,1.0,train,0.884395,1,-
42d17e7b8b8e8451,OPENROUTER_LLAMA_4_MAVERICK,9c2cd56e46b7b17d,paper=LEN,1,0.0,train,0.170898,0,-
42d17e7b8b8e8451,OPENROUTER_LLAMA_4_MAVERICK,20a3528f6eeba99d,paper=LEN,1,0.0,train,0.359309,0,-
42d17e7b8b8e8451,OPENROUTER_LLAMA_4_MAVERICK,b83e0fab2bff9e94,paper=LEN,1,0.0,train,0.072187,0,-
42d17e7b8b8e8451,OPENROUTER_LLAMA_4_MAVERICK,dd370d626bfdc7c0,paper=LEN,1,1.0,train,0.62911,1,-
42d17e7b8b8e8451,OPENROUTER_LLAMA_4_MAVERICK,61e9e2742820a150,paper=LEN,1,0.0,test,0.077427,0,match
42d17e7b8b8e8451,OPENROUTER_LLAMA_4_MAVERICK,7bf7720006130801,paper=LEN,1,0.0,test,6.2e-05,0,match
42d17e7b8b8e8451,OPENROUTER_LLAMA_4_MAVERICK,ceb26588b28d7ab7,paper=LEN,1,1.0,train,0.567818,1,-
42d17e7b8b8e8451,OPENROUTER_LLAMA_4_MAVERICK,975f29357f3171b0,paper=LEN,1,0.0,test,6.2e-05,0,match
42d17e7b8b8e8451,OPENROUTER_LLAMA_4_MAVERICK,a42afc9c9aa7de2f,paper=LEN,1,0.0,train,0.035543,0,-
42d17e7b8b8e8451,OPENROUTER_LLAMA_4_MAVERICK,82b72edc40ae0c3d,paper=LEN,1,0.0,train,7e-05,0,-
42d17e7b8b8e8451,OPENROUTER_LLAMA_4_MAVERICK,520ac39dcc4f0db9,paper=LEN,1,0.0,train,0.072076,0,-
42d17e7b8b8e8451,OPENROUTER_LLAMA_4_MAVERICK,a9a7e70659603091,paper=LEN,1,0.0,test,6.2e-05,0,match
f346f5a402064340,OPENROUTER_LLAMA_4_SCOUT,2e6f3ef65dcd9332,paper=LEN,1,0.0,train,0.044491,0,-
f346f5a402064340,OPENROUTER_LLAMA_4_SCOUT,eea2c9ea4ec0caa1,paper=LEN,1,1.0,train,0.710746,1,-
f346f5a402064340,OPENROUTER_LLAMA_4_SCOUT,9c2cd56e46b7b17d,paper=LEN,1,0.0,train,0.062094,0,-
f346f5a402064340,OPENROUTER_LLAMA_4_SCOUT,20a3528f6eeba99d,paper=LEN,1,1.0,train,0.152635,0,-
f346f5a402064340,OPENROUTER_LLAMA_4_SCOUT,b83e0fab2bff9e94,paper=LEN,1,0.0,train,0.02438,0,-
f346f5a402064340,OPENROUTER_LLAMA_4_SCOUT,dd370d626bfdc7c0,paper=LEN,1,0.0,train,0.352672,0,-
f346f5a402064340,OPENROUTER_LLAMA_4_SCOUT,61e9e2742820a150,paper=LEN,1,0.0,train,0.026248,0,-
f346f5a402064340,OPENROUTER_LLAMA_4_SCOUT,7bf7720006130801,paper=LEN,1,0.0,test,2e-05,0,match
f346f5a402064340,OPENROUTER_LLAMA_4_SCOUT,ceb26588b28d7ab7,paper=LEN,1,0.0,train,0.296763,0,-
f346f5a402064340,OPENROUTER_LLAMA_4_SCOUT,975f29357f3171b0,paper=LEN,1,0.0,train,2e-05,0,-
f346f5a402064340,OPENROUTER_LLAMA_4_SCOUT,a42afc9c9aa7de2f,paper=LEN,1,0.0,train,0.011698,0,-
f346f5a402064340,OPENROUTER_LLAMA_4_SCOUT,82b72edc40ae0c3d,paper=LEN,1,0.0,train,2.3e-05,0,-
f346f5a402064340,OPENROUTER_LLAMA_4_SCOUT,520ac39dcc4f0db9,paper=LEN,1,0.0,train,0.024341,0,-
f346f5a402064340,OPENROUTER_LLAMA_4_SCOUT,a9a7e70659603091,paper=LEN,1,0.0,test,2e-05,0,match
d9512a7be0630043,MISTRAL_CODESTRAL_2501,2e6f3ef65dcd9332,paper=LEN,1,0.0,train,0.179758,0,-
d9512a7be0630043,MISTRAL_CODESTRAL_2501,eea2c9ea4ec0caa1,paper=LEN,1,1.0,train,0.920413,1,-
d9512a7be0630043,MISTRAL_CODESTRAL_2501,9c2cd56e46b7b17d,paper=LEN,1,0.0,train,0.237572,0,-
d9512a7be0630043,MISTRAL_CODESTRAL_2501,20a3528f6eeba99d,paper=LEN,1,1.0,test,0.458813,0,miss
d9512a7be0630043,MISTRAL_CODESTRAL_2501,b83e0fab2bff9e94,paper=LEN,1,0.0,train,0.105238,0,-
d9512a7be0630043,MISTRAL_CODESTRAL_2501,dd370d626bfdc7c0,paper=LEN,1,0.0,train,0.719431,1,-
d9512a7be0630043,MISTRAL_CODESTRAL_2501,61e9e2742820a150,paper=LEN,1,0.0,test,0.112586,0,match
d9512a7be0630043,MISTRAL_CODESTRAL_2501,7bf7720006130801,paper=LEN,1,0.0,test,9.4e-05,0,match
d9512a7be0630043,MISTRAL_CODESTRAL_2501,ceb26588b28d7ab7,paper=LEN,1,0.0,train,0.66512,1,-
d9512a7be0630043,MISTRAL_CODESTRAL_2501,975f29357f3171b0,paper=LEN,1,0.0,test,9.4e-05,0,match
d9512a7be0630043,MISTRAL_CODESTRAL_2501,a42afc9c9aa7de2f,paper=LEN,1,0.0,train,0.052771,0,-
d9512a7be0630043,MISTRAL_CODESTRAL_2501,82b72edc40ae0c3d,paper=LEN,1,0.0,train,0.000106,0,-
d9512a7be0630043,MISTRAL_CODESTRAL_2501,520ac39dcc4f0db9,paper=LEN,1,1.0,train,0.105082,0,-
d9512a7be0630043,MISTRAL_CODESTRAL_2501,a9a7e70659603091,paper=LEN,1,0.0,test,9.4e-05,0,match
4a938d775c0363f7,GEMINI_2_5_PRO_PREVIEW_05_06,2e6f3ef65dcd9332,paper=LEN,1,1.0,train,0.879056,1,-
4a938d775c0363f7,GEMINI_2_5_PRO_PREVIEW_05_06,eea2c9ea4ec0caa1,paper=LEN,1,1.0,test,0.9974,1,match
4a938d775c0363f7,GEMINI_2_5_PRO_PREVIEW_05_06,9c2cd56e46b7b17d,paper=LEN,1,1.0,test,0.911773,1,match
4a938d775c0363f7,GEMINI_2_5_PRO_PREVIEW_05_06,20a3528f6eeba99d,paper=LEN,1,1.0,test,0.965656,1,match
4a938d775c0363f7,GEMINI_2_5_PRO_PREVIEW_05_06,b83e0fab2bff9e94,paper=LEN,1,1.0,train,0.795951,1,-
4a938d775c0363f7,GEMINI_2_5_PRO_PREVIEW_05_06,dd370d626bfdc7c0,paper=LEN,1,1.0,train,0.988378,1,-
4a938d775c0363f7,GEMINI_2_5_PRO_PREVIEW_05_06,61e9e2742820a150,paper=LEN,1,1.0,train,0.807977,1,-
4a938d775c0363f7,GEMINI_2_5_PRO_PREVIEW_05_06,7bf7720006130801,paper=LEN,1,0.0,train,0.003095,0,-
4a938d775c0363f7,GEMINI_2_5_PRO_PREVIEW_05_06,ceb26588b28d7ab7,paper=LEN,1,1.0,train,0.985046,1,-
4a938d775c0363f7,GEMINI_2_5_PRO_PREVIEW_05_06,975f29357f3171b0,paper=LEN,1,0.0,train,0.003097,0,-
4a938d775c0363f7,GEMINI_2_5_PRO_PREVIEW_05_06,a42afc9c9aa7de2f,paper=LEN,1,0.0,train,0.648836,1,-
4a938d775c0363f7,GEMINI_2_5_PRO_PREVIEW_05_06,82b72edc40ae0c3d,paper=LEN,1,0.0,train,0.003505,0,-
4a938d775c0363f7,GEMINI_2_5_PRO_PREVIEW_05_06,520ac39dcc4f0db9,paper=LEN,1,0.0,train,0.795682,1,-
4a938d775c0363f7,GEMINI_2_5_PRO_PREVIEW_05_06,a9a7e70659603091,paper=LEN,1,0.0,train,0.003118,0,-
0201bf34008b40fa,OPENROUTER_QWEN_TURBO,2e6f3ef65dcd9332,paper=LEN,1,0.0,train,0.008097,0,-
0201bf34008b40fa,OPENROUTER_QWEN_TURBO,eea2c9ea4ec0caa1,paper=LEN,1,0.0,train,0.301064,0,-
0201bf34008b40fa,OPENROUTER_QWEN_TURBO,9c2cd56e46b7b17d,paper=LEN,1,0.0,train,0.011473,0,-
0201bf34008b40fa,OPENROUTER_QWEN_TURBO,20a3528f6eeba99d,paper=LEN,1,0.0,train,0.03061,0,-
0201bf34008b40fa,OPENROUTER_QWEN_TURBO,b83e0fab2bff9e94,paper=LEN,1,0.0,test,0.004362,0,match
0201bf34008b40fa,OPENROUTER_QWEN_TURBO,dd370d626bfdc7c0,paper=LEN,1,0.0,train,0.08718,0,-
0201bf34008b40fa,OPENROUTER_QWEN_TURBO,61e9e2742820a150,paper=LEN,1,0.0,train,0.004703,0,-
0201bf34008b40fa,OPENROUTER_QWEN_TURBO,7bf7720006130801,paper=LEN,1,0.0,train,3e-06,0,-
0201bf34008b40fa,OPENROUTER_QWEN_TURBO,ceb26588b28d7ab7,paper=LEN,1,0.0,test,0.068881,0,match
0201bf34008b40fa,OPENROUTER_QWEN_TURBO,975f29357f3171b0,paper=LEN,1,0.0,train,3e-06,0,-
0201bf34008b40fa,OPENROUTER_QWEN_TURBO,a42afc9c9aa7de2f,paper=LEN,1,0.0,train,0.002071,0,-
0201bf34008b40fa,OPENROUTER_QWEN_TURBO,82b72edc40ae0c3d,paper=LEN,1,0.0,train,4e-06,0,-
0201bf34008b40fa,OPENROUTER_QWEN_TURBO,520ac39dcc4f0db9,paper=LEN,1,0.0,train,0.004354,0,-
0201bf34008b40fa,OPENROUTER_QWEN_TURBO,a9a7e70659603091,paper=LEN,1,0.0,train,4e-06,0,-
9bbf8d46fe2a4b4d,OPENROUTER_MISTRAL_CODESTRAL_MAMBA,2e6f3ef65dcd9332,paper=LEN,1,0.0,test,0.001738,0,match
9bbf8d46fe2a4b4d,OPENROUTER_MISTRAL_CODESTRAL_MAMBA,eea2c9ea4ec0caa1,paper=LEN,1,0.0,train,0.084153,0,-
9bbf8d46fe2a4b4d,OPENROUTER_MISTRAL_CODESTRAL_MAMBA,9c2cd56e46b7b17d,paper=LEN,1,0.0,train,0.00247,0,-
9bbf8d46fe2a4b4d,OPENROUTER_MISTRAL_CODESTRAL_MAMBA,20a3528f6eeba99d,paper=LEN,1,0.0,test,0.006691,0,match
9bbf8d46fe2a4b4d,OPENROUTER_MISTRAL_CODESTRAL_MAMBA,b83e0fab2bff9e94,paper=LEN,1,0.0,train,0.000934,0,-
9bbf8d46fe2a4b4d,OPENROUTER_MISTRAL_CODESTRAL_MAMBA,dd370d626bfdc7c0,paper=LEN,1,0.0,train,0.019966,0,-
9bbf8d46fe2a4b4d,OPENROUTER_MISTRAL_CODESTRAL_MAMBA,61e9e2742820a150,paper=LEN,1,0.0,train,0.001007,0,-
9bbf8d46fe2a4b4d,OPENROUTER_MISTRAL_CODESTRAL_MAMBA,7bf7720006130801,paper=LEN,1,0.0,test,1e-06,0,match
9bbf8d46fe2a4b4d,OPENROUTER_MISTRAL_CODESTRAL_MAMBA,ceb26588b28d7ab7,paper=LEN,1,0.0,train,0.015535,0,-
9bbf8d46fe2a4b4d,OPENROUTER_MISTRAL_CODESTRAL_MAMBA,975f29357f3171b0,paper=LEN,1,0.0,test,1e-06,0,match
9bbf8d46fe2a4b4d,OPENROUTER_MISTRAL_CODESTRAL_MAMBA,a42afc9c9aa7de2f,paper=LEN,1,0.0,test,0.000442,0,match
9bbf8d46fe2a4b4d,OPENROUTER_MISTRAL_CODESTRAL_MAMBA,82b72edc40ae0c3d,paper=LEN,1,0.0,train,1e-06,0,-
9bbf8d46fe2a4b4d,OPENROUTER_MISTRAL_CODESTRAL_MAMBA,520ac39dcc4f0db9,paper=LEN,1,0.0,train,0.000932,0,-
9bbf8d46fe2a4b4d,OPENROUTER_MISTRAL_CODESTRAL_MAMBA,a9a7e70659603091,paper=LEN,1,0.0,train,1e-06,0,-
0e68149d77ff2477,OPENROUTER_AMAZON_NOVA_PRO_1_0,2e6f3ef65dcd9332,paper=LEN,1,0.0,train,0.097907,0,-
0e68149d77ff2477,OPENROUTER_AMAZON_NOVA_PRO_1_0,eea2c9ea4ec0caa1,paper=LEN,1,1.0,train,0.851354,1,-
0e68149d77ff2477,OPENROUTER_AMAZON_NOVA_PRO_1_0,9c2cd56e46b7b17d,paper=LEN,1,0.0,test,0.133687,0,match
0e68149d77ff2477,OPENROUTER_AMAZON_NOVA_PRO_1_0,20a3528f6eeba99d,paper=LEN,1,1.0,train,0.295706,0,-
0e68149d77ff2477,OPENROUTER_AMAZON_NOVA_PRO_1_0,b83e0fab2bff9e94,paper=LEN,1,0.0,train,0.055042,0,-
0e68149d77ff2477,OPENROUTER_AMAZON_NOVA_PRO_1_0,dd370d626bfdc7c0,paper=LEN,1,1.0,train,0.559451,1,-
0e68149d77ff2477,OPENROUTER_AMAZON_NOVA_PRO_1_0,61e9e2742820a150,paper=LEN,1,0.0,test,0.059117,0,match
0e68149d77ff2477,OPENROUTER_AMAZON_NOVA_PRO_1_0,7bf7720006130801,paper=LEN,1,0.0,train,4.6e-05,0,-
0e68149d77ff2477,OPENROUTER_AMAZON_NOVA_PRO_1_0,ceb26588b28d7ab7,paper=LEN,1,1.0,test,0.495872,0,miss
0e68149d77ff2477,OPENROUTER_AMAZON_NOVA_PRO_1_0,975f29357f3171b0,paper=LEN,1,0.0,test,4.6e-05,0,match
0e68149d77ff2477,OPENROUTER_AMAZON_NOVA_PRO_1_0,a42afc9c9aa7de2f,paper=LEN,1,0.0,train,0.026849,0,-
0e68149d77ff2477,OPENROUTER_AMAZON_NOVA_PRO_1_0,82b72edc40ae0c3d,paper=LEN,1,0.0,train,5.3e-05,0,-
0e68149d77ff2477,OPENROUTER_AMAZON_NOVA_PRO_1_0,520ac39dcc4f0db9,paper=LEN,1,0.0,train,0.054956,0,-
0e68149d77ff2477,OPENROUTER_AMAZON_NOVA_PRO_1_0,a9a7e70659603091,paper=LEN,1,0.0,train,4.7e-05,0,-
f89d3f7268252d37,OPENROUTER_COHERE_COMMAND_A,2e6f3ef65dcd9332,paper=LEN,1,1.0,test,0.144459,0,miss
f89d3f7268252d37,OPENROUTER_COHERE_COMMAND_A,eea2c9ea4ec0caa1,paper=LEN,1,1.0,test,0.899096,1,match
f89d3f7268252d37,OPENROUTER_COHERE_COMMAND_A,9c2cd56e46b7b17d,paper=LEN,1,0.0,test,0.193601,0,match
f89d3f7268252d37,OPENROUTER_COHERE_COMMAND_A,20a3528f6eeba99d,paper=LEN,1,0.0,train,0.395113,0,-
f89d3f7268252d37,OPENROUTER_COHERE_COMMAND_A,b83e0fab2bff9e94,paper=LEN,1,0.0,train,0.083091,0,-
f89d3f7268252d37,OPENROUTER_COHERE_COMMAND_A,dd370d626bfdc7c0,paper=LEN,1,0.0,train,0.663939,1,-
f89d3f7268252d37,OPENROUTER_COHERE_COMMAND_A,61e9e2742820a150,paper=LEN,1,0.0,train,0.089046,0,-
f89d3f7268252d37,OPENROUTER_COHERE_COMMAND_A,7bf7720006130801,paper=LEN,1,0.0,test,7.2e-05,0,match
f89d3f7268252d37,OPENROUTER_COHERE_COMMAND_A,ceb26588b28d7ab7,paper=LEN,1,1.0,train,0.604787,1,-
f89d3f7268252d37,OPENROUTER_COHERE_COMMAND_A,975f29357f3171b0,paper=LEN,1,0.0,train,7.2e-05,0,-
f89d3f7268252d37,OPENROUTER_COHERE_COMMAND_A,a42afc9c9aa7de2f,paper=LEN,1,0.0,train,0.041157,0,-
f89d3f7268252d37,OPENROUTER_COHERE_COMMAND_A,82b72edc40ae0c3d,paper=LEN,1,0.0,train,8.2e-05,0,-
f89d3f7268252d37,OPENROUTER_COHERE_COMMAND_A,520ac39dcc4f0db9,paper=LEN,1,0.0,train,0.082964,0,-
f89d3f7268252d37,OPENROUTER_COHERE_COMMAND_A,a9a7e70659603091,paper=LEN,1,0.0,test,7.3e-05,0,match
6439159aa9f9ba95,GEMINI_2_5_FLASH_PREVIEW_04_17,2e6f3ef65dcd9332,paper=LEN,1,1.0,train,0.501366,1,-
6439159aa9f9ba95,GEMINI_2_5_FLASH_PREVIEW_04_17,eea2c9ea4ec0caa1,paper=LEN,1,1.0,train,0.981502,1,-
6439159aa9f9ba95,GEMINI_2_5_FLASH_PREVIEW_04_17,9c2cd56e46b7b17d,paper=LEN,1,1.0,train,0.588416,1,-
6439159aa9f9ba95,GEMINI_2_5_FLASH_PREVIEW_04_17,20a3528f6eeba99d,paper=LEN,1,1.0,train,0.795488,1,-
6439159aa9f9ba95,GEMINI_2_5_FLASH_PREVIEW_04_17,b83e0fab2bff9e94,paper=LEN,1,1.0,train,0.350492,0,-
6439159aa9f9ba95,GEMINI_2_5_FLASH_PREVIEW_04_17,dd370d626bfdc7c0,paper=LEN,1,1.0,train,0.921659,1,-
6439159aa9f9ba95,GEMINI_2_5_FLASH_PREVIEW_04_17,61e9e2742820a150,paper=LEN,1,1.0,train,0.367922,0,-
6439159aa9f9ba95,GEMINI_2_5_FLASH_PREVIEW_04_17,7bf7720006130801,paper=LEN,1,0.0,train,0.000429,0,-
6439159aa9f9ba95,GEMINI_2_5_FLASH_PREVIEW_04_17,ceb26588b28d7ab7,paper=LEN,1,1.0,train,0.901113,1,-
6439159aa9f9ba95,GEMINI_2_5_FLASH_PREVIEW_04_17,975f29357f3171b0,paper=LEN,1,0.0,train,0.00043,0,-
6439159aa9f9ba95,GEMINI_2_5_FLASH_PREVIEW_04_17,a42afc9c9aa7de2f,paper=LEN,1,0.0,train,0.20357,0,-
6439159aa9f9ba95,GEMINI_2_5_FLASH_PREVIEW_04_17,82b72edc40ae0c3d,paper=LEN,1,0.0,train,0.000486,0,-
6439159aa9f9ba95,GEMINI_2_5_FLASH_PREVIEW_04_17,520ac39dcc4f0db9,paper=LEN,1,0.0,train,0.350115,0,-
6439159aa9f9ba95,GEMINI_2_5_FLASH_PREVIEW_04_17,a9a7e70659603091,paper=LEN,1,0.0,train,0.000433,0,-
4a199d31e7ac5440,GEMINI_2_0_FLASH_LITE,2e6f3ef65dcd9332,paper=LEN,1,0.0,train,0.178548,0,-
4a199d31e7ac5440,GEMINI_2_0_FLASH_LITE,eea2c9ea4ec0caa1,paper=LEN,1,1.0,train,0.919808,1,-
4a199d31e7ac5440,GEMINI_2_0_FLASH_LITE,9c2cd56e46b7b17d,paper=LEN,1,0.0,train,0.236085,0,-
4a199d31e7ac5440,GEMINI_2_0_FLASH_LITE,20a3528f6eeba99d,paper=LEN,1,0.0,train,0.45677,0,-
4a199d31e7ac5440,GEMINI_2_0_FLASH_LITE,b83e0fab2bff9e94,paper=LEN,1,0.0,train,0.104466,0,-
4a199d31e7ac5440,GEMINI_2_0_FLASH_LITE,dd370d626bfdc7c0,paper=LEN,1,0.0,test,0.717768,1,miss
4a199d31e7ac5440,GEMINI_2_0_FLASH_LITE,61e9e2742820a150,paper=LEN,1,0.0,train,0.111767,0,-
4a199d31e7ac5440,GEMINI_2_0_FLASH_LITE,7bf7720006130801,paper=LEN,1,0.0,test,9.3e-05,0,match
4a199d31e7ac5440,GEMINI_2_0_FLASH_LITE,ceb26588b28d7ab7,paper=LEN,1,1.0,train,0.663285,1,-
4a199d31e7ac5440,GEMINI_2_0_FLASH_LITE,975f29357f3171b0,paper=LEN,1,0.0,test,9.3e-05,0,match
4a199d31e7ac5440,GEMINI_2_0_FLASH_LITE,a42afc9c9aa7de2f,paper=LEN,1,0.0,train,0.052361,0,-
4a199d31e7ac5440,GEMINI_2_0_FLASH_LITE,82b72edc40ae0c3d,paper=LEN,1,0.0,train,0.000105,0,-
4a199d31e7ac5440,GEMINI_2_0_FLASH_LITE,520ac39dcc4f0db9,paper=LEN,1,0.0,train,0.104311,0,-
4a199d31e7ac5440,GEMINI_2_0_FLASH_LITE,a9a7e70659603091,paper=LEN,1,0.0,test,9.4e-05,0,match
5a9db67a33a34b6b,OPENROUTER_MISTRAL_MEDIUM_3,2e6f3ef65dcd9332,paper=LEN,1,0.0,train,0.269046,0,-
5a9db67a33a34b6b,OPENROUTER_MISTRAL_MEDIUM_3,eea2c9ea4ec0caa1,paper=LEN,1,1.0,train,0.951037,1,-
5a9db67a33a34b6b,OPENROUTER_MISTRAL_MEDIUM_3,9c2cd56e46b7b17d,paper=LEN,1,1.0,train,0.34355,0,-
5a9db67a33a34b6b,OPENROUTER_MISTRAL_MEDIUM_3,20a3528f6eeba99d,paper=LEN,1,0.0,test,0.587442,1,miss
5a9db67a33a34b6b,OPENROUTER_MISTRAL_MEDIUM_3,b83e0fab2bff9e94,paper=LEN,1,0.0,train,0.164955,0,-
5a9db67a33a34b6b,OPENROUTER_MISTRAL_MEDIUM_3,dd370d626bfdc7c0,paper=LEN,1,1.0,train,0.811558,1,-
5a9db67a33a34b6b,OPENROUTER_MISTRAL_MEDIUM_3,61e9e2742820a150,paper=LEN,1,0.0,train,0.175654,0,-
5a9db67a33a34b6b,OPENROUTER_MISTRAL_MEDIUM_3,7bf7720006130801,paper=LEN,1,0.0,train,0.000157,0,-
5a9db67a33a34b6b,OPENROUTER_MISTRAL_MEDIUM_3,ceb26588b28d7ab7,paper=LEN,1,1.0,train,0.769363,1,-
5a9db67a33a34b6b,OPENROUTER_MISTRAL_MEDIUM_3,975f29357f3171b0,paper=LEN,1,0.0,test,0.000157,0,match
5a9db67a33a34b6b,OPENROUTER_MISTRAL_MEDIUM_3,a42afc9c9aa7de2f,paper=LEN,1,0.0,test,0.085562,0,match
5a9db67a33a34b6b,OPENROUTER_MISTRAL_MEDIUM_3,82b72edc40ae0c3d,paper=LEN,1,0.0,train,0.000178,0,-
5a9db67a33a34b6b,OPENROUTER_MISTRAL_MEDIUM_3,520ac39dcc4f0db9,paper=LEN,1,0.0,train,0.164727,0,-
5a9db67a33a34b6b,OPENROUTER_MISTRAL_MEDIUM_3,a9a7e70659603091,paper=LEN,1,0.0,train,0.000158,0,-
92da838173d9f753,GEMINI_2_0_FLASH,74ec6b7fa37539ee,paper=llm-sci-use,1,1.0,test,0.966774,1,match
92da838173d9f753,GEMINI_2_0_FLASH,e534480b428704fb,paper=llm-sci-use,1,1.0,train,0.933668,1,-
92da838173d9f753,GEMINI_2_0_FLASH,01d017acf7302a41,paper=llm-sci-use,1,1.0,train,0.86319,1,-
92da838173d9f753,GEMINI_2_0_FLASH,0c90171e89bb339e,paper=llm-sci-use,1,0.0,train,0.750973,1,-
92da838173d9f753,GEMINI_2_0_FLASH,0edd2d4cd7b7529a,paper=llm-sci-use,1,1.0,train,0.938629,1,-
92da838173d9f753,GEMINI_2_0_FLASH,c6a16e6f62e6ef02,paper=llm-sci-use,1,1.0,train,0.969508,1,-
92da838173d9f753,GEMINI_2_0_FLASH,250f5e211df3d9ff,paper=llm-sci-use,1,1.0,train,0.878446,1,-
92da838173d9f753,GEMINI_2_0_FLASH,7e82e0bea2b56da3,paper=llm-sci-use,1,1.0,train,0.963997,1,-
92da838173d9f753,GEMINI_2_0_FLASH,48940aa8282611eb,paper=llm-sci-use,1,1.0,train,0.953396,1,-
92da838173d9f753,GEMINI_2_0_FLASH,218d5eb98a04793d,paper=llm-sci-use,1,1.0,train,0.939936,1,-
92da838173d9f753,GEMINI_2_0_FLASH,ddfea7cd67d97dcf,paper=llm-sci-use,1,1.0,train,0.738857,1,-
92da838173d9f753,GEMINI_2_0_FLASH,516dfd860adcca15,paper=llm-sci-use,1,0.0,train,0.000289,0,-
92da838173d9f753,GEMINI_2_0_FLASH,dc55d7769f0bae70,paper=llm-sci-use,1,1.0,train,0.731077,1,-
92da838173d9f753,GEMINI_2_0_FLASH,0cf1c9c7d6b07086,paper=llm-sci-use,1,0.0,test,0.000225,0,match
92da838173d9f753,GEMINI_2_0_FLASH,634fdf0eae537d7b,paper=llm-sci-use,1,0.0,test,0.000233,0,match
7184624c9762b8b9,GPT_4O_2024_08_06,74ec6b7fa37539ee,paper=llm-sci-use,1,1.0,train,0.976669,1,-
7184624c9762b8b9,GPT_4O_2024_08_06,e534480b428704fb,paper=llm-sci-use,1,1.0,train,0.952943,1,-
7184624c9762b8b9,GPT_4O_2024_08_06,01d017acf7302a41,paper=llm-sci-use,1,1.0,train,0.900768,1,-
7184624c9762b8b9,GPT_4O_2024_08_06,0c90171e89bb339e,paper=llm-sci-use,1,1.0,train,0.812685,1,-
7184624c9762b8b9,GPT_4O_2024_08_06,0edd2d4cd7b7529a,paper=llm-sci-use,1,1.0,train,0.95653,1,-
7184624c9762b8b9,GPT_4O_2024_08_06,c6a16e6f62e6ef02,paper=llm-sci-use,1,1.0,train,0.978607,1,-
7184624c9762b8b9,GPT_4O_2024_08_06,250f5e211df3d9ff,paper=llm-sci-use,1,1.0,train,0.912259,1,-
7184624c9762b8b9,GPT_4O_2024_08_06,7e82e0bea2b56da3,paper=llm-sci-use,1,1.0,train,0.974698,1,-
7184624c9762b8b9,GPT_4O_2024_08_06,48940aa8282611eb,paper=llm-sci-use,1,1.0,train,0.96714,1,-
7184624c9762b8b9,GPT_4O_2024_08_06,218d5eb98a04793d,paper=llm-sci-use,1,1.0,train,0.957473,1,-
7184624c9762b8b9,GPT_4O_2024_08_06,ddfea7cd67d97dcf,paper=llm-sci-use,1,1.0,train,0.802784,1,-
7184624c9762b8b9,GPT_4O_2024_08_06,516dfd860adcca15,paper=llm-sci-use,1,0.0,train,0.000416,0,-
7184624c9762b8b9,GPT_4O_2024_08_06,dc55d7769f0bae70,paper=llm-sci-use,1,1.0,train,0.796383,1,-
7184624c9762b8b9,GPT_4O_2024_08_06,0cf1c9c7d6b07086,paper=llm-sci-use,1,0.0,test,0.000323,0,match
7184624c9762b8b9,GPT_4O_2024_08_06,634fdf0eae537d7b,paper=llm-sci-use,1,0.0,train,0.000335,0,-
3f126a3baa99198a,GPT_4O_MINI,74ec6b7fa37539ee,paper=llm-sci-use,1,1.0,train,0.873406,1,-
3f126a3baa99198a,GPT_4O_MINI,e534480b428704fb,paper=llm-sci-use,1,1.0,train,0.769453,1,-
3f126a3baa99198a,GPT_4O_MINI,01d017acf7302a41,paper=llm-sci-use,1,0.0,train,0.599365,1,-
3f126a3baa99198a,GPT_4O_MINI,0c90171e89bb339e,paper=llm-sci-use,1,0.0,train,0.416924,0,-
3f126a3baa99198a,GPT_4O_MINI,0edd2d4cd7b7529a,paper=llm-sci-use,1,1.0,train,0.783853,1,-
3f126a3baa99198a,GPT_4O_MINI,c6a16e6f62e6ef02,paper=llm-sci-use,1,1.0,test,0.882891,1,match
3f126a3baa99198a,GPT_4O_MINI,250f5e211df3d9ff,paper=llm-sci-use,1,1.0,train,0.63148,1,-
3f126a3baa99198a,GPT_4O_MINI,7e82e0bea2b56da3,paper=llm-sci-use,1,1.0,train,0.863923,1,-
3f126a3baa99198a,GPT_4O_MINI,48940aa8282611eb,paper=llm-sci-use,1,1.0,train,0.829081,1,-
3f126a3baa99198a,GPT_4O_MINI,218d5eb98a04793d,paper=llm-sci-use,1,1.0,train,0.787712,1,-
3f126a3baa99198a,GPT_4O_MINI,ddfea7cd67d97dcf,paper=llm-sci-use,1,1.0,train,0.401508,0,-
3f126a3baa99198a,GPT_4O_MINI,516dfd860adcca15,paper=llm-sci-use,1,0.0,test,6.9e-05,0,match
3f126a3baa99198a,GPT_4O_MINI,dc55d7769f0bae70,paper=llm-sci-use,1,1.0,train,0.391948,0,-
3f126a3baa99198a,GPT_4O_MINI,0cf1c9c7d6b07086,paper=llm-sci-use,1,0.0,train,5.3e-05,0,-
3f126a3baa99198a,GPT_4O_MINI,634fdf0eae537d7b,paper=llm-sci-use,1,0.0,test,5.5e-05,0,match
21a139c20bbac1e2,O3_MINI_HIGH,74ec6b7fa37539ee,paper=llm-sci-use,1,1.0,train,0.9947,1,-
21a139c20bbac1e2,O3_MINI_HIGH,e534480b428704fb,paper=llm-sci-use,1,1.0,train,0.989105,1,-
21a139c20bbac1e2,O3_MINI_HIGH,01d017acf7302a41,paper=llm-sci-use,1,1.0,train,0.976016,1,-
21a139c20bbac1e2,O3_MINI_HIGH,0c90171e89bb339e,paper=llm-sci-use,1,1.0,train,0.951101,1,-
21a139c20bbac1e2,O3_MINI_HIGH,0edd2d4cd7b7529a,paper=llm-sci-use,1,1.0,train,0.989964,1,-
21a139c20bbac1e2,O3_MINI_HIGH,c6a16e6f62e6ef02,paper=llm-sci-use,1,1.0,train,0.995147,1,-
21a139c20bbac1e2,O3_MINI_HIGH,250f5e211df3d9ff,paper=llm-sci-use,1,1.0,train,0.978997,1,-
21a139c20bbac1e2,O3_MINI_HIGH,7e82e0bea2b56da3,paper=llm-sci-use,1,1.0,train,0.994243,1,-
21a139c20bbac1e2,O3_MINI_HIGH,48940aa8282611eb,paper=llm-sci-use,1,1.0,train,0.992478,1,-
21a139c20bbac1e2,O3_MINI_HIGH,218d5eb98a04793d,paper=llm-sci-use,1,0.0,train,0.99019,1,-
21a139c20bbac1e2,O3_MINI_HIGH,ddfea7cd67d97dcf,paper=llm-sci-use,1,1.0,train,0.948048,1,-
21a139c20bbac1e2,O3_MINI_HIGH,516dfd860adcca15,paper=llm-sci-use,1,0.0,train,0.001861,0,-
21a139c20bbac1e2,O3_MINI_HIGH,dc55d7769f0bae70,paper=llm-sci-use,1,1.0,train,0.946045,1,-
21a139c20bbac1e2,O3_MINI_HIGH,0cf1c9c7d6b07086,paper=llm-sci-use,1,0.0,train,0.001448,0,-
21a139c20bbac1e2,O3_MINI_HIGH,634fdf0eae537d7b,paper=llm-sci-use,1,0.0,train,0.001499,0,-
22e9aca88e136167,DEEPSEEK_R1,74ec6b7fa37539ee,paper=llm-sci-use,1,1.0,train,0.98353,1,-
22e9aca88e136167,DEEPSEEK_R1,e534480b428704fb,paper=llm-sci-use,1,1.0,train,0.966542,1,-
22e9aca88e136167,DEEPSEEK_R1,01d017acf7302a41,paper=llm-sci-use,1,1.0,train,0.92831,1,-
22e9aca88e136167,DEEPSEEK_R1,0c90171e89bb339e,paper=llm-sci-use,1,1.0,train,0.8609,1,-
22e9aca88e136167,DEEPSEEK_R1,0edd2d4cd7b7529a,paper=llm-sci-use,1,1.0,train,0.969126,1,-
22e9aca88e136167,DEEPSEEK_R1,c6a16e6f62e6ef02,paper=llm-sci-use,1,1.0,train,0.984907,1,-
22e9aca88e136167,DEEPSEEK_R1,250f5e211df3d9ff,paper=llm-sci-use,1,1.0,train,0.936836,1,-
22e9aca88e136167,DEEPSEEK_R1,7e82e0bea2b56da3,paper=llm-sci-use,1,1.0,train,0.982128,1,-
22e9aca88e136167,DEEPSEEK_R1,48940aa8282611eb,paper=llm-sci-use,1,1.0,train,0.976737,1,-
22e9aca88e136167,DEEPSEEK_R1,218d5eb98a04793d,paper=llm-sci-use,1,1.0,train,0.969804,1,-
22e9aca88e136167,DEEPSEEK_R1,ddfea7cd67d97dcf,paper=llm-sci-use,1,0.0,train,0.853086,1,-
22e9aca88e136167,DEEPSEEK_R1,516dfd860adcca15,paper=llm-sci-use,1,0.0,train,0.000593,0,-
22e9aca88e136167,DEEPSEEK_R1,dc55d7769f0bae70,paper=llm-sci-use,1,1.0,test,0.848009,1,match
22e9aca88e136167,DEEPSEEK_R1,0cf1c9c7d6b07086,paper=llm-sci-use,1,0.0,train,0.000461,0,-
22e9aca88e136167,DEEPSEEK_R1,634fdf0eae537d7b,paper=llm-sci-use,1,0.0,train,0.000478,0,-
1872c1340f216012,O1_HIGH,74ec6b7fa37539ee,paper=llm-sci-use,1,1.0,train,0.989338,1,-
1872c1340f216012,O1_HIGH,e534480b428704fb,paper=llm-sci-use,1,0.0,train,0.978207,1,-
1872c1340f216012,O1_HIGH,01d017acf7302a41,paper=llm-sci-use,1,1.0,test,0.952651,1,match
1872c1340f216012,O1_HIGH,0c90171e89bb339e,paper=llm-sci-use,1,1.0,train,0.905806,1,-
1872c1340f216012,O1_HIGH,0edd2d4cd7b7529a,paper=llm-sci-use,1,1.0,test,0.979908,1,match
1872c1340f216012,O1_HIGH,c6a16e6f62e6ef02,paper=llm-sci-use,1,1.0,train,0.990234,1,-
1872c1340f216012,O1_HIGH,250f5e211df3d9ff,paper=llm-sci-use,1,1.0,test,0.958412,1,match
1872c1340f216012,O1_HIGH,7e82e0bea2b56da3,paper=llm-sci-use,1,1.0,test,0.988424,1,match
1872c1340f216012,O1_HIGH,48940aa8282611eb,paper=llm-sci-use,1,1.0,train,0.984903,1,-
1872c1340f216012,O1_HIGH,218d5eb98a04793d,paper=llm-sci-use,1,1.0,train,0.980355,1,-
1872c1340f216012,O1_HIGH,ddfea7cd67d97dcf,paper=llm-sci-use,1,1.0,train,0.900223,1,-
1872c1340f216012,O1_HIGH,516dfd860adcca15,paper=llm-sci-use,1,0.0,train,0.000921,0,-
1872c1340f216012,O1_HIGH,dc55d7769f0bae70,paper=llm-sci-use,1,0.0,train,0.896577,1,-
1872c1340f216012,O1_HIGH,0cf1c9c7d6b07086,paper=llm-sci-use,1,0.0,test,0.000716,0,match
1872c1340f216012,O1_HIGH,634fdf0eae537d7b,paper=llm-sci-use,1,0.0,train,0.000742,0,-
8d49a7a13f10df7f,GPT_4_1,74ec6b7fa37539ee,paper=llm-sci-use,1,1.0,train,0.991682,1,-
8d49a7a13f10df7f,GPT_4_1,e534480b428704fb,paper=llm-sci-use,1,1.0,train,0.982956,1,-
8d49a7a13f10df7f,GPT_4_1,01d017acf7302a41,paper=llm-sci-use,1,1.0,test,0.962757,1,match
8d49a7a13f10df7f,GPT_4_1,0c90171e89bb339e,paper=llm-sci-use,1,1.0,train,0.925125,1,-
8d49a7a13f10df7f,GPT_4_1,0edd2d4cd7b7529a,paper=llm-sci-use,1,1.0,train,0.984293,1,-
8d49a7a13f10df7f,GPT_4_1,c6a16e6f62e6ef02,paper=llm-sci-use,1,1.0,train,0.992382,1,-
8d49a7a13f10df7f,GPT_4_1,250f5e211df3d9ff,paper=llm-sci-use,1,1.0,train,0.96733,1,-
8d49a7a13f10df7f,GPT_4_1,7e82e0bea2b56da3,paper=llm-sci-use,1,1.0,train,0.990967,1,-
8d49a7a13f10df7f,GPT_4_1,48940aa8282611eb,paper=llm-sci-use,1,1.0,train,0.98821,1,-
8d49a7a13f10df7f,GPT_4_1,218d5eb98a04793d,paper=llm-sci-use,1,1.0,test,0.984643,1,match
8d49a7a13f10df7f,GPT_4_1,ddfea7cd67d97dcf,paper=llm-sci-use,1,1.0,train,0.920586,1,-
8d49a7a13f10df7f,GPT_4_1,516dfd860adcca15,paper=llm-sci-use,1,0.0,train,0.001183,0,-
8d49a7a13f10df7f,GPT_4_1,dc55d7769f0bae70,paper=llm-sci-use,1,0.0,train,0.917617,1,-
8d49a7a13f10df7f,GPT_4_1,0cf1c9c7d6b07086,paper=llm-sci-use,1,0.0,train,0.00092,0,-
8d49a7a13f10df7f,GPT_4_1,634fdf0eae537d7b,paper=llm-sci-use,1,0.0,train,0.000953,0,-
efdd1f09f2fb64b9,GPT_4_1_MINI,74ec6b7fa37539ee,paper=llm-sci-use,1,1.0,test,0.982031,1,match
efdd1f09f2fb64b9,GPT_4_1_MINI,e534480b428704fb,paper=llm-sci-use,1,1.0,train,0.963554,1,-
efdd1f09f2fb64b9,GPT_4_1_MINI,01d017acf7302a41,paper=llm-sci-use,1,1.0,train,0.922183,1,-
efdd1f09f2fb64b9,GPT_4_1_MINI,0c90171e89bb339e,paper=llm-sci-use,1,1.0,train,0.849943,1,-
efdd1f09f2fb64b9,GPT_4_1_MINI,0edd2d4cd7b7529a,paper=llm-sci-use,1,1.0,train,0.96636,1,-
efdd1f09f2fb64b9,GPT_4_1_MINI,c6a16e6f62e6ef02,paper=llm-sci-use,1,1.0,test,0.983531,1,match
efdd1f09f2fb64b9,GPT_4_1_MINI,250f5e211df3d9ff,paper=llm-sci-use,1,1.0,test,0.931384,1,match
efdd1f09f2fb64b9,GPT_4_1_MINI,7e82e0bea2b56da3,paper=llm-sci-use,1,1.0,test,0.980503,1,match
efdd1f09f2fb64b9,GPT_4_1_MINI,48940aa8282611eb,paper=llm-sci-use,1,1.0,train,0.974635,1,-
efdd1f09f2fb64b9,GPT_4_1_MINI,218d5eb98a04793d,paper=llm-sci-use,1,1.0,train,0.967098,1,-
efdd1f09f2fb64b9,GPT_4_1_MINI,ddfea7cd67d97dcf,paper=llm-sci-use,1,0.0,train,0.841627,1,-
efdd1f09f2fb64b9,GPT_4_1_MINI,516dfd860adcca15,paper=llm-sci-use,1,0.0,train,0.000543,0,-
efdd1f09f2fb64b9,GPT_4_1_MINI,dc55d7769f0bae70,paper=llm-sci-use,1,1.0,train,0.83623,1,-
efdd1f09f2fb64b9,GPT_4_1_MINI,0cf1c9c7d6b07086,paper=llm-sci-use,1,0.0,train,0.000422,0,-
efdd1f09f2fb64b9,GPT_4_1_MINI,634fdf0eae537d7b,paper=llm-sci-use,1,0.0,train,0.000437,0,-
be16a6de1e20efee,GPT_4_1_NANO,74ec6b7fa37539ee,paper=llm-sci-use,1,1.0,train,0.748723,1,-
be16a6de1e20efee,GPT_4_1_NANO,e534480b428704fb,paper=llm-sci-use,1,1.0,train,0.5904,1,-
be16a6de1e20efee,GPT_4_1_NANO,01d017acf7302a41,paper=llm-sci-use,1,1.0,train,0.392507,0,-
be16a6de1e20efee,GPT_4_1_NANO,0c90171e89bb339e,paper=llm-sci-use,1,0.0,train,0.235949,0,-
be16a6de1e20efee,GPT_4_1_NANO,0edd2d4cd7b7529a,paper=llm-sci-use,1,1.0,train,0.61032,1,-
be16a6de1e20efee,GPT_4_1_NANO,c6a16e6f62e6ef02,paper=llm-sci-use,1,0.0,train,0.765037,1,-
be16a6de1e20efee,GPT_4_1_NANO,250f5e211df3d9ff,paper=llm-sci-use,1,1.0,train,0.425305,0,-
be16a6de1e20efee,GPT_4_1_NANO,7e82e0bea2b56da3,paper=llm-sci-use,1,1.0,train,0.732757,1,-
be16a6de1e20efee,GPT_4_1_NANO,48940aa8282611eb,paper=llm-sci-use,1,1.0,train,0.676892,1,-
be16a6de1e20efee,GPT_4_1_NANO,218d5eb98a04793d,paper=llm-sci-use,1,0.0,test,0.615758,1,miss
be16a6de1e20efee,GPT_4_1_NANO,ddfea7cd67d97dcf,paper=llm-sci-use,1,1.0,train,0.224646,0,-
be16a6de1e20efee,GPT_4_1_NANO,516dfd860adcca15,paper=llm-sci-use,1,0.0,train,3e-05,0,-
be16a6de1e20efee,GPT_4_1_NANO,dc55d7769f0bae70,paper=llm-sci-use,1,1.0,train,0.217766,0,-
be16a6de1e20efee,GPT_4_1_NANO,0cf1c9c7d6b07086,paper=llm-sci-use,1,0.0,train,2.3e-05,0,-
be16a6de1e20efee,GPT_4_1_NANO,634fdf0eae537d7b,paper=llm-sci-use,1,0.0,test,2.4e-05,0,match
1c618d9d58429b09,O3_HIGH,74ec6b7fa37539ee,paper=llm-sci-use,1,0.0,train,0.996535,1,-
1c618d9d58429b09,O3_HIGH,e534480b428704fb,paper=llm-sci-use,1,1.0,test,0.992863,1,match
1c618d9d58429b09,O3_HIGH,01d017acf7302a41,paper=llm-sci-use,1,1.0,test,0.984217,1,match
1c618d9d58429b09,O3_HIGH,0c90171e89bb339e,paper=llm-sci-use,1,1.0,test,0.967538,1,match
1c618d9d58429b09,O3_HIGH,0edd2d4cd7b7529a,paper=llm-sci-use,1,1.0,train,0.993428,1,-
1c618d9d58429b09,O3_HIGH,c6a16e6f62e6ef02,paper=llm-sci-use,1,1.0,test,0.996828,1,match
1c618d9d58429b09,O3_HIGH,250f5e211df3d9ff,paper=llm-sci-use,1,1.0,train,0.986193,1,-
1c618d9d58429b09,O3_HIGH,7e82e0bea2b56da3,paper=llm-sci-use,1,1.0,train,0.996236,1,-
1c618d9d58429b09,O3_HIGH,48940aa8282611eb,paper=llm-sci-use,1,1.0,test,0.995079,1,match
1c618d9d58429b09,O3_HIGH,218d5eb98a04793d,paper=llm-sci-use,1,1.0,train,0.993576,1,-
1c618d9d58429b09,O3_HIGH,ddfea7cd67d97dcf,paper=llm-sci-use,1,1.0,train,0.965475,1,-
1c618d9d58429b09,O3_HIGH,516dfd860adcca15,paper=llm-sci-use,1,0.0,train,0.00285,0,-
1c618d9d58429b09,O3_HIGH,dc55d7769f0bae70,paper=llm-sci-use,1,1.0,train,0.964118,1,-
1c618d9d58429b09,O3_HIGH,0cf1c9c7d6b07086,paper=llm-sci-use,1,0.0,test,0.002217,0,match
1c618d9d58429b09,O3_HIGH,634fdf0eae537d7b,paper=llm-sci-use,1,0.0,train,0.002296,0,-
bce3d3ee52ef698f,CLAUDE_3_5_SONNET_2024_10_22,74ec6b7fa37539ee,paper=llm-sci-use,1,1.0,train,0.988157,1,-
bce3d3ee52ef698f,CLAUDE_3_5_SONNET_2024_10_22,e534480b428704fb,paper=llm-sci-use,1,1.0,train,0.975823,1,-
bce3d3ee52ef698f,CLAUDE_3_5_SONNET_2024_10_22,01d017acf7302a41,paper=llm-sci-use,1,1.0,train,0.947623,1,-
bce3d3ee52ef698f,CLAUDE_3_5_SONNET_2024_10_22,0c90171e89bb339e,paper=llm-sci-use,1,0.0,train,0.896345,1,-
bce3d3ee52ef698f,CLAUDE_3_5_SONNET_2024_10_22,0edd2d4cd7b7529a,paper=llm-sci-use,1,1.0,train,0.977707,1,-
bce3d3ee52ef698f,CLAUDE_3_5_SONNET_2024_10_22,c6a16e6f62e6ef02,paper=llm-sci-use,1,1.0,test,0.989151,1,match
bce3d3ee52ef698f,CLAUDE_3_5_SONNET_2024_10_22,250f5e211df3d9ff,paper=llm-sci-use,1,0.0,train,0.953966,1,-
bce3d3ee52ef698f,CLAUDE_3_5_SONNET_2024_10_22,7e82e0bea2b56da3,paper=llm-sci-use,1,1.0,train,0.987143,1,-
bce3d3ee52ef698f,CLAUDE_3_5_SONNET_2024_10_22,48940aa8282611eb,paper=llm-sci-use,1,1.0,test,0.983239,1,match
bce3d3ee52ef698f,CLAUDE_3_5_SONNET_2024_10_22,218d5eb98a04793d,paper=llm-sci-use,1,1.0,train,0.978201,1,-
bce3d3ee52ef698f,CLAUDE_3_5_SONNET_2024_10_22,ddfea7cd67d97dcf,paper=llm-sci-use,1,1.0,train,0.890268,1,-
bce3d3ee52ef698f,CLAUDE_3_5_SONNET_2024_10_22,516dfd860adcca15,paper=llm-sci-use,1,0.0,train,0.000828,0,-
bce3d3ee52ef698f,CLAUDE_3_5_SONNET_2024_10_22,dc55d7769f0bae70,paper=llm-sci-use,1,1.0,train,0.886305,1,-
bce3d3ee52ef698f,CLAUDE_3_5_SONNET_2024_10_22,0cf1c9c7d6b07086,paper=llm-sci-use,1,0.0,train,0.000644,0,-
bce3d3ee52ef698f,CLAUDE_3_5_SONNET_2024_10_22,634fdf0eae537d7b,paper=llm-sci-use,1,0.0,train,0.000667,0,-
39edf3fbaacf1629,CLAUDE_3_7_SONNET_2025_02_19,74ec6b7fa37539ee,paper=llm-sci-use,1,1.0,train,0.991705,1,-
39edf3fbaacf1629,CLAUDE_3_7_SONNET_2025_02_19,e534480b428704fb,paper=llm-sci-use,1,1.0,train,0.983003,1,-
39edf3fbaacf1629,CLAUDE_3_7_SONNET_2025_02_19,01d017acf7302a41,paper=llm-sci-use,1,1.0,train,0.962859,1,-
39edf3fbaacf1629,CLAUDE_3_7_SONNET_2025_02_19,0c90171e89bb339e,paper=llm-sci-use,1,1.0,train,0.925321,1,-
39edf3fbaacf1629,CLAUDE_3_7_SONNET_2025_02_19,0edd2d4cd7b7529a,paper=llm-sci-use,1,1.0,train,0.984336,1,-
39edf3fbaacf1629,CLAUDE_3_7_SONNET_2025_02_19,c6a16e6f62e6ef02,paper=llm-sci-use,1,1.0,train,0.992404,1,-
39edf3fbaacf1629,CLAUDE_3_7_SONNET_2025_02_19,250f5e211df3d9ff,paper=llm-sci-use,1,1.0,test,0.96742,1,match
39edf3fbaacf1629,CLAUDE_3_7_SONNET_2025_02_19,7e82e0bea2b56da3,paper=llm-sci-use,1,1.0,test,0.990992,1,match
39edf3fbaacf1629,CLAUDE_3_7_SONNET_2025_02_19,48940aa8282611eb,paper=llm-sci-use,1,1.0,test,0.988243,1,match
39edf3fbaacf1629,CLAUDE_3_7_SONNET_2025_02_19,218d5eb98a04793d,paper=llm-sci-use,1,1.0,test,0.984686,1,match
39edf3fbaacf1629,CLAUDE_3_7_SONNET_2025_02_19,ddfea7cd67d97dcf,paper=llm-sci-use,1,1.0,train,0.920793,1,-
39edf3fbaacf1629,CLAUDE_3_7_SONNET_2025_02_19,516dfd860adcca15,paper=llm-sci-use,1,0.0,train,0.001187,0,-
39edf3fbaacf1629,CLAUDE_3_7_SONNET_2025_02_19,dc55d7769f0bae70,paper=llm-sci-use,1,0.0,train,0.917831,1,-
39edf3fbaacf1629,CLAUDE_3_7_SONNET_2025_02_19,0cf1c9c7d6b07086,paper=llm-sci-use,1,0.0,train,0.000923,0,-
39edf3fbaacf1629,CLAUDE_3_7_SONNET_2025_02_19,634fdf0eae537d7b,paper=llm-sci-use,1,0.0,train,0.000956,0,-
a531ea372ae4b71d,GROK_3_BETA,74ec6b7fa37539ee,paper=llm-sci-use,1,1.0,train,0.977451,1,-
a531ea372ae4b71d,GROK_3_BETA,e534480b428704fb,paper=llm-sci-use,1,1.0,test,0.954482,1,match
a531ea372ae4b71d,GROK_3_BETA,01d017acf7302a41,paper=llm-sci-use,1,1.0,train,0.903841,1,-
a531ea372ae4b71d,GROK_3_BETA,0c90171e89bb339e,paper=llm-sci-use,1,1.0,train,0.817935,1,-
a531ea372ae4b71d,GROK_3_BETA,0edd2d4cd7b7529a,paper=llm-sci-use,1,1.0,train,0.957956,1,-
a531ea372ae4b71d,GROK_3_BETA,c6a16e6f62e6ef02,paper=llm-sci-use,1,1.0,train,0.979325,1,-
a531ea372ae4b71d,GROK_3_BETA,250f5e211df3d9ff,paper=llm-sci-use,1,1.0,test,0.91501,1,match
a531ea372ae4b71d,GROK_3_BETA,7e82e0bea2b56da3,paper=llm-sci-use,1,1.0,train,0.975543,1,-
a531ea372ae4b71d,GROK_3_BETA,48940aa8282611eb,paper=llm-sci-use,1,1.0,train,0.968231,1,-
a531ea372ae4b71d,GROK_3_BETA,218d5eb98a04793d,paper=llm-sci-use,1,1.0,train,0.95887,1,-
a531ea372ae4b71d,GROK_3_BETA,ddfea7cd67d97dcf,paper=llm-sci-use,1,1.0,test,0.808245,1,match
a531ea372ae4b71d,GROK_3_BETA,516dfd860adcca15,paper=llm-sci-use,1,0.0,train,0.000431,0,-
a531ea372ae4b71d,GROK_3_BETA,dc55d7769f0bae70,paper=llm-sci-use,1,0.0,train,0.801978,1,-
a531ea372ae4b71d,GROK_3_BETA,0cf1c9c7d6b07086,paper=llm-sci-use,1,0.0,train,0.000335,0,-
a531ea372ae4b71d,GROK_3_BETA,634fdf0eae537d7b,paper=llm-sci-use,1,0.0,train,0.000347,0,-
ac78f79a36a11b0e,GEMINI_2_5_PRO_PREVIEW_03_25,74ec6b7fa37539ee,paper=llm-sci-use,1,1.0,train,0.997227,1,-
ac78f79a36a11b0e,GEMINI_2_5_PRO_PREVIEW_03_25,e534480b428704fb,paper=llm-sci-use,1,1.0,train,0.994284,1,-
ac78f79a36a11b0e,GEMINI_2_5_PRO_PREVIEW_03_25,01d017acf7302a41,paper=llm-sci-use,1,1.0,train,0.987338,1,-
ac78f79a36a11b0e,GEMINI_2_5_PRO_PREVIEW_03_25,0c90171e89bb339e,paper=llm-sci-use,1,1.0,test,0.973869,1,match
ac78f79a36a11b0e,GEMINI_2_5_PRO_PREVIEW_03_25,0edd2d4cd7b7529a,paper=llm-sci-use,1,1.0,test,0.994737,1,match
ac78f79a36a11b0e,GEMINI_2_5_PRO_PREVIEW_03_25,c6a16e6f62e6ef02,paper=llm-sci-use,1,1.0,train,0.997462,1,-
ac78f79a36a11b0e,GEMINI_2_5_PRO_PREVIEW_03_25,250f5e211df3d9ff,paper=llm-sci-use,1,1.0,train,0.988927,1,-
ac78f79a36a11b0e,GEMINI_2_5_PRO_PREVIEW_03_25,7e82e0bea2b56da3,paper=llm-sci-use,1,1.0,train,0.996987,1,-
ac78f79a36a11b0e,GEMINI_2_5_PRO_PREVIEW_03_25,48940aa8282611eb,paper=llm-sci-use,1,1.0,train,0.99606,1,-
ac78f79a36a11b0e,GEMINI_2_5_PRO_PREVIEW_03_25,218d5eb98a04793d,paper=llm-sci-use,1,1.0,train,0.994856,1,-
ac78f79a36a11b0e,GEMINI_2_5_PRO_PREVIEW_03_25,ddfea7cd67d97dcf,paper=llm-sci-use,1,1.0,test,0.972196,1,match
ac78f79a36a11b0e,GEMINI_2_5_PRO_PREVIEW_03_25,516dfd860adcca15,paper=llm-sci-use,1,0.0,test,0.00356,0,match
ac78f79a36a11b0e,GEMINI_2_5_PRO_PREVIEW_03_25,dc55d7769f0bae70,paper=llm-sci-use,1,1.0,train,0.971096,1,-
ac78f79a36a11b0e,GEMINI_2_5_PRO_PREVIEW_03_25,0cf1c9c7d6b07086,paper=llm-sci-use,1,0.0,train,0.002771,0,-
ac78f79a36a11b0e,GEMINI_2_5_PRO_PREVIEW_03_25,634fdf0eae537d7b,paper=llm-sci-use,1,0.0,train,0.002869,0,-
b97dccb68ad1d70a,OPENROUTER_DEEPSEEK_CHAT_V3_0324,74ec6b7fa37539ee,paper=llm-sci-use,1,1.0,test,0.979732,1,match
b97dccb68ad1d70a,OPENROUTER_DEEPSEEK_CHAT_V3_0324,e534480b428704fb,paper=llm-sci-use,1,1.0,train,0.958989,1,-
b97dccb68ad1d70a,OPENROUTER_DEEPSEEK_CHAT_V3_0324,01d017acf7302a41,paper=llm-sci-use,1,1.0,train,0.912905,1,-
b97dccb68ad1d70a,OPENROUTER_DEEPSEEK_CHAT_V3_0324,0c90171e89bb339e,paper=llm-sci-use,1,1.0,train,0.833606,1,-
b97dccb68ad1d70a,OPENROUTER_DEEPSEEK_CHAT_V3_0324,0edd2d4cd7b7529a,paper=llm-sci-use,1,1.0,train,0.962133,1,-
b97dccb68ad1d70a,OPENROUTER_DEEPSEEK_CHAT_V3_0324,c6a16e6f62e6ef02,paper=llm-sci-use,1,1.0,test,0.98142,1,match
b97dccb68ad1d70a,OPENROUTER_DEEPSEEK_CHAT_V3_0324,250f5e211df3d9ff,paper=llm-sci-use,1,1.0,train,0.923111,1,-
b97dccb68ad1d70a,OPENROUTER_DEEPSEEK_CHAT_V3_0324,7e82e0bea2b56da3,paper=llm-sci-use,1,1.0,train,0.978013,1,-
b97dccb68ad1d70a,OPENROUTER_DEEPSEEK_CHAT_V3_0324,48940aa8282611eb,paper=llm-sci-use,1,1.0,train,0.971417,1,-
b97dccb68ad1d70a,OPENROUTER_DEEPSEEK_CHAT_V3_0324,218d5eb98a04793d,paper=llm-sci-use,1,1.0,train,0.96296,1,-
b97dccb68ad1d70a,OPENROUTER_DEEPSEEK_CHAT_V3_0324,ddfea7cd67d97dcf,paper=llm-sci-use,1,0.0,train,0.824571,1,-
b97dccb68ad1d70a,OPENROUTER_DEEPSEEK_CHAT_V3_0324,516dfd860adcca15,paper=llm-sci-use,1,0.0,train,0.00048,0,-
b97dccb68ad1d70a,OPENROUTER_DEEPSEEK_CHAT_V3_0324,dc55d7769f0bae70,paper=llm-sci-use,1,1.0,train,0.818718,1,-
b97dccb68ad1d70a,OPENROUTER_DEEPSEEK_CHAT_V3_0324,0cf1c9c7d6b07086,paper=llm-sci-use,1,0.0,test,0.000373,0,match
b97dccb68ad1d70a,OPENROUTER_DEEPSEEK_CHAT_V3_0324,634fdf0eae537d7b,paper=llm-sci-use,1,0.0,train,0.000387,0,-
09f4a41bb2e2d341,QWEN_2_5_CODER_32B_INSTRUCT,74ec6b7fa37539ee,paper=llm-sci-use,1,1.0,train,0.901392,1,-
09f4a41bb2e2d341,QWEN_2_5_CODER_32B_INSTRUCT,e534480b428704fb,paper=llm-sci-use,1,1.0,train,0.815566,1,-
09f4a41bb2e2d341,QWEN_2_5_CODER_32B_INSTRUCT,01d017acf7302a41,paper=llm-sci-use,1,1.0,train,0.664672,1,-
09f4a41bb2e2d341,QWEN_2_5_CODER_32B_INSTRUCT,0c90171e89bb339e,paper=llm-sci-use,1,0.0,train,0.486491,0,-
09f4a41bb2e2d341,QWEN_2_5_CODER_32B_INSTRUCT,0edd2d4cd7b7529a,paper=llm-sci-use,1,0.0,train,0.82773,1,-
09f4a41bb2e2d341,QWEN_2_5_CODER_32B_INSTRUCT,c6a16e6f62e6ef02,paper=llm-sci-use,1,1.0,train,0.908998,1,-
09f4a41bb2e2d341,QWEN_2_5_CODER_32B_INSTRUCT,250f5e211df3d9ff,paper=llm-sci-use,1,1.0,train,0.694223,1,-
09f4a41bb2e2d341,QWEN_2_5_CODER_32B_INSTRUCT,7e82e0bea2b56da3,paper=llm-sci-use,1,1.0,train,0.89375,1,-
09f4a41bb2e2d341,QWEN_2_5_CODER_32B_INSTRUCT,48940aa8282611eb,paper=llm-sci-use,1,1.0,test,0.865355,1,match
09f4a41bb2e2d341,QWEN_2_5_CODER_32B_INSTRUCT,218d5eb98a04793d,paper=llm-sci-use,1,1.0,train,0.830975,1,-
09f4a41bb2e2d341,QWEN_2_5_CODER_32B_INSTRUCT,ddfea7cd67d97dcf,paper=llm-sci-use,1,1.0,train,0.470579,0,-
09f4a41bb2e2d341,QWEN_2_5_CODER_32B_INSTRUCT,516dfd860adcca15,paper=llm-sci-use,1,0.0,test,9.1e-05,0,match
09f4a41bb2e2d341,QWEN_2_5_CODER_32B_INSTRUCT,dc55d7769f0bae70,paper=llm-sci-use,1,1.0,train,0.460641,0,-
09f4a41bb2e2d341,QWEN_2_5_CODER_32B_INSTRUCT,0cf1c9c7d6b07086,paper=llm-sci-use,1,0.0,train,7.1e-05,0,-
09f4a41bb2e2d341,QWEN_2_5_CODER_32B_INSTRUCT,634fdf0eae537d7b,paper=llm-sci-use,1,0.0,train,7.3e-05,0,-
c117f9213dc5d8c9,LLAMA_3_3_70B_INSTRUCT,74ec6b7fa37539ee,paper=llm-sci-use,1,0.0,test,0.605957,1,miss
c117f9213dc5d8c9,LLAMA_3_3_70B_INSTRUCT,e534480b428704fb,paper=llm-sci-use,1,1.0,train,0.426574,0,-
c117f9213dc5d8c9,LLAMA_3_3_70B_INSTRUCT,01d017acf7302a41,paper=llm-sci-use,1,0.0,test,0.250068,0,match
c117f9213dc5d8c9,LLAMA_3_3_70B_INSTRUCT,0c90171e89bb339e,paper=llm-sci-use,1,1.0,test,0.137468,0,miss
c117f9213dc5d8c9,LLAMA_3_3_70B_INSTRUCT,0edd2d4cd7b7529a,paper=llm-sci-use,1,0.0,test,0.446998,0,match
c117f9213dc5d8c9,LLAMA_3_3_70B_INSTRUCT,c6a16e6f62e6ef02,paper=llm-sci-use,1,0.0,train,0.626921,1,-
c117f9213dc5d8c9,LLAMA_3_3_70B_INSTRUCT,250f5e211df3d9ff,paper=llm-sci-use,1,0.0,train,0.276378,0,-
c117f9213dc5d8c9,LLAMA_3_3_70B_INSTRUCT,7e82e0bea2b56da3,paper=llm-sci-use,1,0.0,train,0.585936,1,-
c117f9213dc5d8c9,LLAMA_3_3_70B_INSTRUCT,48940aa8282611eb,paper=llm-sci-use,1,1.0,train,0.519506,1,-
c117f9213dc5d8c9,LLAMA_3_3_70B_INSTRUCT,218d5eb98a04793d,paper=llm-sci-use,1,1.0,train,0.452672,0,-
c117f9213dc5d8c9,LLAMA_3_3_70B_INSTRUCT,ddfea7cd67d97dcf,paper=llm-sci-use,1,1.0,train,0.13008,0,-
c117f9213dc5d8c9,LLAMA_3_3_70B_INSTRUCT,516dfd860adcca15,paper=llm-sci-use,1,0.0,train,1.5e-05,0,-
c117f9213dc5d8c9,LLAMA_3_3_70B_INSTRUCT,dc55d7769f0bae70,paper=llm-sci-use,1,1.0,train,0.125626,0,-
c117f9213dc5d8c9,LLAMA_3_3_70B_INSTRUCT,0cf1c9c7d6b07086,paper=llm-sci-use,1,0.0,train,1.2e-05,0,-
c117f9213dc5d8c9,LLAMA_3_3_70B_INSTRUCT,634fdf0eae537d7b,paper=llm-sci-use,1,0.0,train,1.2e-05,0,-
b2436ce8ede11e03,OPENROUTER_O4_MINI_HIGH,74ec6b7fa37539ee,paper=llm-sci-use,1,1.0,test,0.995984,1,match
b2436ce8ede11e03,OPENROUTER_O4_MINI_HIGH,e534480b428704fb,paper=llm-sci-use,1,1.0,test,0.991733,1,match
b2436ce8ede11e03,OPENROUTER_O4_MINI_HIGH,01d017acf7302a41,paper=llm-sci-use,1,1.0,test,0.981743,1,match
b2436ce8ede11e03,OPENROUTER_O4_MINI_HIGH,0c90171e89bb339e,paper=llm-sci-use,1,1.0,train,0.96255,1,-
b2436ce8ede11e03,OPENROUTER_O4_MINI_HIGH,0edd2d4cd7b7529a,paper=llm-sci-use,1,1.0,train,0.992387,1,-
b2436ce8ede11e03,OPENROUTER_O4_MINI_HIGH,c6a16e6f62e6ef02,paper=llm-sci-use,1,1.0,train,0.996323,1,-
b2436ce8ede11e03,OPENROUTER_O4_MINI_HIGH,250f5e211df3d9ff,paper=llm-sci-use,1,1.0,test,0.984024,1,match
b2436ce8ede11e03,OPENROUTER_O4_MINI_HIGH,7e82e0bea2b56da3,paper=llm-sci-use,1,1.0,test,0.995637,1,match
b2436ce8ede11e03,OPENROUTER_O4_MINI_HIGH,48940aa8282611eb,paper=llm-sci-use,1,1.0,train,0.994297,1,-
b2436ce8ede11e03,OPENROUTER_O4_MINI_HIGH,218d5eb98a04793d,paper=llm-sci-use,1,1.0,train,0.992558,1,-
b2436ce8ede11e03,OPENROUTER_O4_MINI_HIGH,ddfea7cd67d97dcf,paper=llm-sci-use,1,1.0,train,0.960182,1,-
b2436ce8ede11e03,OPENROUTER_O4_MINI_HIGH,516dfd860adcca15,paper=llm-sci-use,1,0.0,test,0.002458,0,match
b2436ce8ede11e03,OPENROUTER_O4_MINI_HIGH,dc55d7769f0bae70,paper=llm-sci-use,1,0.0,train,0.958626,1,-
b2436ce8ede11e03,OPENROUTER_O4_MINI_HIGH,0cf1c9c7d6b07086,paper=llm-sci-use,1,0.0,train,0.001912,0,-
b2436ce8ede11e03,OPENROUTER_O4_MINI_HIGH,634fdf0eae537d7b,paper=llm-sci-use,1,0.0,train,0.00198,0,-
2bfd4cd36591d7f5,GROK_3_MINI_BETA_HIGH,74ec6b7fa37539ee,paper=llm-sci-use,1,0.0,train,0.831391,1,-
2bfd4cd36591d7f5,GROK_3_MINI_BETA_HIGH,e534480b428704fb,paper=llm-sci-use,1,1.0,train,0.704606,1,-
2bfd4cd36591d7f5,GROK_3_MINI_BETA_HIGH,01d017acf7302a41,paper=llm-sci-use,1,0.0,train,0.516724,1,-
2bfd4cd36591d7f5,GROK_3_MINI_BETA_HIGH,0c90171e89bb339e,paper=llm-sci-use,1,1.0,train,0.338203,0,-
2bfd4cd36591d7f5,GROK_3_MINI_BETA_HIGH,0edd2d4cd7b7529a,paper=llm-sci-use,1,0.0,train,0.72159,1,-
2bfd4cd36591d7f5,GROK_3_MINI_BETA_HIGH,c6a16e6f62e6ef02,paper=llm-sci-use,1,1.0,test,0.84346,1,match
2bfd4cd36591d7f5,GROK_3_MINI_BETA_HIGH,250f5e211df3d9ff,paper=llm-sci-use,1,0.0,train,0.550496,1,-
2bfd4cd36591d7f5,GROK_3_MINI_BETA_HIGH,7e82e0bea2b56da3,paper=llm-sci-use,1,1.0,train,0.819411,1,-
2bfd4cd36591d7f5,GROK_3_MINI_BETA_HIGH,48940aa8282611eb,paper=llm-sci-use,1,0.0,train,0.776126,1,-
2bfd4cd36591d7f5,GROK_3_MINI_BETA_HIGH,218d5eb98a04793d,paper=llm-sci-use,1,1.0,train,0.726173,1,-
2bfd4cd36591d7f5,GROK_3_MINI_BETA_HIGH,ddfea7cd67d97dcf,paper=llm-sci-use,1,0.0,train,0.32408,0,-
2bfd4cd36591d7f5,GROK_3_MINI_BETA_HIGH,516dfd860adcca15,paper=llm-sci-use,1,0.0,train,4.9e-05,0,-
2bfd4cd36591d7f5,GROK_3_MINI_BETA_HIGH,dc55d7769f0bae70,paper=llm-sci-use,1,0.0,train,0.315393,0,-
2bfd4cd36591d7f5,GROK_3_MINI_BETA_HIGH,0cf1c9c7d6b07086,paper=llm-sci-use,1,0.0,test,3.8e-05,0,match
2bfd4cd36591d7f5,GROK_3_MINI_BETA_HIGH,634fdf0eae537d7b,paper=llm-sci-use,1,0.0,test,3.9e-05,0,match
9dafe621e945d614,GROK_2_1212,74ec6b7fa37539ee,paper=llm-sci-use,1,1.0,train,0.84308,1,-
9dafe621e945d614,GROK_2_1212,e534480b428704fb,paper=llm-sci-use,1,1.0,train,0.722146,1,-
9dafe621e945d614,GROK_2_1212,01d017acf7302a41,paper=llm-sci-use,1,0.0,train,0.538107,1,-
9dafe621e945d614,GROK_2_1212,0c90171e89bb339e,paper=llm-sci-use,1,1.0,train,0.357666,0,-
9dafe621e945d614,GROK_2_1212,0edd2d4cd7b7529a,paper=llm-sci-use,1,1.0,train,0.738496,1,-
9dafe621e945d614,GROK_2_1212,c6a16e6f62e6ef02,paper=llm-sci-use,1,1.0,train,0.854458,1,-
9dafe621e945d614,GROK_2_1212,250f5e211df3d9ff,paper=llm-sci-use,1,1.0,train,0.571623,1,-
9dafe621e945d614,GROK_2_1212,7e82e0bea2b56da3,paper=llm-sci-use,1,0.0,train,0.831762,1,-
9dafe621e945d614,GROK_2_1212,48940aa8282611eb,paper=llm-sci-use,1,1.0,train,0.790681,1,-
9dafe621e945d614,GROK_2_1212,218d5eb98a04793d,paper=llm-sci-use,1,1.0,test,0.742899,1,match
9dafe621e945d614,GROK_2_1212,ddfea7cd67d97dcf,paper=llm-sci-use,1,0.0,test,0.343151,0,match
9dafe621e945d614,GROK_2_1212,516dfd860adcca15,paper=llm-sci-use,1,0.0,train,5.3e-05,0,-
9dafe621e945d614,GROK_2_1212,dc55d7769f0bae70,paper=llm-sci-use,1,0.0,train,0.334205,0,-
9dafe621e945d614,GROK_2_1212,0cf1c9c7d6b07086,paper=llm-sci-use,1,0.0,test,4.2e-05,0,match
9dafe621e945d614,GROK_2_1212,634fdf0eae537d7b,paper=llm-sci-use,1,0.0,train,4.3e-05,0,-
8d84404dc2cabd80,OPENROUTER_CLAUDE_3_5_HAIKU,74ec6b7fa37539ee,paper=llm-sci-use,1,1.0,test,0.973579,1,match
8d84404dc2cabd80,OPENROUTER_CLAUDE_3_5_HAIKU,e534480b428704fb,paper=llm-sci-use,1,0.0,test,0.94688,1,miss
8d84404dc2cabd80,OPENROUTER_CLAUDE_3_5_HAIKU,01d017acf7302a41,paper=llm-sci-use,1,1.0,train,0.888768,1,-
8d84404dc2cabd80,OPENROUTER_CLAUDE_3_5_HAIKU,0c90171e89bb339e,paper=llm-sci-use,1,0.0,test,0.792487,1,miss
8d84404dc2cabd80,OPENROUTER_CLAUDE_3_5_HAIKU,0edd2d4cd7b7529a,paper=llm-sci-use,1,1.0,train,0.950905,1,-
8d84404dc2cabd80,OPENROUTER_CLAUDE_3_5_HAIKU,c6a16e6f62e6ef02,paper=llm-sci-use,1,1.0,train,0.975767,1,-
8d84404dc2cabd80,OPENROUTER_CLAUDE_3_5_HAIKU,250f5e211df3d9ff,paper=llm-sci-use,1,1.0,test,0.901497,1,match
8d84404dc2cabd80,OPENROUTER_CLAUDE_3_5_HAIKU,7e82e0bea2b56da3,paper=llm-sci-use,1,1.0,train,0.971354,1,-
8d84404dc2cabd80,OPENROUTER_CLAUDE_3_5_HAIKU,48940aa8282611eb,paper=llm-sci-use,1,1.0,train,0.962836,1,-
8d84404dc2cabd80,OPENROUTER_CLAUDE_3_5_HAIKU,218d5eb98a04793d,paper=llm-sci-use,1,1.0,train,0.951965,1,-
8d84404dc2cabd80,OPENROUTER_CLAUDE_3_5_HAIKU,ddfea7cd67d97dcf,paper=llm-sci-use,1,1.0,train,0.781805,1,-
8d84404dc2cabd80,OPENROUTER_CLAUDE_3_5_HAIKU,516dfd860adcca15,paper=llm-sci-use,1,0.0,test,0.000366,0,match
8d84404dc2cabd80,OPENROUTER_CLAUDE_3_5_HAIKU,dc55d7769f0bae70,paper=llm-sci-use,1,0.0,train,0.774914,1,-
8d84404dc2cabd80,OPENROUTER_CLAUDE_3_5_HAIKU,0cf1c9c7d6b07086,paper=llm-sci-use,1,0.0,train,0.000285,0,-
8d84404dc2cabd80,OPENROUTER_CLAUDE_3_5_HAIKU,634fdf0eae537d7b,paper=llm-sci-use,1,0.0,train,0.000295,0,-
42d17e7b8b8e8451,OPENROUTER_LLAMA_4_MAVERICK,74ec6b7fa37539ee,paper=llm-sci-use,1,1.0,train,0.921822,1,-
42d17e7b8b8e8451,OPENROUTER_LLAMA_4_MAVERICK,e534480b428704fb,paper=llm-sci-use,1,1.0,train,0.850835,1,-
42d17e7b8b8e8451,OPENROUTER_LLAMA_4_MAVERICK,01d017acf7302a41,paper=llm-sci-use,1,1.0,train,0.718849,1,-
42d17e7b8b8e8451,OPENROUTER_LLAMA_4_MAVERICK,0c90171e89bb339e,paper=llm-sci-use,1,1.0,train,0.549964,1,-
42d17e7b8b8e8451,OPENROUTER_LLAMA_4_MAVERICK,0edd2d4cd7b7529a,paper=llm-sci-use,1,1.0,test,0.86107,1,match
42d17e7b8b8e8451,OPENROUTER_LLAMA_4_MAVERICK,c6a16e6f62e6ef02,paper=llm-sci-use,1,1.0,train,0.927978,1,-
42d17e7b8b8e8451,OPENROUTER_LLAMA_4_MAVERICK,250f5e211df3d9ff,paper=llm-sci-use,1,0.0,train,0.745454,1,-
42d17e7b8b8e8451,OPENROUTER_LLAMA_4_MAVERICK,7e82e0bea2b56da3,paper=llm-sci-use,1,1.0,train,0.915615,1,-
42d17e7b8b8e8451,OPENROUTER_LLAMA_4_MAVERICK,48940aa8282611eb,paper=llm-sci-use,1,1.0,train,0.89236,1,-
42d17e7b8b8e8451,OPENROUTER_LLAMA_4_MAVERICK,218d5eb98a04793d,paper=llm-sci-use,1,1.0,train,0.86379,1,-
42d17e7b8b8e8451,OPENROUTER_LLAMA_4_MAVERICK,ddfea7cd67d97dcf,paper=llm-sci-use,1,0.0,train,0.534136,1,-
42d17e7b8b8e8451,OPENROUTER_LLAMA_4_MAVERICK,516dfd860adcca15,paper=llm-sci-use,1,0.0,train,0.000117,0,-
42d17e7b8b8e8451,OPENROUTER_LLAMA_4_MAVERICK,dc55d7769f0bae70,paper=llm-sci-use,1,1.0,test,0.524184,1,match
42d17e7b8b8e8451,OPENROUTER_LLAMA_4_MAVERICK,0cf1c9c7d6b07086,paper=llm-sci-use,1,0.0,test,9.1e-05,0,match
42d17e7b8b8e8451,OPENROUTER_LLAMA_4_MAVERICK,634fdf0eae537d7b,paper=llm-sci-use,1,0.0,train,9.4e-05,0,-
f346f5a402064340,OPENROUTER_LLAMA_4_SCOUT,74ec6b7fa37539ee,paper=llm-sci-use,1,1.0,train,0.791113,1,-
f346f5a402064340,OPENROUTER_LLAMA_4_SCOUT,e534480b428704fb,paper=llm-sci-use,1,0.0,train,0.646903,1,-
f346f5a402064340,OPENROUTER_LLAMA_4_SCOUT,01d017acf7302a41,paper=llm-sci-use,1,1.0,train,0.45092,0,-
f346f5a402064340,OPENROUTER_LLAMA_4_SCOUT,0c90171e89bb339e,paper=llm-sci-use,1,1.0,train,0.281873,0,-
f346f5a402064340,OPENROUTER_LLAMA_4_SCOUT,0edd2d4cd7b7529a,paper=llm-sci-use,1,1.0,train,0.66563,1,-
f346f5a402064340,OPENROUTER_LLAMA_4_SCOUT,c6a16e6f62e6ef02,paper=llm-sci-use,1,1.0,train,0.80539,1,-
f346f5a402064340,OPENROUTER_LLAMA_4_SCOUT,250f5e211df3d9ff,paper=llm-sci-use,1,1.0,train,0.484704,0,-
f346f5a402064340,OPENROUTER_LLAMA_4_SCOUT,7e82e0bea2b56da3,paper=llm-sci-use,1,1.0,train,0.777038,1,-
f346f5a402064340,OPENROUTER_LLAMA_4_SCOUT,48940aa8282611eb,paper=llm-sci-use,1,1.0,train,0.726981,1,-
f346f5a402064340,OPENROUTER_LLAMA_4_SCOUT,218d5eb98a04793d,paper=llm-sci-use,1,0.0,test,0.670714,1,miss
f346f5a402064340,OPENROUTER_LLAMA_4_SCOUT,ddfea7cd67d97dcf,paper=llm-sci-use,1,0.0,train,0.269146,0,-
f346f5a402064340,OPENROUTER_LLAMA_4_SCOUT,516dfd860adcca15,paper=llm-sci-use,1,0.0,train,3.8e-05,0,-
f346f5a402064340,OPENROUTER_LLAMA_4_SCOUT,dc55d7769f0bae70,paper=llm-sci-use,1,1.0,test,0.261362,0,miss
f346f5a402064340,OPENROUTER_LLAMA_4_SCOUT,0cf1c9c7d6b07086,paper=llm-sci-use,1,0.0,test,2.9e-05,0,match
f346f5a402064340,OPENROUTER_LLAMA_4_SCOUT,634fdf0eae537d7b,paper=llm-sci-use,1,0.0,test,3e-05,0,match
d9512a7be0630043,MISTRAL_CODESTRAL_2501,74ec6b7fa37539ee,paper=llm-sci-use,1,1.0,train,0.946879,1,-
d9512a7be0630043,MISTRAL_CODESTRAL_2501,e534480b428704fb,paper=llm-sci-use,1,1.0,train,0.89608,1,-
d9512a7be0630043,MISTRAL_CODESTRAL_2501,01d017acf7302a41,paper=llm-sci-use,1,1.0,train,0.794457,1,-
d9512a7be0630043,MISTRAL_CODESTRAL_2501,0c90171e89bb339e,paper=llm-sci-use,1,0.0,train,0.6488,1,-
d9512a7be0630043,MISTRAL_CODESTRAL_2501,0edd2d4cd7b7529a,paper=llm-sci-use,1,1.0,test,0.903562,1,match
d9512a7be0630043,MISTRAL_CODESTRAL_2501,c6a16e6f62e6ef02,paper=llm-sci-use,1,1.0,train,0.951167,1,-
d9512a7be0630043,MISTRAL_CODESTRAL_2501,250f5e211df3d9ff,paper=llm-sci-use,1,1.0,train,0.815741,1,-
d9512a7be0630043,MISTRAL_CODESTRAL_2501,7e82e0bea2b56da3,paper=llm-sci-use,1,1.0,train,0.942538,1,-
d9512a7be0630043,MISTRAL_CODESTRAL_2501,48940aa8282611eb,paper=llm-sci-use,1,1.0,train,0.926103,1,-
d9512a7be0630043,MISTRAL_CODESTRAL_2501,218d5eb98a04793d,paper=llm-sci-use,1,1.0,train,0.905541,1,-
d9512a7be0630043,MISTRAL_CODESTRAL_2501,ddfea7cd67d97dcf,paper=llm-sci-use,1,0.0,train,0.634135,1,-
d9512a7be0630043,MISTRAL_CODESTRAL_2501,516dfd860adcca15,paper=llm-sci-use,1,0.0,train,0.000177,0,-
d9512a7be0630043,MISTRAL_CODESTRAL_2501,dc55d7769f0bae70,paper=llm-sci-use,1,1.0,train,0.624819,1,-
d9512a7be0630043,MISTRAL_CODESTRAL_2501,0cf1c9c7d6b07086,paper=llm-sci-use,1,0.0,train,0.000138,0,-
d9512a7be0630043,MISTRAL_CODESTRAL_2501,634fdf0eae537d7b,paper=llm-sci-use,1,0.0,test,0.000143,0,match
4a938d775c0363f7,GEMINI_2_5_PRO_PREVIEW_05_06,74ec6b7fa37539ee,paper=llm-sci-use,1,1.0,train,0.998311,1,-
4a938d775c0363f7,GEMINI_2_5_PRO_PREVIEW_05_06,e534480b428704fb,paper=llm-sci-use,1,1.0,test,0.996515,1,match
4a938d775c0363f7,GEMINI_2_5_PRO_PREVIEW_05_06,01d017acf7302a41,paper=llm-sci-use,1,1.0,train,0.992259,1,-
4a938d775c0363f7,GEMINI_2_5_PRO_PREVIEW_05_06,0c90171e89bb339e,paper=llm-sci-use,1,1.0,train,0.983941,1,-
4a938d775c0363f7,GEMINI_2_5_PRO_PREVIEW_05_06,0edd2d4cd7b7529a,paper=llm-sci-use,1,1.0,train,0.996792,1,-
4a938d775c0363f7,GEMINI_2_5_PRO_PREVIEW_05_06,c6a16e6f62e6ef02,paper=llm-sci-use,1,1.0,train,0.998454,1,-
4a938d775c0363f7,GEMINI_2_5_PRO_PREVIEW_05_06,250f5e211df3d9ff,paper=llm-sci-use,1,1.0,train,0.993235,1,-
4a938d775c0363f7,GEMINI_2_5_PRO_PREVIEW_05_06,7e82e0bea2b56da3,paper=llm-sci-use,1,1.0,train,0.998165,1,-
4a938d775c0363f7,GEMINI_2_5_PRO_PREVIEW_05_06,48940aa8282611eb,paper=llm-sci-use,1,1.0,test,0.9976,1,match
4a938d775c0363f7,GEMINI_2_5_PRO_PREVIEW_05_06,218d5eb98a04793d,paper=llm-sci-use,1,1.0,test,0.996865,1,match
4a938d775c0363f7,GEMINI_2_5_PRO_PREVIEW_05_06,ddfea7cd67d97dcf,paper=llm-sci-use,1,1.0,train,0.982901,1,-
4a938d775c0363f7,GEMINI_2_5_PRO_PREVIEW_05_06,516dfd860adcca15,paper=llm-sci-use,1,0.0,train,0.00584,0,-
4a938d775c0363f7,GEMINI_2_5_PRO_PREVIEW_05_06,dc55d7769f0bae70,paper=llm-sci-use,1,1.0,train,0.982217,1,-
4a938d775c0363f7,GEMINI_2_5_PRO_PREVIEW_05_06,0cf1c9c7d6b07086,paper=llm-sci-use,1,0.0,train,0.004547,0,-
4a938d775c0363f7,GEMINI_2_5_PRO_PREVIEW_05_06,634fdf0eae537d7b,paper=llm-sci-use,1,0.0,train,0.004708,0,-
0201bf34008b40fa,OPENROUTER_QWEN_TURBO,74ec6b7fa37539ee,paper=llm-sci-use,1,1.0,train,0.399007,0,-
0201bf34008b40fa,OPENROUTER_QWEN_TURBO,e534480b428704fb,paper=llm-sci-use,1,0.0,train,0.243093,0,-
0201bf34008b40fa,OPENROUTER_QWEN_TURBO,01d017acf7302a41,paper=llm-sci-use,1,0.0,train,0.125846,0,-
0201bf34008b40fa,OPENROUTER_QWEN_TURBO,0c90171e89bb339e,paper=llm-sci-use,1,0.0,train,0.064378,0,-
0201bf34008b40fa,OPENROUTER_QWEN_TURBO,0edd2d4cd7b7529a,paper=llm-sci-use,1,0.0,train,0.258696,0,-
0201bf34008b40fa,OPENROUTER_QWEN_TURBO,c6a16e6f62e6ef02,paper=llm-sci-use,1,1.0,train,0.420451,0,-
0201bf34008b40fa,OPENROUTER_QWEN_TURBO,250f5e211df3d9ff,paper=llm-sci-use,1,0.0,train,0.141553,0,-
0201bf34008b40fa,OPENROUTER_QWEN_TURBO,7e82e0bea2b56da3,paper=llm-sci-use,1,1.0,test,0.379244,0,miss
0201bf34008b40fa,OPENROUTER_QWEN_TURBO,48940aa8282611eb,paper=llm-sci-use,1,0.0,train,0.318236,0,-
0201bf34008b40fa,OPENROUTER_QWEN_TURBO,218d5eb98a04793d,paper=llm-sci-use,1,1.0,train,0.263117,0,-
0201bf34008b40fa,OPENROUTER_QWEN_TURBO,ddfea7cd67d97dcf,paper=llm-sci-use,1,1.0,test,0.060642,0,miss
0201bf34008b40fa,OPENROUTER_QWEN_TURBO,516dfd860adcca15,paper=llm-sci-use,1,0.0,train,7e-06,0,-
0201bf34008b40fa,OPENROUTER_QWEN_TURBO,dc55d7769f0bae70,paper=llm-sci-use,1,1.0,train,0.058406,0,-
0201bf34008b40fa,OPENROUTER_QWEN_TURBO,0cf1c9c7d6b07086,paper=llm-sci-use,1,0.0,train,5e-06,0,-
0201bf34008b40fa,OPENROUTER_QWEN_TURBO,634fdf0eae537d7b,paper=llm-sci-use,1,0.0,train,5e-06,0,-
9bbf8d46fe2a4b4d,OPENROUTER_MISTRAL_CODESTRAL_MAMBA,74ec6b7fa37539ee,paper=llm-sci-use,1,0.0,train,0.124055,0,-
9bbf8d46fe2a4b4d,OPENROUTER_MISTRAL_CODESTRAL_MAMBA,e534480b428704fb,paper=llm-sci-use,1,0.0,train,0.064117,0,-
9bbf8d46fe2a4b4d,OPENROUTER_MISTRAL_CODESTRAL_MAMBA,01d017acf7302a41,paper=llm-sci-use,1,0.0,test,0.029795,0,match
9bbf8d46fe2a4b4d,OPENROUTER_MISTRAL_CODESTRAL_MAMBA,0c90171e89bb339e,paper=llm-sci-use,1,0.0,train,0.014466,0,-
9bbf8d46fe2a4b4d,OPENROUTER_MISTRAL_CODESTRAL_MAMBA,0edd2d4cd7b7529a,paper=llm-sci-use,1,0.0,train,0.069284,0,-
9bbf8d46fe2a4b4d,OPENROUTER_MISTRAL_CODESTRAL_MAMBA,c6a16e6f62e6ef02,paper=llm-sci-use,1,0.0,train,0.134017,0,-
9bbf8d46fe2a4b4d,OPENROUTER_MISTRAL_CODESTRAL_MAMBA,250f5e211df3d9ff,paper=llm-sci-use,1,0.0,train,0.033979,0,-
9bbf8d46fe2a4b4d,OPENROUTER_MISTRAL_CODESTRAL_MAMBA,7e82e0bea2b56da3,paper=llm-sci-use,1,0.0,train,0.115297,0,-
9bbf8d46fe2a4b4d,OPENROUTER_MISTRAL_CODESTRAL_MAMBA,48940aa8282611eb,paper=llm-sci-use,1,0.0,train,0.090556,0,-
9bbf8d46fe2a4b4d,OPENROUTER_MISTRAL_CODESTRAL_MAMBA,218d5eb98a04793d,paper=llm-sci-use,1,0.0,test,0.070777,0,match
9bbf8d46fe2a4b4d,OPENROUTER_MISTRAL_CODESTRAL_MAMBA,ddfea7cd67d97dcf,paper=llm-sci-use,1,0.0,train,0.013584,0,-
9bbf8d46fe2a4b4d,OPENROUTER_MISTRAL_CODESTRAL_MAMBA,516dfd860adcca15,paper=llm-sci-use,1,0.0,train,1e-06,0,-
9bbf8d46fe2a4b4d,OPENROUTER_MISTRAL_CODESTRAL_MAMBA,dc55d7769f0bae70,paper=llm-sci-use,1,0.0,train,0.013059,0,-
9bbf8d46fe2a4b4d,OPENROUTER_MISTRAL_CODESTRAL_MAMBA,0cf1c9c7d6b07086,paper=llm-sci-use,1,0.0,test,1e-06,0,match
9bbf8d46fe2a4b4d,OPENROUTER_MISTRAL_CODESTRAL_MAMBA,634fdf0eae537d7b,paper=llm-sci-use,1,0.0,train,1e-06,0,-
0e68149d77ff2477,OPENROUTER_AMAZON_NOVA_PRO_1_0,74ec6b7fa37539ee,paper=llm-sci-use,1,1.0,train,0.898247,1,-
0e68149d77ff2477,OPENROUTER_AMAZON_NOVA_PRO_1_0,e534480b428704fb,paper=llm-sci-use,1,1.0,train,0.81026,1,-
0e68149d77ff2477,OPENROUTER_AMAZON_NOVA_PRO_1_0,01d017acf7302a41,paper=llm-sci-use,1,0.0,train,0.656852,1,-
0e68149d77ff2477,OPENROUTER_AMAZON_NOVA_PRO_1_0,0c90171e89bb339e,paper=llm-sci-use,1,0.0,train,0.47778,0,-
0e68149d77ff2477,OPENROUTER_AMAZON_NOVA_PRO_1_0,0edd2d4cd7b7529a,paper=llm-sci-use,1,1.0,train,0.822698,1,-
0e68149d77ff2477,OPENROUTER_AMAZON_NOVA_PRO_1_0,c6a16e6f62e6ef02,paper=llm-sci-use,1,1.0,train,0.906071,1,-
0e68149d77ff2477,OPENROUTER_AMAZON_NOVA_PRO_1_0,250f5e211df3d9ff,paper=llm-sci-use,1,0.0,train,0.686767,1,-
0e68149d77ff2477,OPENROUTER_AMAZON_NOVA_PRO_1_0,7e82e0bea2b56da3,paper=llm-sci-use,1,1.0,train,0.890391,1,-
0e68149d77ff2477,OPENROUTER_AMAZON_NOVA_PRO_1_0,48940aa8282611eb,paper=llm-sci-use,1,0.0,train,0.861238,1,-
0e68149d77ff2477,OPENROUTER_AMAZON_NOVA_PRO_1_0,218d5eb98a04793d,paper=llm-sci-use,1,0.0,train,0.826018,1,-
0e68149d77ff2477,OPENROUTER_AMAZON_NOVA_PRO_1_0,ddfea7cd67d97dcf,paper=llm-sci-use,1,0.0,train,0.461896,0,-
0e68149d77ff2477,OPENROUTER_AMAZON_NOVA_PRO_1_0,516dfd860adcca15,paper=llm-sci-use,1,0.0,train,8.8e-05,0,-
0e68149d77ff2477,OPENROUTER_AMAZON_NOVA_PRO_1_0,dc55d7769f0bae70,paper=llm-sci-use,1,1.0,train,0.451985,0,-
0e68149d77ff2477,OPENROUTER_AMAZON_NOVA_PRO_1_0,0cf1c9c7d6b07086,paper=llm-sci-use,1,0.0,train,6.8e-05,0,-
0e68149d77ff2477,OPENROUTER_AMAZON_NOVA_PRO_1_0,634fdf0eae537d7b,paper=llm-sci-use,1,0.0,train,7.1e-05,0,-
f89d3f7268252d37,OPENROUTER_COHERE_COMMAND_A,74ec6b7fa37539ee,paper=llm-sci-use,1,1.0,train,0.932129,1,-
f89d3f7268252d37,OPENROUTER_COHERE_COMMAND_A,e534480b428704fb,paper=llm-sci-use,1,0.0,train,0.869173,1,-
f89d3f7268252d37,OPENROUTER_COHERE_COMMAND_A,01d017acf7302a41,paper=llm-sci-use,1,0.0,train,0.748618,1,-
f89d3f7268252d37,OPENROUTER_COHERE_COMMAND_A,0c90171e89bb339e,paper=llm-sci-use,1,1.0,test,0.587351,1,match
f89d3f7268252d37,OPENROUTER_COHERE_COMMAND_A,0edd2d4cd7b7529a,paper=llm-sci-use,1,1.0,test,0.878329,1,match
f89d3f7268252d37,OPENROUTER_COHERE_COMMAND_A,c6a16e6f62e6ef02,paper=llm-sci-use,1,1.0,train,0.937529,1,-
f89d3f7268252d37,OPENROUTER_COHERE_COMMAND_A,250f5e211df3d9ff,paper=llm-sci-use,1,1.0,train,0.773295,1,-
f89d3f7268252d37,OPENROUTER_COHERE_COMMAND_A,7e82e0bea2b56da3,paper=llm-sci-use,1,1.0,train,0.926675,1,-
f89d3f7268252d37,OPENROUTER_COHERE_COMMAND_A,48940aa8282611eb,paper=llm-sci-use,1,1.0,train,0.906155,1,-
f89d3f7268252d37,OPENROUTER_COHERE_COMMAND_A,218d5eb98a04793d,paper=llm-sci-use,1,1.0,train,0.880758,1,-
f89d3f7268252d37,OPENROUTER_COHERE_COMMAND_A,ddfea7cd67d97dcf,paper=llm-sci-use,1,1.0,train,0.571813,1,-
f89d3f7268252d37,OPENROUTER_COHERE_COMMAND_A,516dfd860adcca15,paper=llm-sci-use,1,0.0,test,0.000136,0,match
f89d3f7268252d37,OPENROUTER_COHERE_COMMAND_A,dc55d7769f0bae70,paper=llm-sci-use,1,1.0,train,0.562006,1,-
f89d3f7268252d37,OPENROUTER_COHERE_COMMAND_A,0cf1c9c7d6b07086,paper=llm-sci-use,1,0.0,train,0.000106,0,-
f89d3f7268252d37,OPENROUTER_COHERE_COMMAND_A,634fdf0eae537d7b,paper=llm-sci-use,1,0.0,train,0.00011,0,-
6439159aa9f9ba95,GEMINI_2_5_FLASH_PREVIEW_04_17,74ec6b7fa37539ee,paper=llm-sci-use,1,1.0,train,0.98792,1,-
6439159aa9f9ba95,GEMINI_2_5_FLASH_PREVIEW_04_17,e534480b428704fb,paper=llm-sci-use,1,1.0,train,0.975346,1,-
6439159aa9f9ba95,GEMINI_2_5_FLASH_PREVIEW_04_17,01d017acf7302a41,paper=llm-sci-use,1,1.0,train,0.94662,1,-
6439159aa9f9ba95,GEMINI_2_5_FLASH_PREVIEW_04_17,0c90171e89bb339e,paper=llm-sci-use,1,1.0,train,0.894469,1,-
6439159aa9f9ba95,GEMINI_2_5_FLASH_PREVIEW_04_17,0edd2d4cd7b7529a,paper=llm-sci-use,1,1.0,train,0.977266,1,-
6439159aa9f9ba95,GEMINI_2_5_FLASH_PREVIEW_04_17,c6a16e6f62e6ef02,paper=llm-sci-use,1,1.0,train,0.988934,1,-
6439159aa9f9ba95,GEMINI_2_5_FLASH_PREVIEW_04_17,250f5e211df3d9ff,paper=llm-sci-use,1,1.0,train,0.953078,1,-
6439159aa9f9ba95,GEMINI_2_5_FLASH_PREVIEW_04_17,7e82e0bea2b56da3,paper=llm-sci-use,1,1.0,train,0.986886,1,-
6439159aa9f9ba95,GEMINI_2_5_FLASH_PREVIEW_04_17,48940aa8282611eb,paper=llm-sci-use,1,1.0,test,0.982906,1,match
6439159aa9f9ba95,GEMINI_2_5_FLASH_PREVIEW_04_17,218d5eb98a04793d,paper=llm-sci-use,1,1.0,train,0.97777,1,-
6439159aa9f9ba95,GEMINI_2_5_FLASH_PREVIEW_04_17,ddfea7cd67d97dcf,paper=llm-sci-use,1,1.0,train,0.888296,1,-
6439159aa9f9ba95,GEMINI_2_5_FLASH_PREVIEW_04_17,516dfd860adcca15,paper=llm-sci-use,1,0.0,train,0.000812,0,-
6439159aa9f9ba95,GEMINI_2_5_FLASH_PREVIEW_04_17,dc55d7769f0bae70,paper=llm-sci-use,1,1.0,train,0.884271,1,-
6439159aa9f9ba95,GEMINI_2_5_FLASH_PREVIEW_04_17,0cf1c9c7d6b07086,paper=llm-sci-use,1,0.0,train,0.000631,0,-
6439159aa9f9ba95,GEMINI_2_5_FLASH_PREVIEW_04_17,634fdf0eae537d7b,paper=llm-sci-use,1,0.0,train,0.000654,0,-
4a199d31e7ac5440,GEMINI_2_0_FLASH_LITE,74ec6b7fa37539ee,paper=llm-sci-use,1,1.0,train,0.946464,1,-
4a199d31e7ac5440,GEMINI_2_0_FLASH_LITE,e534480b428704fb,paper=llm-sci-use,1,0.0,test,0.895312,1,miss
4a199d31e7ac5440,GEMINI_2_0_FLASH_LITE,01d017acf7302a41,paper=llm-sci-use,1,1.0,train,0.79311,1,-
4a199d31e7ac5440,GEMINI_2_0_FLASH_LITE,0c90171e89bb339e,paper=llm-sci-use,1,0.0,test,0.646923,1,miss
4a199d31e7ac5440,GEMINI_2_0_FLASH_LITE,0edd2d4cd7b7529a,paper=llm-sci-use,1,1.0,train,0.902843,1,-
4a199d31e7ac5440,GEMINI_2_0_FLASH_LITE,c6a16e6f62e6ef02,paper=llm-sci-use,1,1.0,train,0.950783,1,-
4a199d31e7ac5440,GEMINI_2_0_FLASH_LITE,250f5e211df3d9ff,paper=llm-sci-use,1,1.0,train,0.814501,1,-
4a199d31e7ac5440,GEMINI_2_0_FLASH_LITE,7e82e0bea2b56da3,paper=llm-sci-use,1,1.0,train,0.94209,1,-
4a199d31e7ac5440,GEMINI_2_0_FLASH_LITE,48940aa8282611eb,paper=llm-sci-use,1,1.0,test,0.925538,1,match
4a199d31e7ac5440,GEMINI_2_0_FLASH_LITE,218d5eb98a04793d,paper=llm-sci-use,1,1.0,train,0.904835,1,-
4a199d31e7ac5440,GEMINI_2_0_FLASH_LITE,ddfea7cd67d97dcf,paper=llm-sci-use,1,1.0,test,0.632224,1,match
4a199d31e7ac5440,GEMINI_2_0_FLASH_LITE,516dfd860adcca15,paper=llm-sci-use,1,0.0,train,0.000176,0,-
4a199d31e7ac5440,GEMINI_2_0_FLASH_LITE,dc55d7769f0bae70,paper=llm-sci-use,1,1.0,train,0.622888,1,-
4a199d31e7ac5440,GEMINI_2_0_FLASH_LITE,0cf1c9c7d6b07086,paper=llm-sci-use,1,0.0,test,0.000137,0,match
4a199d31e7ac5440,GEMINI_2_0_FLASH_LITE,634fdf0eae537d7b,paper=llm-sci-use,1,0.0,train,0.000141,0,-
5a9db67a33a34b6b,OPENROUTER_MISTRAL_MEDIUM_3,74ec6b7fa37539ee,paper=llm-sci-use,1,1.0,train,0.967677,1,-
5a9db67a33a34b6b,OPENROUTER_MISTRAL_MEDIUM_3,e534480b428704fb,paper=llm-sci-use,1,1.0,train,0.93541,1,-
5a9db67a33a34b6b,OPENROUTER_MISTRAL_MEDIUM_3,01d017acf7302a41,paper=llm-sci-use,1,1.0,train,0.866519,1,-
5a9db67a33a34b6b,OPENROUTER_MISTRAL_MEDIUM_3,0c90171e89bb339e,paper=llm-sci-use,1,1.0,train,0.756262,1,-
5a9db67a33a34b6b,OPENROUTER_MISTRAL_MEDIUM_3,0edd2d4cd7b7529a,paper=llm-sci-use,1,1.0,test,0.94025,1,match
5a9db67a33a34b6b,OPENROUTER_MISTRAL_MEDIUM_3,c6a16e6f62e6ef02,paper=llm-sci-use,1,1.0,train,0.970339,1,-
5a9db67a33a34b6b,OPENROUTER_MISTRAL_MEDIUM_3,250f5e211df3d9ff,paper=llm-sci-use,1,1.0,train,0.881455,1,-
5a9db67a33a34b6b,OPENROUTER_MISTRAL_MEDIUM_3,7e82e0bea2b56da3,paper=llm-sci-use,1,1.0,train,0.964973,1,-
5a9db67a33a34b6b,OPENROUTER_MISTRAL_MEDIUM_3,48940aa8282611eb,paper=llm-sci-use,1,1.0,train,0.954646,1,-
5a9db67a33a34b6b,OPENROUTER_MISTRAL_MEDIUM_3,218d5eb98a04793d,paper=llm-sci-use,1,0.0,train,0.941525,1,-
5a9db67a33a34b6b,OPENROUTER_MISTRAL_MEDIUM_3,ddfea7cd67d97dcf,paper=llm-sci-use,1,1.0,train,0.744316,1,-
5a9db67a33a34b6b,OPENROUTER_MISTRAL_MEDIUM_3,516dfd860adcca15,paper=llm-sci-use,1,0.0,train,0.000297,0,-
5a9db67a33a34b6b,OPENROUTER_MISTRAL_MEDIUM_3,dc55d7769f0bae70,paper=llm-sci-use,1,0.0,train,0.73664,1,-
5a9db67a33a34b6b,OPENROUTER_MISTRAL_MEDIUM_3,0cf1c9c7d6b07086,paper=llm-sci-use,1,0.0,test,0.000231,0,match
5a9db67a33a34b6b,OPENROUTER_MISTRAL_MEDIUM_3,634fdf0eae537d7b,paper=llm-sci-use,1,0.0,train,0.000239,0,-
92da838173d9f753,GEMINI_2_0_FLASH,028b9d00bb4cc5ba,paper=minp,1,1.0,train,0.97207,1,-
92da838173d9f753,GEMINI_2_0_FLASH,00a2ab8037dfe1c2,paper=minp,1,1.0,train,0.95908,1,-
92da838173d9f753,GEMINI_2_0_FLASH,fa5bf70fff0b1f8d,paper=minp,1,1.0,train,0.967972,1,-
92da838173d9f753,GEMINI_2_0_FLASH,b3973940470dac3d,paper=minp,1,1.0,test,0.922619,1,match
92da838173d9f753,GEMINI_2_0_FLASH,c00298c52adb2c0d,paper=minp,1,1.0,train,0.935712,1,-
92da838173d9f753,GEMINI_2_0_FLASH,21c51fdc45d0410c,paper=minp,1,1.0,train,0.929625,1,-
92da838173d9f753,GEMINI_2_0_FLASH,522f3e1838e2a474,paper=minp,1,1.0,train,0.880879,1,-
7184624c9762b8b9,GPT_4O_2024_08_06,028b9d00bb4cc5ba,paper=minp,1,1.0,train,0.98042,1,-
7184624c9762b8b9,GPT_4O_2024_08_06,00a2ab8037dfe1c2,paper=minp,1,1.0,train,0.971199,1,-
7184624c9762b8b9,GPT_4O_2024_08_06,fa5bf70fff0b1f8d,paper=minp,1,1.0,train,0.977519,1,-
7184624c9762b8b9,GPT_4O_2024_08_06,b3973940470dac3d,paper=minp,1,1.0,train,0.944915,1,-
7184624c9762b8b9,GPT_4O_2024_08_06,c00298c52adb2c0d,paper=minp,1,1.0,test,0.954422,1,match
7184624c9762b8b9,GPT_4O_2024_08_06,21c51fdc45d0410c,paper=minp,1,1.0,train,0.950012,1,-
7184624c9762b8b9,GPT_4O_2024_08_06,522f3e1838e2a474,paper=minp,1,1.0,train,0.914082,1,-
3f126a3baa99198a,GPT_4O_MINI,028b9d00bb4cc5ba,paper=minp,1,1.0,train,0.891919,1,-
3f126a3baa99198a,GPT_4O_MINI,00a2ab8037dfe1c2,paper=minp,1,1.0,train,0.847501,1,-
3f126a3baa99198a,GPT_4O_MINI,fa5bf70fff0b1f8d,paper=minp,1,1.0,train,0.877544,1,-
3f126a3baa99198a,GPT_4O_MINI,b3973940470dac3d,paper=minp,1,1.0,train,0.738706,1,-
3f126a3baa99198a,GPT_4O_MINI,c00298c52adb2c0d,paper=minp,1,1.0,train,0.775341,1,-
3f126a3baa99198a,GPT_4O_MINI,21c51fdc45d0410c,paper=minp,1,1.0,train,0.757995,1,-
3f126a3baa99198a,GPT_4O_MINI,522f3e1838e2a474,paper=minp,1,1.0,test,0.636814,1,match
21a139c20bbac1e2,O3_MINI_HIGH,028b9d00bb4cc5ba,paper=minp,1,1.0,train,0.995565,1,-
21a139c20bbac1e2,O3_MINI_HIGH,00a2ab8037dfe1c2,paper=minp,1,1.0,train,0.993428,1,-
21a139c20bbac1e2,O3_MINI_HIGH,fa5bf70fff0b1f8d,paper=minp,1,1.0,train,0.994896,1,-
21a139c20bbac1e2,O3_MINI_HIGH,b3973940470dac3d,paper=minp,1,1.0,train,0.987163,1,-
21a139c20bbac1e2,O3_MINI_HIGH,c00298c52adb2c0d,paper=minp,1,1.0,train,0.98946,1,-
21a139c20bbac1e2,O3_MINI_HIGH,21c51fdc45d0410c,paper=minp,1,0.0,train,0.988399,1,-
21a139c20bbac1e2,O3_MINI_HIGH,522f3e1838e2a474,paper=minp,1,1.0,train,0.979464,1,-
22e9aca88e136167,DEEPSEEK_R1,028b9d00bb4cc5ba,paper=minp,1,1.0,test,0.986193,1,match
22e9aca88e136167,DEEPSEEK_R1,00a2ab8037dfe1c2,paper=minp,1,1.0,train,0.979634,1,-
22e9aca88e136167,DEEPSEEK_R1,fa5bf70fff0b1f8d,paper=minp,1,1.0,train,0.984134,1,-
22e9aca88e136167,DEEPSEEK_R1,b3973940470dac3d,paper=minp,1,1.0,train,0.960738,1,-
22e9aca88e136167,DEEPSEEK_R1,c00298c52adb2c0d,paper=minp,1,1.0,train,0.967608,1,-
22e9aca88e136167,DEEPSEEK_R1,21c51fdc45d0410c,paper=minp,1,1.0,train,0.964426,1,-
22e9aca88e136167,DEEPSEEK_R1,522f3e1838e2a474,paper=minp,1,1.0,train,0.938183,1,-
1872c1340f216012,O1_HIGH,028b9d00bb4cc5ba,paper=minp,1,1.0,test,0.99107,1,match
1872c1340f216012,O1_HIGH,00a2ab8037dfe1c2,paper=minp,1,1.0,train,0.986797,1,-
1872c1340f216012,O1_HIGH,fa5bf70fff0b1f8d,paper=minp,1,1.0,train,0.989731,1,-
1872c1340f216012,O1_HIGH,b3973940470dac3d,paper=minp,1,1.0,train,0.974373,1,-
1872c1340f216012,O1_HIGH,c00298c52adb2c0d,paper=minp,1,1.0,train,0.978909,1,-
1872c1340f216012,O1_HIGH,21c51fdc45d0410c,paper=minp,1,1.0,test,0.976811,1,match
1872c1340f216012,O1_HIGH,522f3e1838e2a474,paper=minp,1,1.0,train,0.959318,1,-
8d49a7a13f10df7f,GPT_4_1,028b9d00bb4cc5ba,paper=minp,1,1.0,train,0.993036,1,-
8d49a7a13f10df7f,GPT_4_1,00a2ab8037dfe1c2,paper=minp,1,1.0,train,0.989694,1,-
8d49a7a13f10df7f,GPT_4_1,fa5bf70fff0b1f8d,paper=minp,1,1.0,train,0.991989,1,-
8d49a7a13f10df7f,GPT_4_1,b3973940470dac3d,paper=minp,1,1.0,train,0.97994,1,-
8d49a7a13f10df7f,GPT_4_1,c00298c52adb2c0d,paper=minp,1,1.0,train,0.983508,1,-
8d49a7a13f10df7f,GPT_4_1,21c51fdc45d0410c,paper=minp,1,1.0,train,0.981858,1,-
8d49a7a13f10df7f,GPT_4_1,522f3e1838e2a474,paper=minp,1,1.0,train,0.968049,1,-
efdd1f09f2fb64b9,GPT_4_1_MINI,028b9d00bb4cc5ba,paper=minp,1,1.0,train,0.984933,1,-
efdd1f09f2fb64b9,GPT_4_1_MINI,00a2ab8037dfe1c2,paper=minp,1,1.0,train,0.977789,1,-
efdd1f09f2fb64b9,GPT_4_1_MINI,fa5bf70fff0b1f8d,paper=minp,1,1.0,test,0.982689,1,match
efdd1f09f2fb64b9,GPT_4_1_MINI,b3973940470dac3d,paper=minp,1,1.0,train,0.957255,1,-
efdd1f09f2fb64b9,GPT_4_1_MINI,c00298c52adb2c0d,paper=minp,1,1.0,train,0.964712,1,-
efdd1f09f2fb64b9,GPT_4_1_MINI,21c51fdc45d0410c,paper=minp,1,1.0,train,0.961257,1,-
efdd1f09f2fb64b9,GPT_4_1_MINI,522f3e1838e2a474,paper=minp,1,0.0,train,0.932838,1,-
be16a6de1e20efee,GPT_4_1_NANO,028b9d00bb4cc5ba,paper=minp,1,0.0,test,0.780896,1,miss
be16a6de1e20efee,GPT_4_1_NANO,00a2ab8037dfe1c2,paper=minp,1,0.0,train,0.705895,1,-
be16a6de1e20efee,GPT_4_1_NANO,fa5bf70fff0b1f8d,paper=minp,1,1.0,test,0.755796,1,match
be16a6de1e20efee,GPT_4_1_NANO,b3973940470dac3d,paper=minp,1,0.0,train,0.549747,1,-
be16a6de1e20efee,GPT_4_1_NANO,c00298c52adb2c0d,paper=minp,1,0.0,train,0.598475,1,-
be16a6de1e20efee,GPT_4_1_NANO,21c51fdc45d0410c,paper=minp,1,0.0,train,0.574959,1,-
be16a6de1e20efee,GPT_4_1_NANO,522f3e1838e2a474,paper=minp,1,0.0,train,0.430933,0,-
1c618d9d58429b09,O3_HIGH,028b9d00bb4cc5ba,paper=minp,1,1.0,train,0.997101,1,-
1c618d9d58429b09,O3_HIGH,00a2ab8037dfe1c2,paper=minp,1,1.0,test,0.995702,1,match
1c618d9d58429b09,O3_HIGH,fa5bf70fff0b1f8d,paper=minp,1,1.0,train,0.996664,1,-
1c618d9d58429b09,O3_HIGH,b3973940470dac3d,paper=minp,1,1.0,test,0.991586,1,match
1c618d9d58429b09,O3_HIGH,c00298c52adb2c0d,paper=minp,1,1.0,test,0.993097,1,match
1c618d9d58429b09,O3_HIGH,21c51fdc45d0410c,paper=minp,1,1.0,train,0.992399,1,-
1c618d9d58429b09,O3_HIGH,522f3e1838e2a474,paper=minp,1,1.0,test,0.986503,1,match
bce3d3ee52ef698f,CLAUDE_3_5_SONNET_2024_10_22,028b9d00bb4cc5ba,paper=minp,1,1.0,train,0.990079,1,-
bce3d3ee52ef698f,CLAUDE_3_5_SONNET_2024_10_22,00a2ab8037dfe1c2,paper=minp,1,1.0,train,0.985339,1,-
bce3d3ee52ef698f,CLAUDE_3_5_SONNET_2024_10_22,fa5bf70fff0b1f8d,paper=minp,1,1.0,train,0.988593,1,-
bce3d3ee52ef698f,CLAUDE_3_5_SONNET_2024_10_22,b3973940470dac3d,paper=minp,1,1.0,train,0.971583,1,-
bce3d3ee52ef698f,CLAUDE_3_5_SONNET_2024_10_22,c00298c52adb2c0d,paper=minp,1,1.0,train,0.976601,1,-
bce3d3ee52ef698f,CLAUDE_3_5_SONNET_2024_10_22,21c51fdc45d0410c,paper=minp,1,1.0,test,0.974279,1,match
bce3d3ee52ef698f,CLAUDE_3_5_SONNET_2024_10_22,522f3e1838e2a474,paper=minp,1,1.0,train,0.954965,1,-
39edf3fbaacf1629,CLAUDE_3_7_SONNET_2025_02_19,028b9d00bb4cc5ba,paper=minp,1,1.0,train,0.993056,1,-
39edf3fbaacf1629,CLAUDE_3_7_SONNET_2025_02_19,00a2ab8037dfe1c2,paper=minp,1,1.0,train,0.989723,1,-
39edf3fbaacf1629,CLAUDE_3_7_SONNET_2025_02_19,fa5bf70fff0b1f8d,paper=minp,1,1.0,train,0.992012,1,-
39edf3fbaacf1629,CLAUDE_3_7_SONNET_2025_02_19,b3973940470dac3d,paper=minp,1,1.0,test,0.979996,1,match
39edf3fbaacf1629,CLAUDE_3_7_SONNET_2025_02_19,c00298c52adb2c0d,paper=minp,1,1.0,train,0.983554,1,-
39edf3fbaacf1629,CLAUDE_3_7_SONNET_2025_02_19,21c51fdc45d0410c,paper=minp,1,1.0,test,0.981909,1,match
39edf3fbaacf1629,CLAUDE_3_7_SONNET_2025_02_19,522f3e1838e2a474,paper=minp,1,1.0,train,0.968137,1,-
a531ea372ae4b71d,GROK_3_BETA,028b9d00bb4cc5ba,paper=minp,1,1.0,train,0.981078,1,-
a531ea372ae4b71d,GROK_3_BETA,00a2ab8037dfe1c2,paper=minp,1,1.0,test,0.972158,1,match
a531ea372ae4b71d,GROK_3_BETA,fa5bf70fff0b1f8d,paper=minp,1,1.0,train,0.978272,1,-
a531ea372ae4b71d,GROK_3_BETA,b3973940470dac3d,paper=minp,1,1.0,train,0.946702,1,-
a531ea372ae4b71d,GROK_3_BETA,c00298c52adb2c0d,paper=minp,1,1.0,test,0.955915,1,match
a531ea372ae4b71d,GROK_3_BETA,21c51fdc45d0410c,paper=minp,1,1.0,train,0.951642,1,-
a531ea372ae4b71d,GROK_3_BETA,522f3e1838e2a474,paper=minp,1,1.0,train,0.916781,1,-
ac78f79a36a11b0e,GEMINI_2_5_PRO_PREVIEW_03_25,028b9d00bb4cc5ba,paper=minp,1,1.0,train,0.99768,1,-
ac78f79a36a11b0e,GEMINI_2_5_PRO_PREVIEW_03_25,00a2ab8037dfe1c2,paper=minp,1,1.0,train,0.99656,1,-
ac78f79a36a11b0e,GEMINI_2_5_PRO_PREVIEW_03_25,fa5bf70fff0b1f8d,paper=minp,1,1.0,train,0.99733,1,-
ac78f79a36a11b0e,GEMINI_2_5_PRO_PREVIEW_03_25,b3973940470dac3d,paper=minp,1,1.0,test,0.993259,1,match
ac78f79a36a11b0e,GEMINI_2_5_PRO_PREVIEW_03_25,c00298c52adb2c0d,paper=minp,1,1.0,train,0.994471,1,-
ac78f79a36a11b0e,GEMINI_2_5_PRO_PREVIEW_03_25,21c51fdc45d0410c,paper=minp,1,1.0,test,0.993912,1,match
ac78f79a36a11b0e,GEMINI_2_5_PRO_PREVIEW_03_25,522f3e1838e2a474,paper=minp,1,1.0,test,0.989176,1,match
b97dccb68ad1d70a,OPENROUTER_DEEPSEEK_CHAT_V3_0324,028b9d00bb4cc5ba,paper=minp,1,1.0,train,0.982999,1,-
b97dccb68ad1d70a,OPENROUTER_DEEPSEEK_CHAT_V3_0324,00a2ab8037dfe1c2,paper=minp,1,1.0,test,0.974961,1,match
b97dccb68ad1d70a,OPENROUTER_DEEPSEEK_CHAT_V3_0324,fa5bf70fff0b1f8d,paper=minp,1,1.0,train,0.980472,1,-
b97dccb68ad1d70a,OPENROUTER_DEEPSEEK_CHAT_V3_0324,b3973940470dac3d,paper=minp,1,1.0,train,0.951941,1,-
b97dccb68ad1d70a,OPENROUTER_DEEPSEEK_CHAT_V3_0324,c00298c52adb2c0d,paper=minp,1,1.0,test,0.960286,1,match
b97dccb68ad1d70a,OPENROUTER_DEEPSEEK_CHAT_V3_0324,21c51fdc45d0410c,paper=minp,1,1.0,train,0.956417,1,-
b97dccb68ad1d70a,OPENROUTER_DEEPSEEK_CHAT_V3_0324,522f3e1838e2a474,paper=minp,1,1.0,test,0.924727,1,match
09f4a41bb2e2d341,QWEN_2_5_CODER_32B_INSTRUCT,028b9d00bb4cc5ba,paper=minp,1,1.0,train,0.916205,1,-
09f4a41bb2e2d341,QWEN_2_5_CODER_32B_INSTRUCT,00a2ab8037dfe1c2,paper=minp,1,1.0,train,0.880429,1,-
09f4a41bb2e2d341,QWEN_2_5_CODER_32B_INSTRUCT,fa5bf70fff0b1f8d,paper=minp,1,1.0,train,0.904714,1,-
09f4a41bb2e2d341,QWEN_2_5_CODER_32B_INSTRUCT,b3973940470dac3d,paper=minp,1,1.0,train,0.789285,1,-
09f4a41bb2e2d341,QWEN_2_5_CODER_32B_INSTRUCT,c00298c52adb2c0d,paper=minp,1,1.0,train,0.820551,1,-
09f4a41bb2e2d341,QWEN_2_5_CODER_32B_INSTRUCT,21c51fdc45d0410c,paper=minp,1,1.0,train,0.805822,1,-
09f4a41bb2e2d341,QWEN_2_5_CODER_32B_INSTRUCT,522f3e1838e2a474,paper=minp,1,1.0,test,0.699081,1,match
c117f9213dc5d8c9,LLAMA_3_3_70B_INSTRUCT,028b9d00bb4cc5ba,paper=minp,1,1.0,train,0.647811,1,-
c117f9213dc5d8c9,LLAMA_3_3_70B_INSTRUCT,00a2ab8037dfe1c2,paper=minp,1,0.0,train,0.553313,1,-
c117f9213dc5d8c9,LLAMA_3_3_70B_INSTRUCT,fa5bf70fff0b1f8d,paper=minp,1,0.0,train,0.614983,1,-
c117f9213dc5d8c9,LLAMA_3_3_70B_INSTRUCT,b3973940470dac3d,paper=minp,1,0.0,train,0.386555,0,-
c117f9213dc5d8c9,LLAMA_3_3_70B_INSTRUCT,c00298c52adb2c0d,paper=minp,1,1.0,train,0.434786,0,-
c117f9213dc5d8c9,LLAMA_3_3_70B_INSTRUCT,21c51fdc45d0410c,paper=minp,1,0.0,train,0.411117,0,-
c117f9213dc5d8c9,LLAMA_3_3_70B_INSTRUCT,522f3e1838e2a474,paper=minp,1,1.0,train,0.281,0,-
b2436ce8ede11e03,OPENROUTER_O4_MINI_HIGH,028b9d00bb4cc5ba,paper=minp,1,1.0,test,0.99664,1,match
b2436ce8ede11e03,OPENROUTER_O4_MINI_HIGH,00a2ab8037dfe1c2,paper=minp,1,1.0,train,0.995019,1,-
b2436ce8ede11e03,OPENROUTER_O4_MINI_HIGH,fa5bf70fff0b1f8d,paper=minp,1,1.0,train,0.996133,1,-
b2436ce8ede11e03,OPENROUTER_O4_MINI_HIGH,b3973940470dac3d,paper=minp,1,1.0,train,0.990255,1,-
b2436ce8ede11e03,OPENROUTER_O4_MINI_HIGH,c00298c52adb2c0d,paper=minp,1,1.0,train,0.992003,1,-
b2436ce8ede11e03,OPENROUTER_O4_MINI_HIGH,21c51fdc45d0410c,paper=minp,1,1.0,train,0.991196,1,-
b2436ce8ede11e03,OPENROUTER_O4_MINI_HIGH,522f3e1838e2a474,paper=minp,1,1.0,train,0.984381,1,-
2bfd4cd36591d7f5,GROK_3_MINI_BETA_HIGH,028b9d00bb4cc5ba,paper=minp,1,1.0,train,0.855029,1,-
2bfd4cd36591d7f5,GROK_3_MINI_BETA_HIGH,00a2ab8037dfe1c2,paper=minp,1,0.0,train,0.798869,1,-
2bfd4cd36591d7f5,GROK_3_MINI_BETA_HIGH,fa5bf70fff0b1f8d,paper=minp,1,1.0,test,0.836645,1,match
2bfd4cd36591d7f5,GROK_3_MINI_BETA_HIGH,b3973940470dac3d,paper=minp,1,0.0,train,0.668932,1,-
2bfd4cd36591d7f5,GROK_3_MINI_BETA_HIGH,c00298c52adb2c0d,paper=minp,1,0.0,train,0.711529,1,-
2bfd4cd36591d7f5,GROK_3_MINI_BETA_HIGH,21c51fdc45d0410c,paper=minp,1,0.0,test,0.691218,1,miss
2bfd4cd36591d7f5,GROK_3_MINI_BETA_HIGH,522f3e1838e2a474,paper=minp,1,0.0,test,0.556178,1,miss
9dafe621e945d614,GROK_2_1212,028b9d00bb4cc5ba,paper=minp,1,1.0,train,0.865344,1,-
9dafe621e945d614,GROK_2_1212,00a2ab8037dfe1c2,paper=minp,1,1.0,train,0.812302,1,-
9dafe621e945d614,GROK_2_1212,fa5bf70fff0b1f8d,paper=minp,1,1.0,train,0.848036,1,-
9dafe621e945d614,GROK_2_1212,b3973940470dac3d,paper=minp,1,1.0,test,0.687651,1,match
9dafe621e945d614,GROK_2_1212,c00298c52adb2c0d,paper=minp,1,1.0,train,0.728816,1,-
9dafe621e945d614,GROK_2_1212,21c51fdc45d0410c,paper=minp,1,1.0,train,0.709225,1,-
9dafe621e945d614,GROK_2_1212,522f3e1838e2a474,paper=minp,1,1.0,test,0.577243,1,match
8d84404dc2cabd80,OPENROUTER_CLAUDE_3_5_HAIKU,028b9d00bb4cc5ba,paper=minp,1,1.0,train,0.977815,1,-
8d84404dc2cabd80,OPENROUTER_CLAUDE_3_5_HAIKU,00a2ab8037dfe1c2,paper=minp,1,1.0,train,0.967407,1,-
8d84404dc2cabd80,OPENROUTER_CLAUDE_3_5_HAIKU,fa5bf70fff0b1f8d,paper=minp,1,1.0,train,0.974538,1,-
8d84404dc2cabd80,OPENROUTER_CLAUDE_3_5_HAIKU,b3973940470dac3d,paper=minp,1,1.0,test,0.937886,1,match
8d84404dc2cabd80,OPENROUTER_CLAUDE_3_5_HAIKU,c00298c52adb2c0d,paper=minp,1,1.0,train,0.94854,1,-
8d84404dc2cabd80,OPENROUTER_CLAUDE_3_5_HAIKU,21c51fdc45d0410c,paper=minp,1,1.0,test,0.943594,1,match
8d84404dc2cabd80,OPENROUTER_CLAUDE_3_5_HAIKU,522f3e1838e2a474,paper=minp,1,1.0,train,0.90352,1,-
42d17e7b8b8e8451,OPENROUTER_LLAMA_4_MAVERICK,028b9d00bb4cc5ba,paper=minp,1,1.0,train,0.933791,1,-
42d17e7b8b8e8451,OPENROUTER_LLAMA_4_MAVERICK,00a2ab8037dfe1c2,paper=minp,1,1.0,train,0.904743,1,-
42d17e7b8b8e8451,OPENROUTER_LLAMA_4_MAVERICK,fa5bf70fff0b1f8d,paper=minp,1,1.0,train,0.924514,1,-
42d17e7b8b8e8451,OPENROUTER_LLAMA_4_MAVERICK,b3973940470dac3d,paper=minp,1,1.0,train,0.828523,1,-
42d17e7b8b8e8451,OPENROUTER_LLAMA_4_MAVERICK,c00298c52adb2c0d,paper=minp,1,0.0,train,0.855036,1,-
42d17e7b8b8e8451,OPENROUTER_LLAMA_4_MAVERICK,21c51fdc45d0410c,paper=minp,1,1.0,train,0.842594,1,-
42d17e7b8b8e8451,OPENROUTER_LLAMA_4_MAVERICK,522f3e1838e2a474,paper=minp,1,1.0,train,0.749792,1,-
f346f5a402064340,OPENROUTER_LLAMA_4_SCOUT,028b9d00bb4cc5ba,paper=minp,1,1.0,train,0.819169,1,-
f346f5a402064340,OPENROUTER_LLAMA_4_SCOUT,00a2ab8037dfe1c2,paper=minp,1,1.0,train,0.753128,1,-
f346f5a402064340,OPENROUTER_LLAMA_4_SCOUT,fa5bf70fff0b1f8d,paper=minp,1,1.0,train,0.797316,1,-
f346f5a402064340,OPENROUTER_LLAMA_4_SCOUT,b3973940470dac3d,paper=minp,1,1.0,train,0.608136,1,-
f346f5a402064340,OPENROUTER_LLAMA_4_SCOUT,c00298c52adb2c0d,paper=minp,1,1.0,train,0.654515,1,-
f346f5a402064340,OPENROUTER_LLAMA_4_SCOUT,21c51fdc45d0410c,paper=minp,1,1.0,train,0.632265,1,-
f346f5a402064340,OPENROUTER_LLAMA_4_SCOUT,522f3e1838e2a474,paper=minp,1,1.0,test,0.490448,0,miss
d9512a7be0630043,MISTRAL_CODESTRAL_2501,028b9d00bb4cc5ba,paper=minp,1,1.0,train,0.955199,1,-
d9512a7be0630043,MISTRAL_CODESTRAL_2501,00a2ab8037dfe1c2,paper=minp,1,1.0,train,0.934888,1,-
d9512a7be0630043,MISTRAL_CODESTRAL_2501,fa5bf70fff0b1f8d,paper=minp,1,1.0,train,0.948756,1,-
d9512a7be0630043,MISTRAL_CODESTRAL_2501,b3973940470dac3d,paper=minp,1,1.0,test,0.879578,1,match
d9512a7be0630043,MISTRAL_CODESTRAL_2501,c00298c52adb2c0d,paper=minp,1,1.0,train,0.899158,1,-
d9512a7be0630043,MISTRAL_CODESTRAL_2501,21c51fdc45d0410c,paper=minp,1,1.0,train,0.890016,1,-
d9512a7be0630043,MISTRAL_CODESTRAL_2501,522f3e1838e2a474,paper=minp,1,1.0,train,0.819171,1,-
4a938d775c0363f7,GEMINI_2_5_PRO_PREVIEW_05_06,028b9d00bb4cc5ba,paper=minp,1,1.0,train,0.998588,1,-
4a938d775c0363f7,GEMINI_2_5_PRO_PREVIEW_05_06,00a2ab8037dfe1c2,paper=minp,1,1.0,train,0.997904,1,-
4a938d775c0363f7,GEMINI_2_5_PRO_PREVIEW_05_06,fa5bf70fff0b1f8d,paper=minp,1,1.0,train,0.998374,1,-
4a938d775c0363f7,GEMINI_2_5_PRO_PREVIEW_05_06,b3973940470dac3d,paper=minp,1,1.0,train,0.995889,1,-
4a938d775c0363f7,GEMINI_2_5_PRO_PREVIEW_05_06,c00298c52adb2c0d,paper=minp,1,1.0,train,0.99663,1,-
4a938d775c0363f7,GEMINI_2_5_PRO_PREVIEW_05_06,21c51fdc45d0410c,paper=minp,1,1.0,train,0.996288,1,-
4a938d775c0363f7,GEMINI_2_5_PRO_PREVIEW_05_06,522f3e1838e2a474,paper=minp,1,1.0,test,0.993388,1,match
0201bf34008b40fa,OPENROUTER_QWEN_TURBO,028b9d00bb4cc5ba,paper=minp,1,0.0,train,0.442623,0,-
0201bf34008b40fa,OPENROUTER_QWEN_TURBO,00a2ab8037dfe1c2,paper=minp,1,1.0,train,0.348444,0,-
0201bf34008b40fa,OPENROUTER_QWEN_TURBO,fa5bf70fff0b1f8d,paper=minp,1,0.0,train,0.408143,0,-
0201bf34008b40fa,OPENROUTER_QWEN_TURBO,b3973940470dac3d,paper=minp,1,0.0,train,0.213868,0,-
0201bf34008b40fa,OPENROUTER_QWEN_TURBO,c00298c52adb2c0d,paper=minp,1,0.0,train,0.249309,0,-
0201bf34008b40fa,OPENROUTER_QWEN_TURBO,21c51fdc45d0410c,paper=minp,1,0.0,train,0.231599,0,-
0201bf34008b40fa,OPENROUTER_QWEN_TURBO,522f3e1838e2a474,paper=minp,1,0.0,train,0.14437,0,-
9bbf8d46fe2a4b4d,OPENROUTER_MISTRAL_CODESTRAL_MAMBA,028b9d00bb4cc5ba,paper=minp,1,0.0,test,0.144859,0,match
9bbf8d46fe2a4b4d,OPENROUTER_MISTRAL_CODESTRAL_MAMBA,00a2ab8037dfe1c2,paper=minp,1,0.0,test,0.102397,0,match
9bbf8d46fe2a4b4d,OPENROUTER_MISTRAL_CODESTRAL_MAMBA,fa5bf70fff0b1f8d,paper=minp,1,0.0,train,0.128238,0,-
9bbf8d46fe2a4b4d,OPENROUTER_MISTRAL_CODESTRAL_MAMBA,b3973940470dac3d,paper=minp,1,0.0,test,0.05485,0,match
9bbf8d46fe2a4b4d,OPENROUTER_MISTRAL_CODESTRAL_MAMBA,c00298c52adb2c0d,paper=minp,1,0.0,test,0.066157,0,match
9bbf8d46fe2a4b4d,OPENROUTER_MISTRAL_CODESTRAL_MAMBA,21c51fdc45d0410c,paper=minp,1,0.0,test,0.06041,0,match
9bbf8d46fe2a4b4d,OPENROUTER_MISTRAL_CODESTRAL_MAMBA,522f3e1838e2a474,paper=minp,1,0.0,train,0.034742,0,-
0e68149d77ff2477,OPENROUTER_AMAZON_NOVA_PRO_1_0,028b9d00bb4cc5ba,paper=minp,1,1.0,train,0.913487,1,-
0e68149d77ff2477,OPENROUTER_AMAZON_NOVA_PRO_1_0,00a2ab8037dfe1c2,paper=minp,1,1.0,train,0.876707,1,-
0e68149d77ff2477,OPENROUTER_AMAZON_NOVA_PRO_1_0,fa5bf70fff0b1f8d,paper=minp,1,1.0,train,0.901664,1,-
0e68149d77ff2477,OPENROUTER_AMAZON_NOVA_PRO_1_0,b3973940470dac3d,paper=minp,1,1.0,train,0.783424,1,-
0e68149d77ff2477,OPENROUTER_AMAZON_NOVA_PRO_1_0,c00298c52adb2c0d,paper=minp,1,1.0,train,0.815356,1,-
0e68149d77ff2477,OPENROUTER_AMAZON_NOVA_PRO_1_0,21c51fdc45d0410c,paper=minp,1,1.0,train,0.800304,1,-
0e68149d77ff2477,OPENROUTER_AMAZON_NOVA_PRO_1_0,522f3e1838e2a474,paper=minp,1,1.0,train,0.691691,1,-
f89d3f7268252d37,OPENROUTER_COHERE_COMMAND_A,028b9d00bb4cc5ba,paper=minp,1,1.0,test,0.942618,1,match
f89d3f7268252d37,OPENROUTER_COHERE_COMMAND_A,00a2ab8037dfe1c2,paper=minp,1,1.0,train,0.9171,1,-
f89d3f7268252d37,OPENROUTER_COHERE_COMMAND_A,fa5bf70fff0b1f8d,paper=minp,1,1.0,train,0.934491,1,-
f89d3f7268252d37,OPENROUTER_COHERE_COMMAND_A,b3973940470dac3d,paper=minp,1,1.0,train,0.849117,1,-
f89d3f7268252d37,OPENROUTER_COHERE_COMMAND_A,c00298c52adb2c0d,paper=minp,1,1.0,train,0.872934,1,-
f89d3f7268252d37,OPENROUTER_COHERE_COMMAND_A,21c51fdc45d0410c,paper=minp,1,1.0,train,0.86178,1,-
f89d3f7268252d37,OPENROUTER_COHERE_COMMAND_A,522f3e1838e2a474,paper=minp,1,1.0,train,0.7773,1,-
6439159aa9f9ba95,GEMINI_2_5_FLASH_PREVIEW_04_17,028b9d00bb4cc5ba,paper=minp,1,0.0,train,0.989881,1,-
6439159aa9f9ba95,GEMINI_2_5_FLASH_PREVIEW_04_17,00a2ab8037dfe1c2,paper=minp,1,1.0,train,0.985047,1,-
6439159aa9f9ba95,GEMINI_2_5_FLASH_PREVIEW_04_17,fa5bf70fff0b1f8d,paper=minp,1,1.0,train,0.988365,1,-
6439159aa9f9ba95,GEMINI_2_5_FLASH_PREVIEW_04_17,b3973940470dac3d,paper=minp,1,1.0,test,0.971024,1,match
6439159aa9f9ba95,GEMINI_2_5_FLASH_PREVIEW_04_17,c00298c52adb2c0d,paper=minp,1,1.0,train,0.976139,1,-
6439159aa9f9ba95,GEMINI_2_5_FLASH_PREVIEW_04_17,21c51fdc45d0410c,paper=minp,1,0.0,test,0.973772,1,miss
6439159aa9f9ba95,GEMINI_2_5_FLASH_PREVIEW_04_17,522f3e1838e2a474,paper=minp,1,0.0,train,0.954095,1,-
4a199d31e7ac5440,GEMINI_2_0_FLASH_LITE,028b9d00bb4cc5ba,paper=minp,1,1.0,train,0.954845,1,-
4a199d31e7ac5440,GEMINI_2_0_FLASH_LITE,00a2ab8037dfe1c2,paper=minp,1,1.0,train,0.934386,1,-
4a199d31e7ac5440,GEMINI_2_0_FLASH_LITE,fa5bf70fff0b1f8d,paper=minp,1,1.0,train,0.948355,1,-
4a199d31e7ac5440,GEMINI_2_0_FLASH_LITE,b3973940470dac3d,paper=minp,1,1.0,test,0.878704,1,match
4a199d31e7ac5440,GEMINI_2_0_FLASH_LITE,c00298c52adb2c0d,paper=minp,1,1.0,train,0.898409,1,-
4a199d31e7ac5440,GEMINI_2_0_FLASH_LITE,21c51fdc45d0410c,paper=minp,1,1.0,train,0.889208,1,-
4a199d31e7ac5440,GEMINI_2_0_FLASH_LITE,522f3e1838e2a474,paper=minp,1,1.0,train,0.81795,1,-
5a9db67a33a34b6b,OPENROUTER_MISTRAL_MEDIUM_3,028b9d00bb4cc5ba,paper=minp,1,1.0,train,0.972833,1,-
5a9db67a33a34b6b,OPENROUTER_MISTRAL_MEDIUM_3,00a2ab8037dfe1c2,paper=minp,1,1.0,train,0.960183,1,-
5a9db67a33a34b6b,OPENROUTER_MISTRAL_MEDIUM_3,fa5bf70fff0b1f8d,paper=minp,1,1.0,train,0.968844,1,-
5a9db67a33a34b6b,OPENROUTER_MISTRAL_MEDIUM_3,b3973940470dac3d,paper=minp,1,1.0,train,0.924628,1,-
5a9db67a33a34b6b,OPENROUTER_MISTRAL_MEDIUM_3,c00298c52adb2c0d,paper=minp,1,1.0,test,0.937405,1,match
5a9db67a33a34b6b,OPENROUTER_MISTRAL_MEDIUM_3,21c51fdc45d0410c,paper=minp,1,1.0,train,0.931466,1,-
5a9db67a33a34b6b,OPENROUTER_MISTRAL_MEDIUM_3,522f3e1838e2a474,paper=minp,1,1.0,test,0.883836,1,match
92da838173d9f753,GEMINI_2_0_FLASH,0bcd57ff8aa5d226,paper=OptimalSteps,1,0.0,train,0.000185,0,-
92da838173d9f753,GEMINI_2_0_FLASH,90386823d0eba55d,paper=OptimalSteps,1,1.0,train,0.639489,1,-
92da838173d9f753,GEMINI_2_0_FLASH,c4e251c9dd142dbd,paper=OptimalSteps,1,1.0,train,0.628707,1,-
92da838173d9f753,GEMINI_2_0_FLASH,dcd433040162a9cb,paper=OptimalSteps,1,0.0,train,0.000188,0,-
92da838173d9f753,GEMINI_2_0_FLASH,c2c4f1f7cb0c0799,paper=OptimalSteps,1,0.0,train,0.07923,0,-
92da838173d9f753,GEMINI_2_0_FLASH,b7f841dbb092661f,paper=OptimalSteps,1,0.0,train,0.000233,0,-
92da838173d9f753,GEMINI_2_0_FLASH,84b5074c0546293f,paper=OptimalSteps,1,0.0,train,0.474882,0,-
92da838173d9f753,GEMINI_2_0_FLASH,985bdc108f712802,paper=OptimalSteps,1,1.0,test,0.02001,0,miss
92da838173d9f753,GEMINI_2_0_FLASH,d3ea4520bbf69375,paper=OptimalSteps,1,0.0,train,0.235883,0,-
92da838173d9f753,GEMINI_2_0_FLASH,aa5472a6efc4ac4f,paper=OptimalSteps,1,0.0,train,0.029783,0,-
92da838173d9f753,GEMINI_2_0_FLASH,dca462dd4dcef1ca,paper=OptimalSteps,1,0.0,test,0.000185,0,match
7184624c9762b8b9,GPT_4O_2024_08_06,0bcd57ff8aa5d226,paper=OptimalSteps,1,0.0,train,0.000267,0,-
7184624c9762b8b9,GPT_4O_2024_08_06,90386823d0eba55d,paper=OptimalSteps,1,0.0,train,0.718472,1,-
7184624c9762b8b9,GPT_4O_2024_08_06,c4e251c9dd142dbd,paper=OptimalSteps,1,1.0,train,0.708977,1,-
7184624c9762b8b9,GPT_4O_2024_08_06,dcd433040162a9cb,paper=OptimalSteps,1,0.0,train,0.000271,0,-
7184624c9762b8b9,GPT_4O_2024_08_06,c2c4f1f7cb0c0799,paper=OptimalSteps,1,0.0,train,0.11016,0,-
7184624c9762b8b9,GPT_4O_2024_08_06,b7f841dbb092661f,paper=OptimalSteps,1,0.0,train,0.000335,0,-
7184624c9762b8b9,GPT_4O_2024_08_06,84b5074c0546293f,paper=OptimalSteps,1,0.0,train,0.56542,1,-
7184624c9762b8b9,GPT_4O_2024_08_06,985bdc108f712802,paper=OptimalSteps,1,0.0,train,0.028538,0,-
7184624c9762b8b9,GPT_4O_2024_08_06,d3ea4520bbf69375,paper=OptimalSteps,1,1.0,test,0.307541,0,miss
7184624c9762b8b9,GPT_4O_2024_08_06,aa5472a6efc4ac4f,paper=OptimalSteps,1,0.0,train,0.042297,0,-
7184624c9762b8b9,GPT_4O_2024_08_06,dca462dd4dcef1ca,paper=OptimalSteps,1,0.0,train,0.000266,0,-
3f126a3baa99198a,GPT_4O_MINI,0bcd57ff8aa5d226,paper=OptimalSteps,1,0.0,train,4.4e-05,0,-
3f126a3baa99198a,GPT_4O_MINI,90386823d0eba55d,paper=OptimalSteps,1,0.0,train,0.296072,0,-
3f126a3baa99198a,GPT_4O_MINI,c4e251c9dd142dbd,paper=OptimalSteps,1,1.0,train,0.286478,0,-
3f126a3baa99198a,GPT_4O_MINI,dcd433040162a9cb,paper=OptimalSteps,1,0.0,train,4.5e-05,0,-
3f126a3baa99198a,GPT_4O_MINI,c2c4f1f7cb0c0799,paper=OptimalSteps,1,0.0,train,0.019995,0,-
3f126a3baa99198a,GPT_4O_MINI,b7f841dbb092661f,paper=OptimalSteps,1,0.0,train,5.5e-05,0,-
3f126a3baa99198a,GPT_4O_MINI,84b5074c0546293f,paper=OptimalSteps,1,0.0,test,0.176567,0,match
3f126a3baa99198a,GPT_4O_MINI,985bdc108f712802,paper=OptimalSteps,1,0.0,test,0.004818,0,match
3f126a3baa99198a,GPT_4O_MINI,d3ea4520bbf69375,paper=OptimalSteps,1,0.0,train,0.068204,0,-
3f126a3baa99198a,GPT_4O_MINI,aa5472a6efc4ac4f,paper=OptimalSteps,1,0.0,train,0.007226,0,-
3f126a3baa99198a,GPT_4O_MINI,dca462dd4dcef1ca,paper=OptimalSteps,1,0.0,train,4.4e-05,0,-
21a139c20bbac1e2,O3_MINI_HIGH,0bcd57ff8aa5d226,paper=OptimalSteps,1,0.0,train,0.001194,0,-
21a139c20bbac1e2,O3_MINI_HIGH,90386823d0eba55d,paper=OptimalSteps,1,1.0,train,0.91962,1,-
21a139c20bbac1e2,O3_MINI_HIGH,c4e251c9dd142dbd,paper=OptimalSteps,1,1.0,train,0.916117,1,-
21a139c20bbac1e2,O3_MINI_HIGH,dcd433040162a9cb,paper=OptimalSteps,1,0.0,train,0.001214,0,-
21a139c20bbac1e2,O3_MINI_HIGH,c2c4f1f7cb0c0799,paper=OptimalSteps,1,1.0,train,0.35691,0,-
21a139c20bbac1e2,O3_MINI_HIGH,b7f841dbb092661f,paper=OptimalSteps,1,0.0,train,0.0015,0,-
21a139c20bbac1e2,O3_MINI_HIGH,84b5074c0546293f,paper=OptimalSteps,1,1.0,train,0.853646,1,-
21a139c20bbac1e2,O3_MINI_HIGH,985bdc108f712802,paper=OptimalSteps,1,0.0,train,0.11637,0,-
21a139c20bbac1e2,O3_MINI_HIGH,d3ea4520bbf69375,paper=OptimalSteps,1,1.0,train,0.665669,1,-
21a139c20bbac1e2,O3_MINI_HIGH,aa5472a6efc4ac4f,paper=OptimalSteps,1,0.0,train,0.165271,0,-
21a139c20bbac1e2,O3_MINI_HIGH,dca462dd4dcef1ca,paper=OptimalSteps,1,0.0,train,0.001191,0,-
22e9aca88e136167,DEEPSEEK_R1,0bcd57ff8aa5d226,paper=OptimalSteps,1,0.0,train,0.00038,0,-
22e9aca88e136167,DEEPSEEK_R1,90386823d0eba55d,paper=OptimalSteps,1,1.0,test,0.784507,1,match
22e9aca88e136167,DEEPSEEK_R1,c4e251c9dd142dbd,paper=OptimalSteps,1,0.0,train,0.776546,1,-
22e9aca88e136167,DEEPSEEK_R1,dcd433040162a9cb,paper=OptimalSteps,1,0.0,test,0.000386,0,match
22e9aca88e136167,DEEPSEEK_R1,c2c4f1f7cb0c0799,paper=OptimalSteps,1,0.0,train,0.150093,0,-
22e9aca88e136167,DEEPSEEK_R1,b7f841dbb092661f,paper=OptimalSteps,1,0.0,train,0.000478,0,-
22e9aca88e136167,DEEPSEEK_R1,84b5074c0546293f,paper=OptimalSteps,1,1.0,test,0.64986,1,match
22e9aca88e136167,DEEPSEEK_R1,985bdc108f712802,paper=OptimalSteps,1,0.0,train,0.04022,0,-
22e9aca88e136167,DEEPSEEK_R1,d3ea4520bbf69375,paper=OptimalSteps,1,0.0,train,0.387839,0,-
22e9aca88e136167,DEEPSEEK_R1,aa5472a6efc4ac4f,paper=OptimalSteps,1,0.0,train,0.059268,0,-
22e9aca88e136167,DEEPSEEK_R1,dca462dd4dcef1ca,paper=OptimalSteps,1,0.0,train,0.000379,0,-
1872c1340f216012,O1_HIGH,0bcd57ff8aa5d226,paper=OptimalSteps,1,0.0,train,0.000591,0,-
1872c1340f216012,O1_HIGH,90386823d0eba55d,paper=OptimalSteps,1,1.0,train,0.849772,1,-
1872c1340f216012,O1_HIGH,c4e251c9dd142dbd,paper=OptimalSteps,1,1.0,train,0.843742,1,-
1872c1340f216012,O1_HIGH,dcd433040162a9cb,paper=OptimalSteps,1,0.0,train,0.0006,0,-
1872c1340f216012,O1_HIGH,c2c4f1f7cb0c0799,paper=OptimalSteps,1,0.0,train,0.215314,0,-
1872c1340f216012,O1_HIGH,b7f841dbb092661f,paper=OptimalSteps,1,0.0,train,0.000742,0,-
1872c1340f216012,O1_HIGH,84b5074c0546293f,paper=OptimalSteps,1,1.0,train,0.74252,1,-
1872c1340f216012,O1_HIGH,985bdc108f712802,paper=OptimalSteps,1,0.0,test,0.061132,0,match
1872c1340f216012,O1_HIGH,d3ea4520bbf69375,paper=OptimalSteps,1,1.0,train,0.496069,0,-
1872c1340f216012,O1_HIGH,aa5472a6efc4ac4f,paper=OptimalSteps,1,0.0,train,0.089162,0,-
1872c1340f216012,O1_HIGH,dca462dd4dcef1ca,paper=OptimalSteps,1,0.0,train,0.000589,0,-
8d49a7a13f10df7f,GPT_4_1,0bcd57ff8aa5d226,paper=OptimalSteps,1,0.0,test,0.000759,0,match
8d49a7a13f10df7f,GPT_4_1,90386823d0eba55d,paper=OptimalSteps,1,1.0,train,0.879049,1,-
8d49a7a13f10df7f,GPT_4_1,c4e251c9dd142dbd,paper=OptimalSteps,1,1.0,train,0.87402,1,-
8d49a7a13f10df7f,GPT_4_1,dcd433040162a9cb,paper=OptimalSteps,1,0.0,test,0.000771,0,match
8d49a7a13f10df7f,GPT_4_1,c2c4f1f7cb0c0799,paper=OptimalSteps,1,1.0,test,0.260659,0,miss
8d49a7a13f10df7f,GPT_4_1,b7f841dbb092661f,paper=OptimalSteps,1,0.0,train,0.000953,0,-
8d49a7a13f10df7f,GPT_4_1,84b5074c0546293f,paper=OptimalSteps,1,1.0,train,0.787471,1,-
8d49a7a13f10df7f,GPT_4_1,985bdc108f712802,paper=OptimalSteps,1,0.0,train,0.0772,0,-
8d49a7a13f10df7f,GPT_4_1,d3ea4520bbf69375,paper=OptimalSteps,1,1.0,train,0.558461,1,-
8d49a7a13f10df7f,GPT_4_1,aa5472a6efc4ac4f,paper=OptimalSteps,1,1.0,train,0.111723,0,-
8d49a7a13f10df7f,GPT_4_1,dca462dd4dcef1ca,paper=OptimalSteps,1,0.0,train,0.000757,0,-
efdd1f09f2fb64b9,GPT_4_1_MINI,0bcd57ff8aa5d226,paper=OptimalSteps,1,0.0,train,0.000348,0,-
efdd1f09f2fb64b9,GPT_4_1_MINI,90386823d0eba55d,paper=OptimalSteps,1,1.0,test,0.769145,1,match
efdd1f09f2fb64b9,GPT_4_1_MINI,c4e251c9dd142dbd,paper=OptimalSteps,1,1.0,train,0.76079,1,-
efdd1f09f2fb64b9,GPT_4_1_MINI,dcd433040162a9cb,paper=OptimalSteps,1,0.0,train,0.000354,0,-
efdd1f09f2fb64b9,GPT_4_1_MINI,c2c4f1f7cb0c0799,paper=OptimalSteps,1,1.0,train,0.139134,0,-
efdd1f09f2fb64b9,GPT_4_1_MINI,b7f841dbb092661f,paper=OptimalSteps,1,0.0,train,0.000437,0,-
efdd1f09f2fb64b9,GPT_4_1_MINI,84b5074c0546293f,paper=OptimalSteps,1,1.0,train,0.629433,1,-
efdd1f09f2fb64b9,GPT_4_1_MINI,985bdc108f712802,paper=OptimalSteps,1,0.0,train,0.036935,0,-
efdd1f09f2fb64b9,GPT_4_1_MINI,d3ea4520bbf69375,paper=OptimalSteps,1,0.0,train,0.367015,0,-
efdd1f09f2fb64b9,GPT_4_1_MINI,aa5472a6efc4ac4f,paper=OptimalSteps,1,0.0,test,0.054515,0,match
efdd1f09f2fb64b9,GPT_4_1_MINI,dca462dd4dcef1ca,paper=OptimalSteps,1,0.0,train,0.000347,0,-
be16a6de1e20efee,GPT_4_1_NANO,0bcd57ff8aa5d226,paper=OptimalSteps,1,0.0,train,1.9e-05,0,-
be16a6de1e20efee,GPT_4_1_NANO,90386823d0eba55d,paper=OptimalSteps,1,0.0,train,0.153725,0,-
be16a6de1e20efee,GPT_4_1_NANO,c4e251c9dd142dbd,paper=OptimalSteps,1,0.0,train,0.147776,0,-
be16a6de1e20efee,GPT_4_1_NANO,dcd433040162a9cb,paper=OptimalSteps,1,0.0,train,1.9e-05,0,-
be16a6de1e20efee,GPT_4_1_NANO,c2c4f1f7cb0c0799,paper=OptimalSteps,1,0.0,train,0.008735,0,-
be16a6de1e20efee,GPT_4_1_NANO,b7f841dbb092661f,paper=OptimalSteps,1,0.0,train,2.4e-05,0,-
be16a6de1e20efee,GPT_4_1_NANO,84b5074c0546293f,paper=OptimalSteps,1,0.0,train,0.084758,0,-
be16a6de1e20efee,GPT_4_1_NANO,985bdc108f712802,paper=OptimalSteps,1,0.0,test,0.002087,0,match
be16a6de1e20efee,GPT_4_1_NANO,d3ea4520bbf69375,paper=OptimalSteps,1,1.0,train,0.030643,0,-
be16a6de1e20efee,GPT_4_1_NANO,aa5472a6efc4ac4f,paper=OptimalSteps,1,0.0,train,0.003134,0,-
be16a6de1e20efee,GPT_4_1_NANO,dca462dd4dcef1ca,paper=OptimalSteps,1,0.0,train,1.9e-05,0,-
1c618d9d58429b09,O3_HIGH,0bcd57ff8aa5d226,paper=OptimalSteps,1,0.0,train,0.001828,0,-
1c618d9d58429b09,O3_HIGH,90386823d0eba55d,paper=OptimalSteps,1,1.0,train,0.94604,1,-
1c618d9d58429b09,O3_HIGH,c4e251c9dd142dbd,paper=OptimalSteps,1,1.0,train,0.943618,1,-
1c618d9d58429b09,O3_HIGH,dcd433040162a9cb,paper=OptimalSteps,1,0.0,train,0.001858,0,-
1c618d9d58429b09,O3_HIGH,c2c4f1f7cb0c0799,paper=OptimalSteps,1,0.0,train,0.459599,0,-
1c618d9d58429b09,O3_HIGH,b7f841dbb092661f,paper=OptimalSteps,1,0.0,train,0.002296,0,-
1c618d9d58429b09,O3_HIGH,84b5074c0546293f,paper=OptimalSteps,1,1.0,train,0.899378,1,-
1c618d9d58429b09,O3_HIGH,985bdc108f712802,paper=OptimalSteps,1,1.0,test,0.167923,0,miss
1c618d9d58429b09,O3_HIGH,d3ea4520bbf69375,paper=OptimalSteps,1,1.0,train,0.753154,1,-
1c618d9d58429b09,O3_HIGH,aa5472a6efc4ac4f,paper=OptimalSteps,1,0.0,train,0.232781,0,-
1c618d9d58429b09,O3_HIGH,dca462dd4dcef1ca,paper=OptimalSteps,1,0.0,train,0.001824,0,-
bce3d3ee52ef698f,CLAUDE_3_5_SONNET_2024_10_22,0bcd57ff8aa5d226,paper=OptimalSteps,1,0.0,train,0.000531,0,-
bce3d3ee52ef698f,CLAUDE_3_5_SONNET_2024_10_22,90386823d0eba55d,paper=OptimalSteps,1,1.0,train,0.835702,1,-
bce3d3ee52ef698f,CLAUDE_3_5_SONNET_2024_10_22,c4e251c9dd142dbd,paper=OptimalSteps,1,1.0,train,0.829221,1,-
bce3d3ee52ef698f,CLAUDE_3_5_SONNET_2024_10_22,dcd433040162a9cb,paper=OptimalSteps,1,0.0,train,0.00054,0,-
bce3d3ee52ef698f,CLAUDE_3_5_SONNET_2024_10_22,c2c4f1f7cb0c0799,paper=OptimalSteps,1,1.0,train,0.197911,0,-
bce3d3ee52ef698f,CLAUDE_3_5_SONNET_2024_10_22,b7f841dbb092661f,paper=OptimalSteps,1,0.0,test,0.000667,0,match
bce3d3ee52ef698f,CLAUDE_3_5_SONNET_2024_10_22,84b5074c0546293f,paper=OptimalSteps,1,1.0,test,0.721696,1,match
bce3d3ee52ef698f,CLAUDE_3_5_SONNET_2024_10_22,985bdc108f712802,paper=OptimalSteps,1,0.0,train,0.055312,0,-
bce3d3ee52ef698f,CLAUDE_3_5_SONNET_2024_10_22,d3ea4520bbf69375,paper=OptimalSteps,1,0.0,train,0.469552,0,-
bce3d3ee52ef698f,CLAUDE_3_5_SONNET_2024_10_22,aa5472a6efc4ac4f,paper=OptimalSteps,1,0.0,train,0.080904,0,-
bce3d3ee52ef698f,CLAUDE_3_5_SONNET_2024_10_22,dca462dd4dcef1ca,paper=OptimalSteps,1,0.0,test,0.00053,0,match
39edf3fbaacf1629,CLAUDE_3_7_SONNET_2025_02_19,0bcd57ff8aa5d226,paper=OptimalSteps,1,0.0,train,0.000761,0,-
39edf3fbaacf1629,CLAUDE_3_7_SONNET_2025_02_19,90386823d0eba55d,paper=OptimalSteps,1,1.0,test,0.87935,1,match
39edf3fbaacf1629,CLAUDE_3_7_SONNET_2025_02_19,c4e251c9dd142dbd,paper=OptimalSteps,1,1.0,train,0.874332,1,-
39edf3fbaacf1629,CLAUDE_3_7_SONNET_2025_02_19,dcd433040162a9cb,paper=OptimalSteps,1,0.0,test,0.000773,0,match
39edf3fbaacf1629,CLAUDE_3_7_SONNET_2025_02_19,c2c4f1f7cb0c0799,paper=OptimalSteps,1,0.0,train,0.261206,0,-
39edf3fbaacf1629,CLAUDE_3_7_SONNET_2025_02_19,b7f841dbb092661f,paper=OptimalSteps,1,0.0,train,0.000956,0,-
39edf3fbaacf1629,CLAUDE_3_7_SONNET_2025_02_19,84b5074c0546293f,paper=OptimalSteps,1,1.0,train,0.787945,1,-
39edf3fbaacf1629,CLAUDE_3_7_SONNET_2025_02_19,985bdc108f712802,paper=OptimalSteps,1,0.0,train,0.077403,0,-
39edf3fbaacf1629,CLAUDE_3_7_SONNET_2025_02_19,d3ea4520bbf69375,paper=OptimalSteps,1,0.0,train,0.55916,1,-
39edf3fbaacf1629,CLAUDE_3_7_SONNET_2025_02_19,aa5472a6efc4ac4f,paper=OptimalSteps,1,1.0,train,0.112004,0,-
39edf3fbaacf1629,CLAUDE_3_7_SONNET_2025_02_19,dca462dd4dcef1ca,paper=OptimalSteps,1,0.0,train,0.000759,0,-
a531ea372ae4b71d,GROK_3_BETA,0bcd57ff8aa5d226,paper=OptimalSteps,1,0.0,test,0.000276,0,match
a531ea372ae4b71d,GROK_3_BETA,90386823d0eba55d,paper=OptimalSteps,1,1.0,train,0.72547,1,-
a531ea372ae4b71d,GROK_3_BETA,c4e251c9dd142dbd,paper=OptimalSteps,1,1.0,train,0.716118,1,-
a531ea372ae4b71d,GROK_3_BETA,dcd433040162a9cb,paper=OptimalSteps,1,0.0,train,0.000281,0,-
a531ea372ae4b71d,GROK_3_BETA,c2c4f1f7cb0c0799,paper=OptimalSteps,1,1.0,test,0.113625,0,miss
a531ea372ae4b71d,GROK_3_BETA,b7f841dbb092661f,paper=OptimalSteps,1,0.0,train,0.000347,0,-
a531ea372ae4b71d,GROK_3_BETA,84b5074c0546293f,paper=OptimalSteps,1,1.0,train,0.573966,1,-
a531ea372ae4b71d,GROK_3_BETA,985bdc108f712802,paper=OptimalSteps,1,1.0,train,0.029521,0,-
a531ea372ae4b71d,GROK_3_BETA,d3ea4520bbf69375,paper=OptimalSteps,1,1.0,test,0.315015,0,miss
a531ea372ae4b71d,GROK_3_BETA,aa5472a6efc4ac4f,paper=OptimalSteps,1,0.0,test,0.043732,0,match
a531ea372ae4b71d,GROK_3_BETA,dca462dd4dcef1ca,paper=OptimalSteps,1,0.0,test,0.000275,0,match
ac78f79a36a11b0e,GEMINI_2_5_PRO_PREVIEW_03_25,0bcd57ff8aa5d226,paper=OptimalSteps,1,0.0,train,0.002285,0,-
ac78f79a36a11b0e,GEMINI_2_5_PRO_PREVIEW_03_25,90386823d0eba55d,paper=OptimalSteps,1,1.0,train,0.956374,1,-
ac78f79a36a11b0e,GEMINI_2_5_PRO_PREVIEW_03_25,c4e251c9dd142dbd,paper=OptimalSteps,1,1.0,train,0.954393,1,-
ac78f79a36a11b0e,GEMINI_2_5_PRO_PREVIEW_03_25,dcd433040162a9cb,paper=OptimalSteps,1,0.0,train,0.002323,0,-
ac78f79a36a11b0e,GEMINI_2_5_PRO_PREVIEW_03_25,c2c4f1f7cb0c0799,paper=OptimalSteps,1,0.0,train,0.515369,1,-
ac78f79a36a11b0e,GEMINI_2_5_PRO_PREVIEW_03_25,b7f841dbb092661f,paper=OptimalSteps,1,0.0,train,0.00287,0,-
ac78f79a36a11b0e,GEMINI_2_5_PRO_PREVIEW_03_25,84b5074c0546293f,paper=OptimalSteps,1,1.0,test,0.917873,1,match
ac78f79a36a11b0e,GEMINI_2_5_PRO_PREVIEW_03_25,985bdc108f712802,paper=OptimalSteps,1,0.0,test,0.201497,0,match
ac78f79a36a11b0e,GEMINI_2_5_PRO_PREVIEW_03_25,d3ea4520bbf69375,paper=OptimalSteps,1,1.0,train,0.792319,1,-
ac78f79a36a11b0e,GEMINI_2_5_PRO_PREVIEW_03_25,aa5472a6efc4ac4f,paper=OptimalSteps,1,0.0,train,0.275035,0,-
ac78f79a36a11b0e,GEMINI_2_5_PRO_PREVIEW_03_25,dca462dd4dcef1ca,paper=OptimalSteps,1,0.0,train,0.00228,0,-
b97dccb68ad1d70a,OPENROUTER_DEEPSEEK_CHAT_V3_0324,0bcd57ff8aa5d226,paper=OptimalSteps,1,0.0,test,0.000308,0,match
b97dccb68ad1d70a,OPENROUTER_DEEPSEEK_CHAT_V3_0324,90386823d0eba55d,paper=OptimalSteps,1,1.0,train,0.746634,1,-
b97dccb68ad1d70a,OPENROUTER_DEEPSEEK_CHAT_V3_0324,c4e251c9dd142dbd,paper=OptimalSteps,1,1.0,train,0.737742,1,-
b97dccb68ad1d70a,OPENROUTER_DEEPSEEK_CHAT_V3_0324,dcd433040162a9cb,paper=OptimalSteps,1,0.0,train,0.000313,0,-
b97dccb68ad1d70a,OPENROUTER_DEEPSEEK_CHAT_V3_0324,c2c4f1f7cb0c0799,paper=OptimalSteps,1,0.0,train,0.125072,0,-
b97dccb68ad1d70a,OPENROUTER_DEEPSEEK_CHAT_V3_0324,b7f841dbb092661f,paper=OptimalSteps,1,0.0,train,0.000387,0,-
b97dccb68ad1d70a,OPENROUTER_DEEPSEEK_CHAT_V3_0324,84b5074c0546293f,paper=OptimalSteps,1,1.0,train,0.600377,1,-
b97dccb68ad1d70a,OPENROUTER_DEEPSEEK_CHAT_V3_0324,985bdc108f712802,paper=OptimalSteps,1,0.0,train,0.032808,0,-
b97dccb68ad1d70a,OPENROUTER_DEEPSEEK_CHAT_V3_0324,d3ea4520bbf69375,paper=OptimalSteps,1,0.0,train,0.338991,0,-
b97dccb68ad1d70a,OPENROUTER_DEEPSEEK_CHAT_V3_0324,aa5472a6efc4ac4f,paper=OptimalSteps,1,1.0,test,0.048523,0,miss
b97dccb68ad1d70a,OPENROUTER_DEEPSEEK_CHAT_V3_0324,dca462dd4dcef1ca,paper=OptimalSteps,1,0.0,train,0.000307,0,-
09f4a41bb2e2d341,QWEN_2_5_CODER_32B_INSTRUCT,0bcd57ff8aa5d226,paper=OptimalSteps,1,0.0,train,5.8e-05,0,-
09f4a41bb2e2d341,QWEN_2_5_CODER_32B_INSTRUCT,90386823d0eba55d,paper=OptimalSteps,1,0.0,train,0.35785,0,-
09f4a41bb2e2d341,QWEN_2_5_CODER_32B_INSTRUCT,c4e251c9dd142dbd,paper=OptimalSteps,1,0.0,train,0.347242,0,-
09f4a41bb2e2d341,QWEN_2_5_CODER_32B_INSTRUCT,dcd433040162a9cb,paper=OptimalSteps,1,0.0,train,5.9e-05,0,-
09f4a41bb2e2d341,QWEN_2_5_CODER_32B_INSTRUCT,c2c4f1f7cb0c0799,paper=OptimalSteps,1,0.0,train,0.026321,0,-
09f4a41bb2e2d341,QWEN_2_5_CODER_32B_INSTRUCT,b7f841dbb092661f,paper=OptimalSteps,1,0.0,test,7.3e-05,0,match
09f4a41bb2e2d341,QWEN_2_5_CODER_32B_INSTRUCT,84b5074c0546293f,paper=OptimalSteps,1,0.0,test,0.221247,0,match
09f4a41bb2e2d341,QWEN_2_5_CODER_32B_INSTRUCT,985bdc108f712802,paper=OptimalSteps,1,0.0,test,0.006374,0,match
09f4a41bb2e2d341,QWEN_2_5_CODER_32B_INSTRUCT,d3ea4520bbf69375,paper=OptimalSteps,1,0.0,train,0.088407,0,-
09f4a41bb2e2d341,QWEN_2_5_CODER_32B_INSTRUCT,aa5472a6efc4ac4f,paper=OptimalSteps,1,0.0,train,0.009552,0,-
09f4a41bb2e2d341,QWEN_2_5_CODER_32B_INSTRUCT,dca462dd4dcef1ca,paper=OptimalSteps,1,0.0,train,5.8e-05,0,-
c117f9213dc5d8c9,LLAMA_3_3_70B_INSTRUCT,0bcd57ff8aa5d226,paper=OptimalSteps,1,0.0,train,1e-05,0,-
c117f9213dc5d8c9,LLAMA_3_3_70B_INSTRUCT,90386823d0eba55d,paper=OptimalSteps,1,0.0,train,0.085713,0,-
c117f9213dc5d8c9,LLAMA_3_3_70B_INSTRUCT,c4e251c9dd142dbd,paper=OptimalSteps,1,0.0,train,0.08214,0,-
c117f9213dc5d8c9,LLAMA_3_3_70B_INSTRUCT,dcd433040162a9cb,paper=OptimalSteps,1,0.0,train,1e-05,0,-
c117f9213dc5d8c9,LLAMA_3_3_70B_INSTRUCT,c2c4f1f7cb0c0799,paper=OptimalSteps,1,0.0,train,0.004527,0,-
c117f9213dc5d8c9,LLAMA_3_3_70B_INSTRUCT,b7f841dbb092661f,paper=OptimalSteps,1,0.0,test,1.2e-05,0,match
c117f9213dc5d8c9,LLAMA_3_3_70B_INSTRUCT,84b5074c0546293f,paper=OptimalSteps,1,0.0,train,0.045614,0,-
c117f9213dc5d8c9,LLAMA_3_3_70B_INSTRUCT,985bdc108f712802,paper=OptimalSteps,1,0.0,train,0.001078,0,-
c117f9213dc5d8c9,LLAMA_3_3_70B_INSTRUCT,d3ea4520bbf69375,paper=OptimalSteps,1,0.0,test,0.016053,0,match
c117f9213dc5d8c9,LLAMA_3_3_70B_INSTRUCT,aa5472a6efc4ac4f,paper=OptimalSteps,1,0.0,train,0.00162,0,-
c117f9213dc5d8c9,LLAMA_3_3_70B_INSTRUCT,dca462dd4dcef1ca,paper=OptimalSteps,1,0.0,train,1e-05,0,-
b2436ce8ede11e03,OPENROUTER_O4_MINI_HIGH,0bcd57ff8aa5d226,paper=OptimalSteps,1,0.0,train,0.001577,0,-
b2436ce8ede11e03,OPENROUTER_O4_MINI_HIGH,90386823d0eba55d,paper=OptimalSteps,1,1.0,train,0.937959,1,-
b2436ce8ede11e03,OPENROUTER_O4_MINI_HIGH,c4e251c9dd142dbd,paper=OptimalSteps,1,1.0,test,0.935199,1,match
b2436ce8ede11e03,OPENROUTER_O4_MINI_HIGH,dcd433040162a9cb,paper=OptimalSteps,1,0.0,train,0.001603,0,-
b2436ce8ede11e03,OPENROUTER_O4_MINI_HIGH,c2c4f1f7cb0c0799,paper=OptimalSteps,1,1.0,train,0.423093,0,-
b2436ce8ede11e03,OPENROUTER_O4_MINI_HIGH,b7f841dbb092661f,paper=OptimalSteps,1,0.0,train,0.001981,0,-
b2436ce8ede11e03,OPENROUTER_O4_MINI_HIGH,84b5074c0546293f,paper=OptimalSteps,1,1.0,train,0.885157,1,-
b2436ce8ede11e03,OPENROUTER_O4_MINI_HIGH,985bdc108f712802,paper=OptimalSteps,1,0.0,train,0.14823,0,-
b2436ce8ede11e03,OPENROUTER_O4_MINI_HIGH,d3ea4520bbf69375,paper=OptimalSteps,1,1.0,train,0.724595,1,-
b2436ce8ede11e03,OPENROUTER_O4_MINI_HIGH,aa5472a6efc4ac4f,paper=OptimalSteps,1,0.0,train,0.207377,0,-
b2436ce8ede11e03,OPENROUTER_O4_MINI_HIGH,dca462dd4dcef1ca,paper=OptimalSteps,1,0.0,train,0.001573,0,-
2bfd4cd36591d7f5,GROK_3_MINI_BETA_HIGH,0bcd57ff8aa5d226,paper=OptimalSteps,1,0.0,test,3.1e-05,0,match
2bfd4cd36591d7f5,GROK_3_MINI_BETA_HIGH,90386823d0eba55d,paper=OptimalSteps,1,0.0,test,0.231125,0,match
2bfd4cd36591d7f5,GROK_3_MINI_BETA_HIGH,c4e251c9dd142dbd,paper=OptimalSteps,1,0.0,train,0.222969,0,-
2bfd4cd36591d7f5,GROK_3_MINI_BETA_HIGH,dcd433040162a9cb,paper=OptimalSteps,1,0.0,train,3.2e-05,0,-
2bfd4cd36591d7f5,GROK_3_MINI_BETA_HIGH,c2c4f1f7cb0c0799,paper=OptimalSteps,1,0.0,train,0.014372,0,-
2bfd4cd36591d7f5,GROK_3_MINI_BETA_HIGH,b7f841dbb092661f,paper=OptimalSteps,1,0.0,train,3.9e-05,0,-
2bfd4cd36591d7f5,GROK_3_MINI_BETA_HIGH,84b5074c0546293f,paper=OptimalSteps,1,0.0,test,0.132886,0,match
2bfd4cd36591d7f5,GROK_3_MINI_BETA_HIGH,985bdc108f712802,paper=OptimalSteps,1,0.0,train,0.003448,0,-
2bfd4cd36591d7f5,GROK_3_MINI_BETA_HIGH,d3ea4520bbf69375,paper=OptimalSteps,1,0.0,test,0.049713,0,match
2bfd4cd36591d7f5,GROK_3_MINI_BETA_HIGH,aa5472a6efc4ac4f,paper=OptimalSteps,1,0.0,train,0.005175,0,-
2bfd4cd36591d7f5,GROK_3_MINI_BETA_HIGH,dca462dd4dcef1ca,paper=OptimalSteps,1,0.0,train,3.1e-05,0,-
9dafe621e945d614,GROK_2_1212,0bcd57ff8aa5d226,paper=OptimalSteps,1,0.0,train,3.4e-05,0,-
9dafe621e945d614,GROK_2_1212,90386823d0eba55d,paper=OptimalSteps,1,1.0,train,0.246722,0,-
9dafe621e945d614,GROK_2_1212,c4e251c9dd142dbd,paper=OptimalSteps,1,0.0,train,0.238187,0,-
9dafe621e945d614,GROK_2_1212,dcd433040162a9cb,paper=OptimalSteps,1,0.0,test,3.5e-05,0,match
9dafe621e945d614,GROK_2_1212,c2c4f1f7cb0c0799,paper=OptimalSteps,1,0.0,train,0.01564,0,-
9dafe621e945d614,GROK_2_1212,b7f841dbb092661f,paper=OptimalSteps,1,0.0,train,4.3e-05,0,-
9dafe621e945d614,GROK_2_1212,84b5074c0546293f,paper=OptimalSteps,1,0.0,train,0.143088,0,-
9dafe621e945d614,GROK_2_1212,985bdc108f712802,paper=OptimalSteps,1,0.0,train,0.003756,0,-
9dafe621e945d614,GROK_2_1212,d3ea4520bbf69375,paper=OptimalSteps,1,0.0,train,0.053926,0,-
9dafe621e945d614,GROK_2_1212,aa5472a6efc4ac4f,paper=OptimalSteps,1,0.0,test,0.005636,0,match
9dafe621e945d614,GROK_2_1212,dca462dd4dcef1ca,paper=OptimalSteps,1,0.0,train,3.4e-05,0,-
8d84404dc2cabd80,OPENROUTER_CLAUDE_3_5_HAIKU,0bcd57ff8aa5d226,paper=OptimalSteps,1,0.0,test,0.000235,0,match
8d84404dc2cabd80,OPENROUTER_CLAUDE_3_5_HAIKU,90386823d0eba55d,paper=OptimalSteps,1,1.0,train,0.691966,1,-
8d84404dc2cabd80,OPENROUTER_CLAUDE_3_5_HAIKU,c4e251c9dd142dbd,paper=OptimalSteps,1,0.0,test,0.681972,1,miss
8d84404dc2cabd80,OPENROUTER_CLAUDE_3_5_HAIKU,dcd433040162a9cb,paper=OptimalSteps,1,0.0,train,0.000239,0,-
8d84404dc2cabd80,OPENROUTER_CLAUDE_3_5_HAIKU,c2c4f1f7cb0c0799,paper=OptimalSteps,1,0.0,train,0.098263,0,-
8d84404dc2cabd80,OPENROUTER_CLAUDE_3_5_HAIKU,b7f841dbb092661f,paper=OptimalSteps,1,0.0,train,0.000295,0,-
8d84404dc2cabd80,OPENROUTER_CLAUDE_3_5_HAIKU,84b5074c0546293f,paper=OptimalSteps,1,0.0,train,0.533853,1,-
8d84404dc2cabd80,OPENROUTER_CLAUDE_3_5_HAIKU,985bdc108f712802,paper=OptimalSteps,1,0.0,train,0.025206,0,-
8d84404dc2cabd80,OPENROUTER_CLAUDE_3_5_HAIKU,d3ea4520bbf69375,paper=OptimalSteps,1,0.0,train,0.28106,0,-
8d84404dc2cabd80,OPENROUTER_CLAUDE_3_5_HAIKU,aa5472a6efc4ac4f,paper=OptimalSteps,1,0.0,test,0.037421,0,match
8d84404dc2cabd80,OPENROUTER_CLAUDE_3_5_HAIKU,dca462dd4dcef1ca,paper=OptimalSteps,1,0.0,train,0.000234,0,-
42d17e7b8b8e8451,OPENROUTER_LLAMA_4_MAVERICK,0bcd57ff8aa5d226,paper=OptimalSteps,1,0.0,train,7.5e-05,0,-
42d17e7b8b8e8451,OPENROUTER_LLAMA_4_MAVERICK,90386823d0eba55d,paper=OptimalSteps,1,1.0,test,0.418208,0,miss
42d17e7b8b8e8451,OPENROUTER_LLAMA_4_MAVERICK,c4e251c9dd142dbd,paper=OptimalSteps,1,0.0,train,0.406945,0,-
42d17e7b8b8e8451,OPENROUTER_LLAMA_4_MAVERICK,dcd433040162a9cb,paper=OptimalSteps,1,0.0,train,7.6e-05,0,-
42d17e7b8b8e8451,OPENROUTER_LLAMA_4_MAVERICK,c2c4f1f7cb0c0799,paper=OptimalSteps,1,0.0,train,0.033695,0,-
42d17e7b8b8e8451,OPENROUTER_LLAMA_4_MAVERICK,b7f841dbb092661f,paper=OptimalSteps,1,0.0,train,9.4e-05,0,-
42d17e7b8b8e8451,OPENROUTER_LLAMA_4_MAVERICK,84b5074c0546293f,paper=OptimalSteps,1,0.0,train,0.268187,0,-
42d17e7b8b8e8451,OPENROUTER_LLAMA_4_MAVERICK,985bdc108f712802,paper=OptimalSteps,1,0.0,train,0.008206,0,-
42d17e7b8b8e8451,OPENROUTER_LLAMA_4_MAVERICK,d3ea4520bbf69375,paper=OptimalSteps,1,0.0,train,0.111188,0,-
42d17e7b8b8e8451,OPENROUTER_LLAMA_4_MAVERICK,aa5472a6efc4ac4f,paper=OptimalSteps,1,0.0,train,0.012287,0,-
42d17e7b8b8e8451,OPENROUTER_LLAMA_4_MAVERICK,dca462dd4dcef1ca,paper=OptimalSteps,1,0.0,train,7.5e-05,0,-
f346f5a402064340,OPENROUTER_LLAMA_4_SCOUT,0bcd57ff8aa5d226,paper=OptimalSteps,1,0.0,train,2.4e-05,0,-
f346f5a402064340,OPENROUTER_LLAMA_4_SCOUT,90386823d0eba55d,paper=OptimalSteps,1,0.0,train,0.187575,0,-
f346f5a402064340,OPENROUTER_LLAMA_4_SCOUT,c4e251c9dd142dbd,paper=OptimalSteps,1,0.0,train,0.180595,0,-
f346f5a402064340,OPENROUTER_LLAMA_4_SCOUT,dcd433040162a9cb,paper=OptimalSteps,1,0.0,test,2.5e-05,0,match
f346f5a402064340,OPENROUTER_LLAMA_4_SCOUT,c2c4f1f7cb0c0799,paper=OptimalSteps,1,0.0,test,0.011076,0,match
f346f5a402064340,OPENROUTER_LLAMA_4_SCOUT,b7f841dbb092661f,paper=OptimalSteps,1,0.0,train,3e-05,0,-
f346f5a402064340,OPENROUTER_LLAMA_4_SCOUT,84b5074c0546293f,paper=OptimalSteps,1,0.0,train,0.105311,0,-
f346f5a402064340,OPENROUTER_LLAMA_4_SCOUT,985bdc108f712802,paper=OptimalSteps,1,0.0,test,0.002651,0,match
f346f5a402064340,OPENROUTER_LLAMA_4_SCOUT,d3ea4520bbf69375,paper=OptimalSteps,1,0.0,train,0.038628,0,-
f346f5a402064340,OPENROUTER_LLAMA_4_SCOUT,aa5472a6efc4ac4f,paper=OptimalSteps,1,0.0,test,0.00398,0,match
f346f5a402064340,OPENROUTER_LLAMA_4_SCOUT,dca462dd4dcef1ca,paper=OptimalSteps,1,0.0,train,2.4e-05,0,-
d9512a7be0630043,MISTRAL_CODESTRAL_2501,0bcd57ff8aa5d226,paper=OptimalSteps,1,0.0,train,0.000113,0,-
d9512a7be0630043,MISTRAL_CODESTRAL_2501,90386823d0eba55d,paper=OptimalSteps,1,0.0,train,0.520765,1,-
d9512a7be0630043,MISTRAL_CODESTRAL_2501,c4e251c9dd142dbd,paper=OptimalSteps,1,1.0,train,0.509157,1,-
d9512a7be0630043,MISTRAL_CODESTRAL_2501,dcd433040162a9cb,paper=OptimalSteps,1,0.0,test,0.000115,0,match
d9512a7be0630043,MISTRAL_CODESTRAL_2501,c2c4f1f7cb0c0799,paper=OptimalSteps,1,0.0,test,0.050074,0,match
d9512a7be0630043,MISTRAL_CODESTRAL_2501,b7f841dbb092661f,paper=OptimalSteps,1,0.0,train,0.000143,0,-
d9512a7be0630043,MISTRAL_CODESTRAL_2501,84b5074c0546293f,paper=OptimalSteps,1,1.0,train,0.356498,0,-
d9512a7be0630043,MISTRAL_CODESTRAL_2501,985bdc108f712802,paper=OptimalSteps,1,0.0,train,0.012354,0,-
d9512a7be0630043,MISTRAL_CODESTRAL_2501,d3ea4520bbf69375,paper=OptimalSteps,1,0.0,train,0.159035,0,-
d9512a7be0630043,MISTRAL_CODESTRAL_2501,aa5472a6efc4ac4f,paper=OptimalSteps,1,0.0,train,0.018458,0,-
d9512a7be0630043,MISTRAL_CODESTRAL_2501,dca462dd4dcef1ca,paper=OptimalSteps,1,0.0,train,0.000113,0,-
4a938d775c0363f7,GEMINI_2_5_PRO_PREVIEW_05_06,0bcd57ff8aa5d226,paper=OptimalSteps,1,0.0,train,0.003751,0,-
4a938d775c0363f7,GEMINI_2_5_PRO_PREVIEW_05_06,90386823d0eba55d,paper=OptimalSteps,1,1.0,train,0.973002,1,-
4a938d775c0363f7,GEMINI_2_5_PRO_PREVIEW_05_06,c4e251c9dd142dbd,paper=OptimalSteps,1,1.0,test,0.971754,1,match
4a938d775c0363f7,GEMINI_2_5_PRO_PREVIEW_05_06,dcd433040162a9cb,paper=OptimalSteps,1,0.0,train,0.003813,0,-
4a938d775c0363f7,GEMINI_2_5_PRO_PREVIEW_05_06,c2c4f1f7cb0c0799,paper=OptimalSteps,1,0.0,train,0.636134,1,-
4a938d775c0363f7,GEMINI_2_5_PRO_PREVIEW_05_06,b7f841dbb092661f,paper=OptimalSteps,1,0.0,test,0.004709,0,match
4a938d775c0363f7,GEMINI_2_5_PRO_PREVIEW_05_06,84b5074c0546293f,paper=OptimalSteps,1,1.0,train,0.948383,1,-
4a938d775c0363f7,GEMINI_2_5_PRO_PREVIEW_05_06,985bdc108f712802,paper=OptimalSteps,1,0.0,train,0.293211,0,-
4a938d775c0363f7,GEMINI_2_5_PRO_PREVIEW_05_06,d3ea4520bbf69375,paper=OptimalSteps,1,0.0,train,0.862485,1,-
4a938d775c0363f7,GEMINI_2_5_PRO_PREVIEW_05_06,aa5472a6efc4ac4f,paper=OptimalSteps,1,0.0,train,0.384121,0,-
4a938d775c0363f7,GEMINI_2_5_PRO_PREVIEW_05_06,dca462dd4dcef1ca,paper=OptimalSteps,1,0.0,train,0.003743,0,-
0201bf34008b40fa,OPENROUTER_QWEN_TURBO,0bcd57ff8aa5d226,paper=OptimalSteps,1,0.0,train,4e-06,0,-
0201bf34008b40fa,OPENROUTER_QWEN_TURBO,90386823d0eba55d,paper=OptimalSteps,1,0.0,train,0.0389,0,-
0201bf34008b40fa,OPENROUTER_QWEN_TURBO,c4e251c9dd142dbd,paper=OptimalSteps,1,0.0,train,0.037199,0,-
0201bf34008b40fa,OPENROUTER_QWEN_TURBO,dcd433040162a9cb,paper=OptimalSteps,1,0.0,train,4e-06,0,-
0201bf34008b40fa,OPENROUTER_QWEN_TURBO,c2c4f1f7cb0c0799,paper=OptimalSteps,1,0.0,train,0.00196,0,-
0201bf34008b40fa,OPENROUTER_QWEN_TURBO,b7f841dbb092661f,paper=OptimalSteps,1,0.0,train,5e-06,0,-
0201bf34008b40fa,OPENROUTER_QWEN_TURBO,84b5074c0546293f,paper=OptimalSteps,1,0.0,test,0.020217,0,match
0201bf34008b40fa,OPENROUTER_QWEN_TURBO,985bdc108f712802,paper=OptimalSteps,1,0.0,train,0.000466,0,-
0201bf34008b40fa,OPENROUTER_QWEN_TURBO,d3ea4520bbf69375,paper=OptimalSteps,1,0.0,train,0.006994,0,-
0201bf34008b40fa,OPENROUTER_QWEN_TURBO,aa5472a6efc4ac4f,paper=OptimalSteps,1,0.0,train,0.0007,0,-
0201bf34008b40fa,OPENROUTER_QWEN_TURBO,dca462dd4dcef1ca,paper=OptimalSteps,1,0.0,test,4e-06,0,match
9bbf8d46fe2a4b4d,OPENROUTER_MISTRAL_CODESTRAL_MAMBA,0bcd57ff8aa5d226,paper=OptimalSteps,1,0.0,train,1e-06,0,-
9bbf8d46fe2a4b4d,OPENROUTER_MISTRAL_CODESTRAL_MAMBA,90386823d0eba55d,paper=OptimalSteps,1,0.0,train,0.00856,0,-
9bbf8d46fe2a4b4d,OPENROUTER_MISTRAL_CODESTRAL_MAMBA,c4e251c9dd142dbd,paper=OptimalSteps,1,0.0,train,0.008174,0,-
9bbf8d46fe2a4b4d,OPENROUTER_MISTRAL_CODESTRAL_MAMBA,dcd433040162a9cb,paper=OptimalSteps,1,0.0,train,1e-06,0,-
9bbf8d46fe2a4b4d,OPENROUTER_MISTRAL_CODESTRAL_MAMBA,c2c4f1f7cb0c0799,paper=OptimalSteps,1,0.0,train,0.000419,0,-
9bbf8d46fe2a4b4d,OPENROUTER_MISTRAL_CODESTRAL_MAMBA,b7f841dbb092661f,paper=OptimalSteps,1,0.0,train,1e-06,0,-
9bbf8d46fe2a4b4d,OPENROUTER_MISTRAL_CODESTRAL_MAMBA,84b5074c0546293f,paper=OptimalSteps,1,0.0,test,0.004382,0,match
9bbf8d46fe2a4b4d,OPENROUTER_MISTRAL_CODESTRAL_MAMBA,985bdc108f712802,paper=OptimalSteps,1,0.0,train,9.9e-05,0,-
9bbf8d46fe2a4b4d,OPENROUTER_MISTRAL_CODESTRAL_MAMBA,d3ea4520bbf69375,paper=OptimalSteps,1,0.0,train,0.0015,0,-
9bbf8d46fe2a4b4d,OPENROUTER_MISTRAL_CODESTRAL_MAMBA,aa5472a6efc4ac4f,paper=OptimalSteps,1,0.0,train,0.000149,0,-
9bbf8d46fe2a4b4d,OPENROUTER_MISTRAL_CODESTRAL_MAMBA,dca462dd4dcef1ca,paper=OptimalSteps,1,0.0,train,1e-06,0,-
0e68149d77ff2477,OPENROUTER_AMAZON_NOVA_PRO_1_0,0bcd57ff8aa5d226,paper=OptimalSteps,1,0.0,train,5.6e-05,0,-
0e68149d77ff2477,OPENROUTER_AMAZON_NOVA_PRO_1_0,90386823d0eba55d,paper=OptimalSteps,1,0.0,train,0.349873,0,-
0e68149d77ff2477,OPENROUTER_AMAZON_NOVA_PRO_1_0,c4e251c9dd142dbd,paper=OptimalSteps,1,0.0,test,0.339377,0,match
0e68149d77ff2477,OPENROUTER_AMAZON_NOVA_PRO_1_0,dcd433040162a9cb,paper=OptimalSteps,1,0.0,train,5.7e-05,0,-
0e68149d77ff2477,OPENROUTER_AMAZON_NOVA_PRO_1_0,c2c4f1f7cb0c0799,paper=OptimalSteps,1,0.0,train,0.025442,0,-
0e68149d77ff2477,OPENROUTER_AMAZON_NOVA_PRO_1_0,b7f841dbb092661f,paper=OptimalSteps,1,0.0,train,7.1e-05,0,-
0e68149d77ff2477,OPENROUTER_AMAZON_NOVA_PRO_1_0,84b5074c0546293f,paper=OptimalSteps,1,0.0,train,0.215294,0,-
0e68149d77ff2477,OPENROUTER_AMAZON_NOVA_PRO_1_0,985bdc108f712802,paper=OptimalSteps,1,0.0,test,0.006157,0,match
0e68149d77ff2477,OPENROUTER_AMAZON_NOVA_PRO_1_0,d3ea4520bbf69375,paper=OptimalSteps,1,1.0,train,0.085635,0,-
0e68149d77ff2477,OPENROUTER_AMAZON_NOVA_PRO_1_0,aa5472a6efc4ac4f,paper=OptimalSteps,1,0.0,train,0.009227,0,-
0e68149d77ff2477,OPENROUTER_AMAZON_NOVA_PRO_1_0,dca462dd4dcef1ca,paper=OptimalSteps,1,0.0,train,5.6e-05,0,-
f89d3f7268252d37,OPENROUTER_COHERE_COMMAND_A,0bcd57ff8aa5d226,paper=OptimalSteps,1,0.0,train,8.7e-05,0,-
f89d3f7268252d37,OPENROUTER_COHERE_COMMAND_A,90386823d0eba55d,paper=OptimalSteps,1,1.0,train,0.455708,0,-
f89d3f7268252d37,OPENROUTER_COHERE_COMMAND_A,c4e251c9dd142dbd,paper=OptimalSteps,1,0.0,test,0.444206,0,match
f89d3f7268252d37,OPENROUTER_COHERE_COMMAND_A,dcd433040162a9cb,paper=OptimalSteps,1,0.0,train,8.9e-05,0,-
f89d3f7268252d37,OPENROUTER_COHERE_COMMAND_A,c2c4f1f7cb0c0799,paper=OptimalSteps,1,0.0,test,0.039029,0,match
f89d3f7268252d37,OPENROUTER_COHERE_COMMAND_A,b7f841dbb092661f,paper=OptimalSteps,1,0.0,train,0.00011,0,-
f89d3f7268252d37,OPENROUTER_COHERE_COMMAND_A,84b5074c0546293f,paper=OptimalSteps,1,0.0,train,0.299152,0,-
f89d3f7268252d37,OPENROUTER_COHERE_COMMAND_A,985bdc108f712802,paper=OptimalSteps,1,0.0,train,0.009545,0,-
f89d3f7268252d37,OPENROUTER_COHERE_COMMAND_A,d3ea4520bbf69375,paper=OptimalSteps,1,0.0,test,0.127175,0,match
f89d3f7268252d37,OPENROUTER_COHERE_COMMAND_A,aa5472a6efc4ac4f,paper=OptimalSteps,1,0.0,train,0.014282,0,-
f89d3f7268252d37,OPENROUTER_COHERE_COMMAND_A,dca462dd4dcef1ca,paper=OptimalSteps,1,0.0,test,8.7e-05,0,match
6439159aa9f9ba95,GEMINI_2_5_FLASH_PREVIEW_04_17,0bcd57ff8aa5d226,paper=OptimalSteps,1,0.0,test,0.000521,0,match
6439159aa9f9ba95,GEMINI_2_5_FLASH_PREVIEW_04_17,90386823d0eba55d,paper=OptimalSteps,1,0.0,train,0.832934,1,-
6439159aa9f9ba95,GEMINI_2_5_FLASH_PREVIEW_04_17,c4e251c9dd142dbd,paper=OptimalSteps,1,0.0,train,0.826366,1,-
6439159aa9f9ba95,GEMINI_2_5_FLASH_PREVIEW_04_17,dcd433040162a9cb,paper=OptimalSteps,1,0.0,train,0.000529,0,-
6439159aa9f9ba95,GEMINI_2_5_FLASH_PREVIEW_04_17,c2c4f1f7cb0c0799,paper=OptimalSteps,1,0.0,test,0.19475,0,match
6439159aa9f9ba95,GEMINI_2_5_FLASH_PREVIEW_04_17,b7f841dbb092661f,paper=OptimalSteps,1,0.0,train,0.000654,0,-
6439159aa9f9ba95,GEMINI_2_5_FLASH_PREVIEW_04_17,84b5074c0546293f,paper=OptimalSteps,1,0.0,train,0.717655,1,-
6439159aa9f9ba95,GEMINI_2_5_FLASH_PREVIEW_04_17,985bdc108f712802,paper=OptimalSteps,1,0.0,test,0.054275,0,match
6439159aa9f9ba95,GEMINI_2_5_FLASH_PREVIEW_04_17,d3ea4520bbf69375,paper=OptimalSteps,1,0.0,train,0.464567,0,-
6439159aa9f9ba95,GEMINI_2_5_FLASH_PREVIEW_04_17,aa5472a6efc4ac4f,paper=OptimalSteps,1,0.0,train,0.079427,0,-
6439159aa9f9ba95,GEMINI_2_5_FLASH_PREVIEW_04_17,dca462dd4dcef1ca,paper=OptimalSteps,1,0.0,train,0.000519,0,-
4a199d31e7ac5440,GEMINI_2_0_FLASH_LITE,0bcd57ff8aa5d226,paper=OptimalSteps,1,0.0,train,0.000113,0,-
4a199d31e7ac5440,GEMINI_2_0_FLASH_LITE,90386823d0eba55d,paper=OptimalSteps,1,1.0,test,0.518712,1,match
4a199d31e7ac5440,GEMINI_2_0_FLASH_LITE,c4e251c9dd142dbd,paper=OptimalSteps,1,1.0,train,0.507101,1,-
4a199d31e7ac5440,GEMINI_2_0_FLASH_LITE,dcd433040162a9cb,paper=OptimalSteps,1,0.0,train,0.000114,0,-
4a199d31e7ac5440,GEMINI_2_0_FLASH_LITE,c2c4f1f7cb0c0799,paper=OptimalSteps,1,0.0,test,0.049684,0,match
4a199d31e7ac5440,GEMINI_2_0_FLASH_LITE,b7f841dbb092661f,paper=OptimalSteps,1,0.0,train,0.000141,0,-
4a199d31e7ac5440,GEMINI_2_0_FLASH_LITE,84b5074c0546293f,paper=OptimalSteps,1,1.0,test,0.354613,0,miss
4a199d31e7ac5440,GEMINI_2_0_FLASH_LITE,985bdc108f712802,paper=OptimalSteps,1,0.0,test,0.012254,0,match
4a199d31e7ac5440,GEMINI_2_0_FLASH_LITE,d3ea4520bbf69375,paper=OptimalSteps,1,0.0,train,0.157938,0,-
4a199d31e7ac5440,GEMINI_2_0_FLASH_LITE,aa5472a6efc4ac4f,paper=OptimalSteps,1,0.0,train,0.01831,0,-
4a199d31e7ac5440,GEMINI_2_0_FLASH_LITE,dca462dd4dcef1ca,paper=OptimalSteps,1,0.0,train,0.000112,0,-
5a9db67a33a34b6b,OPENROUTER_MISTRAL_MEDIUM_3,0bcd57ff8aa5d226,paper=OptimalSteps,1,0.0,test,0.000191,0,match
5a9db67a33a34b6b,OPENROUTER_MISTRAL_MEDIUM_3,90386823d0eba55d,paper=OptimalSteps,1,1.0,train,0.64603,1,-
5a9db67a33a34b6b,OPENROUTER_MISTRAL_MEDIUM_3,c4e251c9dd142dbd,paper=OptimalSteps,1,0.0,train,0.635331,1,-
5a9db67a33a34b6b,OPENROUTER_MISTRAL_MEDIUM_3,dcd433040162a9cb,paper=OptimalSteps,1,0.0,train,0.000194,0,-
5a9db67a33a34b6b,OPENROUTER_MISTRAL_MEDIUM_3,c2c4f1f7cb0c0799,paper=OptimalSteps,1,0.0,train,0.081333,0,-
5a9db67a33a34b6b,OPENROUTER_MISTRAL_MEDIUM_3,b7f841dbb092661f,paper=OptimalSteps,1,0.0,train,0.00024,0,-
5a9db67a33a34b6b,OPENROUTER_MISTRAL_MEDIUM_3,84b5074c0546293f,paper=OptimalSteps,1,1.0,train,0.481989,0,-
5a9db67a33a34b6b,OPENROUTER_MISTRAL_MEDIUM_3,985bdc108f712802,paper=OptimalSteps,1,0.0,test,0.020576,0,match
5a9db67a33a34b6b,OPENROUTER_MISTRAL_MEDIUM_3,d3ea4520bbf69375,paper=OptimalSteps,1,1.0,train,0.241055,0,-
5a9db67a33a34b6b,OPENROUTER_MISTRAL_MEDIUM_3,aa5472a6efc4ac4f,paper=OptimalSteps,1,0.0,train,0.030618,0,-
5a9db67a33a34b6b,OPENROUTER_MISTRAL_MEDIUM_3,dca462dd4dcef1ca,paper=OptimalSteps,1,0.0,train,0.00019,0,-
92da838173d9f753,GEMINI_2_0_FLASH,5be8de74736f0c3f,paper=REPA-E,1,0.0,test,0.093044,0,match
92da838173d9f753,GEMINI_2_0_FLASH,827460503c788486,paper=REPA-E,1,0.0,train,0.025185,0,-
92da838173d9f753,GEMINI_2_0_FLASH,f458510d838d2be5,paper=REPA-E,1,0.0,train,0.000221,0,-
92da838173d9f753,GEMINI_2_0_FLASH,84f92639166077f7,paper=REPA-E,1,1.0,train,0.281466,0,-
92da838173d9f753,GEMINI_2_0_FLASH,d305c3e563b7ff18,paper=REPA-E,1,0.0,train,0.248731,0,-
7184624c9762b8b9,GPT_4O_2024_08_06,5be8de74736f0c3f,paper=REPA-E,1,0.0,train,0.128614,0,-
7184624c9762b8b9,GPT_4O_2024_08_06,827460503c788486,paper=REPA-E,1,0.0,test,0.035838,0,match
7184624c9762b8b9,GPT_4O_2024_08_06,f458510d838d2be5,paper=REPA-E,1,0.0,train,0.000318,0,-
7184624c9762b8b9,GPT_4O_2024_08_06,84f92639166077f7,paper=REPA-E,1,0.0,train,0.36044,0,-
7184624c9762b8b9,GPT_4O_2024_08_06,d305c3e563b7ff18,paper=REPA-E,1,0.0,train,0.322644,0,-
3f126a3baa99198a,GPT_4O_MINI,5be8de74736f0c3f,paper=REPA-E,1,0.0,train,0.023748,0,-
3f126a3baa99198a,GPT_4O_MINI,827460503c788486,paper=REPA-E,1,0.0,train,0.006089,0,-
3f126a3baa99198a,GPT_4O_MINI,f458510d838d2be5,paper=REPA-E,1,0.0,train,5.2e-05,0,-
3f126a3baa99198a,GPT_4O_MINI,84f92639166077f7,paper=REPA-E,1,0.0,train,0.084988,0,-
3f126a3baa99198a,GPT_4O_MINI,d305c3e563b7ff18,paper=REPA-E,1,0.0,train,0.072789,0,-
21a139c20bbac1e2,O3_MINI_HIGH,5be8de74736f0c3f,paper=REPA-E,1,0.0,train,0.3982,0,-
21a139c20bbac1e2,O3_MINI_HIGH,827460503c788486,paper=REPA-E,1,0.0,test,0.142834,0,match
21a139c20bbac1e2,O3_MINI_HIGH,f458510d838d2be5,paper=REPA-E,1,0.0,train,0.001424,0,-
21a139c20bbac1e2,O3_MINI_HIGH,84f92639166077f7,paper=REPA-E,1,0.0,test,0.716435,1,miss
21a139c20bbac1e2,O3_MINI_HIGH,d305c3e563b7ff18,paper=REPA-E,1,0.0,train,0.681062,1,-
22e9aca88e136167,DEEPSEEK_R1,5be8de74736f0c3f,paper=REPA-E,1,0.0,train,0.173928,0,-
22e9aca88e136167,DEEPSEEK_R1,827460503c788486,paper=REPA-E,1,0.0,train,0.050354,0,-
22e9aca88e136167,DEEPSEEK_R1,f458510d838d2be5,paper=REPA-E,1,0.0,test,0.000454,0,match
22e9aca88e136167,DEEPSEEK_R1,84f92639166077f7,paper=REPA-E,1,0.0,train,0.44566,0,-
22e9aca88e136167,DEEPSEEK_R1,d305c3e563b7ff18,paper=REPA-E,1,0.0,train,0.404581,0,-
1872c1340f216012,O1_HIGH,5be8de74736f0c3f,paper=REPA-E,1,0.0,train,0.246502,0,-
1872c1340f216012,O1_HIGH,827460503c788486,paper=REPA-E,1,0.0,train,0.076116,0,-
1872c1340f216012,O1_HIGH,f458510d838d2be5,paper=REPA-E,1,0.0,train,0.000705,0,-
1872c1340f216012,O1_HIGH,84f92639166077f7,paper=REPA-E,1,0.0,test,0.555387,1,miss
1872c1340f216012,O1_HIGH,d305c3e563b7ff18,paper=REPA-E,1,0.0,train,0.513565,1,-
8d49a7a13f10df7f,GPT_4_1,5be8de74736f0c3f,paper=REPA-E,1,0.0,train,0.295938,0,-
8d49a7a13f10df7f,GPT_4_1,827460503c788486,paper=REPA-E,1,0.0,train,0.095722,0,-
8d49a7a13f10df7f,GPT_4_1,f458510d838d2be5,paper=REPA-E,1,0.0,test,0.000905,0,match
8d49a7a13f10df7f,GPT_4_1,84f92639166077f7,paper=REPA-E,1,0.0,test,0.616118,1,miss
8d49a7a13f10df7f,GPT_4_1,d305c3e563b7ff18,paper=REPA-E,1,0.0,test,0.575643,1,miss
efdd1f09f2fb64b9,GPT_4_1_MINI,5be8de74736f0c3f,paper=REPA-E,1,0.0,test,0.161559,0,match
efdd1f09f2fb64b9,GPT_4_1_MINI,827460503c788486,paper=REPA-E,1,0.0,train,0.04628,0,-
efdd1f09f2fb64b9,GPT_4_1_MINI,f458510d838d2be5,paper=REPA-E,1,0.0,train,0.000415,0,-
efdd1f09f2fb64b9,GPT_4_1_MINI,84f92639166077f7,paper=REPA-E,1,0.0,train,0.423882,0,-
efdd1f09f2fb64b9,GPT_4_1_MINI,d305c3e563b7ff18,paper=REPA-E,1,0.0,train,0.383422,0,-
be16a6de1e20efee,GPT_4_1_NANO,5be8de74736f0c3f,paper=REPA-E,1,0.0,train,0.010396,0,-
be16a6de1e20efee,GPT_4_1_NANO,827460503c788486,paper=REPA-E,1,0.0,train,0.002639,0,-
be16a6de1e20efee,GPT_4_1_NANO,f458510d838d2be5,paper=REPA-E,1,0.0,train,2.3e-05,0,-
be16a6de1e20efee,GPT_4_1_NANO,84f92639166077f7,paper=REPA-E,1,0.0,test,0.038567,0,match
be16a6de1e20efee,GPT_4_1_NANO,d305c3e563b7ff18,paper=REPA-E,1,0.0,train,0.032792,0,-
1c618d9d58429b09,O3_HIGH,5be8de74736f0c3f,paper=REPA-E,1,0.0,train,0.503469,1,-
1c618d9d58429b09,O3_HIGH,827460503c788486,paper=REPA-E,1,0.0,test,0.203413,0,match
1c618d9d58429b09,O3_HIGH,f458510d838d2be5,paper=REPA-E,1,0.0,train,0.002181,0,-
1c618d9d58429b09,O3_HIGH,84f92639166077f7,paper=REPA-E,1,0.0,test,0.794732,1,miss
1c618d9d58429b09,O3_HIGH,d305c3e563b7ff18,paper=REPA-E,1,0.0,train,0.765936,1,-
bce3d3ee52ef698f,CLAUDE_3_5_SONNET_2024_10_22,5be8de74736f0c3f,paper=REPA-E,1,0.0,train,0.227308,0,-
bce3d3ee52ef698f,CLAUDE_3_5_SONNET_2024_10_22,827460503c788486,paper=REPA-E,1,0.0,train,0.068975,0,-
bce3d3ee52ef698f,CLAUDE_3_5_SONNET_2024_10_22,f458510d838d2be5,paper=REPA-E,1,0.0,train,0.000634,0,-
bce3d3ee52ef698f,CLAUDE_3_5_SONNET_2024_10_22,84f92639166077f7,paper=REPA-E,1,0.0,train,0.529028,1,-
bce3d3ee52ef698f,CLAUDE_3_5_SONNET_2024_10_22,d305c3e563b7ff18,paper=REPA-E,1,0.0,train,0.487016,0,-
39edf3fbaacf1629,CLAUDE_3_7_SONNET_2025_02_19,5be8de74736f0c3f,paper=REPA-E,1,0.0,train,0.29653,0,-
39edf3fbaacf1629,CLAUDE_3_7_SONNET_2025_02_19,827460503c788486,paper=REPA-E,1,0.0,train,0.095968,0,-
39edf3fbaacf1629,CLAUDE_3_7_SONNET_2025_02_19,f458510d838d2be5,paper=REPA-E,1,0.0,train,0.000908,0,-
39edf3fbaacf1629,CLAUDE_3_7_SONNET_2025_02_19,84f92639166077f7,paper=REPA-E,1,0.0,test,0.616788,1,miss
39edf3fbaacf1629,CLAUDE_3_7_SONNET_2025_02_19,d305c3e563b7ff18,paper=REPA-E,1,0.0,train,0.576335,1,-
a531ea372ae4b71d,GROK_3_BETA,5be8de74736f0c3f,paper=REPA-E,1,0.0,train,0.132572,0,-
a531ea372ae4b71d,GROK_3_BETA,827460503c788486,paper=REPA-E,1,0.0,train,0.037063,0,-
a531ea372ae4b71d,GROK_3_BETA,f458510d838d2be5,paper=REPA-E,1,0.0,train,0.000329,0,-
a531ea372ae4b71d,GROK_3_BETA,84f92639166077f7,paper=REPA-E,1,0.0,train,0.368515,0,-
a531ea372ae4b71d,GROK_3_BETA,d305c3e563b7ff18,paper=REPA-E,1,0.0,train,0.330311,0,-
ac78f79a36a11b0e,GEMINI_2_5_PRO_PREVIEW_03_25,5be8de74736f0c3f,paper=REPA-E,1,0.0,train,0.559055,1,-
ac78f79a36a11b0e,GEMINI_2_5_PRO_PREVIEW_03_25,827460503c788486,paper=REPA-E,1,0.0,train,0.242018,0,-
ac78f79a36a11b0e,GEMINI_2_5_PRO_PREVIEW_03_25,f458510d838d2be5,paper=REPA-E,1,0.0,train,0.002726,0,-
ac78f79a36a11b0e,GEMINI_2_5_PRO_PREVIEW_03_25,84f92639166077f7,paper=REPA-E,1,0.0,test,0.8288,1,miss
ac78f79a36a11b0e,GEMINI_2_5_PRO_PREVIEW_03_25,d305c3e563b7ff18,paper=REPA-E,1,0.0,train,0.803601,1,-
b97dccb68ad1d70a,OPENROUTER_DEEPSEEK_CHAT_V3_0324,5be8de74736f0c3f,paper=REPA-E,1,1.0,train,0.145614,0,-
b97dccb68ad1d70a,OPENROUTER_DEEPSEEK_CHAT_V3_0324,827460503c788486,paper=REPA-E,1,0.0,test,0.041154,0,match
b97dccb68ad1d70a,OPENROUTER_DEEPSEEK_CHAT_V3_0324,f458510d838d2be5,paper=REPA-E,1,0.0,train,0.000367,0,-
b97dccb68ad1d70a,OPENROUTER_DEEPSEEK_CHAT_V3_0324,84f92639166077f7,paper=REPA-E,1,0.0,train,0.39422,0,-
b97dccb68ad1d70a,OPENROUTER_DEEPSEEK_CHAT_V3_0324,d305c3e563b7ff18,paper=REPA-E,1,1.0,test,0.354848,0,miss
09f4a41bb2e2d341,QWEN_2_5_CODER_32B_INSTRUCT,5be8de74736f0c3f,paper=REPA-E,1,0.0,train,0.031223,0,-
09f4a41bb2e2d341,QWEN_2_5_CODER_32B_INSTRUCT,827460503c788486,paper=REPA-E,1,0.0,train,0.008051,0,-
09f4a41bb2e2d341,QWEN_2_5_CODER_32B_INSTRUCT,f458510d838d2be5,paper=REPA-E,1,0.0,train,6.9e-05,0,-
09f4a41bb2e2d341,QWEN_2_5_CODER_32B_INSTRUCT,84f92639166077f7,paper=REPA-E,1,1.0,train,0.109578,0,-
09f4a41bb2e2d341,QWEN_2_5_CODER_32B_INSTRUCT,d305c3e563b7ff18,paper=REPA-E,1,0.0,train,0.094213,0,-
c117f9213dc5d8c9,LLAMA_3_3_70B_INSTRUCT,5be8de74736f0c3f,paper=REPA-E,1,0.0,train,0.005393,0,-
c117f9213dc5d8c9,LLAMA_3_3_70B_INSTRUCT,827460503c788486,paper=REPA-E,1,0.0,train,0.001364,0,-
c117f9213dc5d8c9,LLAMA_3_3_70B_INSTRUCT,f458510d838d2be5,paper=REPA-E,1,0.0,train,1.2e-05,0,-
c117f9213dc5d8c9,LLAMA_3_3_70B_INSTRUCT,84f92639166077f7,paper=REPA-E,1,0.0,train,0.020283,0,-
c117f9213dc5d8c9,LLAMA_3_3_70B_INSTRUCT,d305c3e563b7ff18,paper=REPA-E,1,0.0,train,0.017197,0,-
b2436ce8ede11e03,OPENROUTER_O4_MINI_HIGH,5be8de74736f0c3f,paper=REPA-E,1,1.0,train,0.466486,0,-
b2436ce8ede11e03,OPENROUTER_O4_MINI_HIGH,827460503c788486,paper=REPA-E,1,1.0,train,0.18046,0,-
b2436ce8ede11e03,OPENROUTER_O4_MINI_HIGH,f458510d838d2be5,paper=REPA-E,1,0.0,train,0.001881,0,-
b2436ce8ede11e03,OPENROUTER_O4_MINI_HIGH,84f92639166077f7,paper=REPA-E,1,1.0,train,0.769512,1,-
b2436ce8ede11e03,OPENROUTER_O4_MINI_HIGH,d305c3e563b7ff18,paper=REPA-E,1,1.0,train,0.738342,1,-
2bfd4cd36591d7f5,GROK_3_MINI_BETA_HIGH,5be8de74736f0c3f,paper=REPA-E,1,1.0,train,0.017088,0,-
2bfd4cd36591d7f5,GROK_3_MINI_BETA_HIGH,827460503c788486,paper=REPA-E,1,0.0,test,0.004359,0,match
2bfd4cd36591d7f5,GROK_3_MINI_BETA_HIGH,f458510d838d2be5,paper=REPA-E,1,0.0,train,3.7e-05,0,-
2bfd4cd36591d7f5,GROK_3_MINI_BETA_HIGH,84f92639166077f7,paper=REPA-E,1,0.0,train,0.06225,0,-
2bfd4cd36591d7f5,GROK_3_MINI_BETA_HIGH,d305c3e563b7ff18,paper=REPA-E,1,1.0,train,0.053125,0,-
9dafe621e945d614,GROK_2_1212,5be8de74736f0c3f,paper=REPA-E,1,0.0,train,0.018591,0,-
9dafe621e945d614,GROK_2_1212,827460503c788486,paper=REPA-E,1,0.0,train,0.004748,0,-
9dafe621e945d614,GROK_2_1212,f458510d838d2be5,paper=REPA-E,1,0.0,train,4.1e-05,0,-
9dafe621e945d614,GROK_2_1212,84f92639166077f7,paper=REPA-E,1,1.0,test,0.067451,0,miss
9dafe621e945d614,GROK_2_1212,d305c3e563b7ff18,paper=REPA-E,1,0.0,train,0.057611,0,-
8d84404dc2cabd80,OPENROUTER_CLAUDE_3_5_HAIKU,5be8de74736f0c3f,paper=REPA-E,1,0.0,train,0.114981,0,-
8d84404dc2cabd80,OPENROUTER_CLAUDE_3_5_HAIKU,827460503c788486,paper=REPA-E,1,1.0,test,0.031682,0,miss
8d84404dc2cabd80,OPENROUTER_CLAUDE_3_5_HAIKU,f458510d838d2be5,paper=REPA-E,1,0.0,train,0.00028,0,-
8d84404dc2cabd80,OPENROUTER_CLAUDE_3_5_HAIKU,84f92639166077f7,paper=REPA-E,1,1.0,test,0.331585,0,miss
8d84404dc2cabd80,OPENROUTER_CLAUDE_3_5_HAIKU,d305c3e563b7ff18,paper=REPA-E,1,0.0,train,0.295418,0,-
42d17e7b8b8e8451,OPENROUTER_LLAMA_4_MAVERICK,5be8de74736f0c3f,paper=REPA-E,1,1.0,test,0.039914,0,miss
42d17e7b8b8e8451,OPENROUTER_LLAMA_4_MAVERICK,827460503c788486,paper=REPA-E,1,0.0,train,0.010361,0,-
42d17e7b8b8e8451,OPENROUTER_LLAMA_4_MAVERICK,f458510d838d2be5,paper=REPA-E,1,0.0,train,9e-05,0,-
42d17e7b8b8e8451,OPENROUTER_LLAMA_4_MAVERICK,84f92639166077f7,paper=REPA-E,1,0.0,train,0.136994,0,-
42d17e7b8b8e8451,OPENROUTER_LLAMA_4_MAVERICK,d305c3e563b7ff18,paper=REPA-E,1,1.0,train,0.118295,0,-
f346f5a402064340,OPENROUTER_LLAMA_4_SCOUT,5be8de74736f0c3f,paper=REPA-E,1,0.0,train,0.013177,0,-
f346f5a402064340,OPENROUTER_LLAMA_4_SCOUT,827460503c788486,paper=REPA-E,1,0.0,train,0.003352,0,-
f346f5a402064340,OPENROUTER_LLAMA_4_SCOUT,f458510d838d2be5,paper=REPA-E,1,0.0,train,2.9e-05,0,-
f346f5a402064340,OPENROUTER_LLAMA_4_SCOUT,84f92639166077f7,paper=REPA-E,1,0.0,train,0.048513,0,-
f346f5a402064340,OPENROUTER_LLAMA_4_SCOUT,d305c3e563b7ff18,paper=REPA-E,1,0.0,test,0.041313,0,match
d9512a7be0630043,MISTRAL_CODESTRAL_2501,5be8de74736f0c3f,paper=REPA-E,1,0.0,train,0.059131,0,-
d9512a7be0630043,MISTRAL_CODESTRAL_2501,827460503c788486,paper=REPA-E,1,0.0,test,0.01558,0,match
d9512a7be0630043,MISTRAL_CODESTRAL_2501,f458510d838d2be5,paper=REPA-E,1,0.0,train,0.000135,0,-
d9512a7be0630043,MISTRAL_CODESTRAL_2501,84f92639166077f7,paper=REPA-E,1,1.0,train,0.193529,0,-
d9512a7be0630043,MISTRAL_CODESTRAL_2501,d305c3e563b7ff18,paper=REPA-E,1,1.0,train,0.168621,0,-
4a938d775c0363f7,GEMINI_2_5_PRO_PREVIEW_05_06,5be8de74736f0c3f,paper=REPA-E,1,1.0,train,0.675782,1,-
4a938d775c0363f7,GEMINI_2_5_PRO_PREVIEW_05_06,827460503c788486,paper=REPA-E,1,0.0,test,0.344226,0,match
4a938d775c0363f7,GEMINI_2_5_PRO_PREVIEW_05_06,f458510d838d2be5,paper=REPA-E,1,0.0,train,0.004473,0,-
4a938d775c0363f7,GEMINI_2_5_PRO_PREVIEW_05_06,84f92639166077f7,paper=REPA-E,1,1.0,train,0.888377,1,-
4a938d775c0363f7,GEMINI_2_5_PRO_PREVIEW_05_06,d305c3e563b7ff18,paper=REPA-E,1,1.0,train,0.870578,1,-
0201bf34008b40fa,OPENROUTER_QWEN_TURBO,5be8de74736f0c3f,paper=REPA-E,1,0.0,train,0.002335,0,-
0201bf34008b40fa,OPENROUTER_QWEN_TURBO,827460503c788486,paper=REPA-E,1,0.0,train,0.000589,0,-
0201bf34008b40fa,OPENROUTER_QWEN_TURBO,f458510d838d2be5,paper=REPA-E,1,0.0,train,5e-06,0,-
0201bf34008b40fa,OPENROUTER_QWEN_TURBO,84f92639166077f7,paper=REPA-E,1,0.0,train,0.008859,0,-
0201bf34008b40fa,OPENROUTER_QWEN_TURBO,d305c3e563b7ff18,paper=REPA-E,1,0.0,test,0.007498,0,match
9bbf8d46fe2a4b4d,OPENROUTER_MISTRAL_CODESTRAL_MAMBA,5be8de74736f0c3f,paper=REPA-E,1,0.0,train,0.000499,0,-
9bbf8d46fe2a4b4d,OPENROUTER_MISTRAL_CODESTRAL_MAMBA,827460503c788486,paper=REPA-E,1,0.0,train,0.000126,0,-
9bbf8d46fe2a4b4d,OPENROUTER_MISTRAL_CODESTRAL_MAMBA,f458510d838d2be5,paper=REPA-E,1,0.0,train,1e-06,0,-
9bbf8d46fe2a4b4d,OPENROUTER_MISTRAL_CODESTRAL_MAMBA,84f92639166077f7,paper=REPA-E,1,0.0,train,0.001903,0,-
9bbf8d46fe2a4b4d,OPENROUTER_MISTRAL_CODESTRAL_MAMBA,d305c3e563b7ff18,paper=REPA-E,1,0.0,train,0.001609,0,-
0e68149d77ff2477,OPENROUTER_AMAZON_NOVA_PRO_1_0,5be8de74736f0c3f,paper=REPA-E,1,0.0,train,0.030185,0,-
0e68149d77ff2477,OPENROUTER_AMAZON_NOVA_PRO_1_0,827460503c788486,paper=REPA-E,1,0.0,train,0.007777,0,-
0e68149d77ff2477,OPENROUTER_AMAZON_NOVA_PRO_1_0,f458510d838d2be5,paper=REPA-E,1,0.0,train,6.7e-05,0,-
0e68149d77ff2477,OPENROUTER_AMAZON_NOVA_PRO_1_0,84f92639166077f7,paper=REPA-E,1,0.0,test,0.10622,0,match
0e68149d77ff2477,OPENROUTER_AMAZON_NOVA_PRO_1_0,d305c3e563b7ff18,paper=REPA-E,1,1.0,train,0.091277,0,-
f89d3f7268252d37,OPENROUTER_COHERE_COMMAND_A,5be8de74736f0c3f,paper=REPA-E,1,0.0,train,0.046186,0,-
f89d3f7268252d37,OPENROUTER_COHERE_COMMAND_A,827460503c788486,paper=REPA-E,1,0.0,train,0.012048,0,-
f89d3f7268252d37,OPENROUTER_COHERE_COMMAND_A,f458510d838d2be5,paper=REPA-E,1,0.0,test,0.000104,0,match
f89d3f7268252d37,OPENROUTER_COHERE_COMMAND_A,84f92639166077f7,paper=REPA-E,1,0.0,train,0.156041,0,-
f89d3f7268252d37,OPENROUTER_COHERE_COMMAND_A,d305c3e563b7ff18,paper=REPA-E,1,1.0,train,0.135149,0,-
6439159aa9f9ba95,GEMINI_2_5_FLASH_PREVIEW_04_17,5be8de74736f0c3f,paper=REPA-E,1,1.0,train,0.22381,0,-
6439159aa9f9ba95,GEMINI_2_5_FLASH_PREVIEW_04_17,827460503c788486,paper=REPA-E,1,0.0,test,0.067699,0,match
6439159aa9f9ba95,GEMINI_2_5_FLASH_PREVIEW_04_17,f458510d838d2be5,paper=REPA-E,1,0.0,train,0.000621,0,-
6439159aa9f9ba95,GEMINI_2_5_FLASH_PREVIEW_04_17,84f92639166077f7,paper=REPA-E,1,1.0,train,0.524035,1,-
6439159aa9f9ba95,GEMINI_2_5_FLASH_PREVIEW_04_17,d305c3e563b7ff18,paper=REPA-E,1,1.0,train,0.482014,0,-
4a199d31e7ac5440,GEMINI_2_0_FLASH_LITE,5be8de74736f0c3f,paper=REPA-E,1,0.0,train,0.058674,0,-
4a199d31e7ac5440,GEMINI_2_0_FLASH_LITE,827460503c788486,paper=REPA-E,1,0.0,test,0.015455,0,match
4a199d31e7ac5440,GEMINI_2_0_FLASH_LITE,f458510d838d2be5,paper=REPA-E,1,0.0,test,0.000134,0,match
4a199d31e7ac5440,GEMINI_2_0_FLASH_LITE,84f92639166077f7,paper=REPA-E,1,0.0,train,0.192248,0,-
4a199d31e7ac5440,GEMINI_2_0_FLASH_LITE,d305c3e563b7ff18,paper=REPA-E,1,0.0,test,0.167471,0,match
5a9db67a33a34b6b,OPENROUTER_MISTRAL_MEDIUM_3,5be8de74736f0c3f,paper=REPA-E,1,0.0,train,0.095476,0,-
5a9db67a33a34b6b,OPENROUTER_MISTRAL_MEDIUM_3,827460503c788486,paper=REPA-E,1,0.0,train,0.025894,0,-
5a9db67a33a34b6b,OPENROUTER_MISTRAL_MEDIUM_3,f458510d838d2be5,paper=REPA-E,1,0.0,test,0.000227,0,match
5a9db67a33a34b6b,OPENROUTER_MISTRAL_MEDIUM_3,84f92639166077f7,paper=REPA-E,1,0.0,test,0.287262,0,match
5a9db67a33a34b6b,OPENROUTER_MISTRAL_MEDIUM_3,d305c3e563b7ff18,paper=REPA-E,1,1.0,train,0.254092,0,-
92da838173d9f753,GEMINI_2_0_FLASH,db5eeca8907321c6,paper=schedule_free,1,0.0,train,0.000157,0,-
92da838173d9f753,GEMINI_2_0_FLASH,6dfb0df7fd733f1a,paper=schedule_free,1,1.0,train,0.680649,1,-
92da838173d9f753,GEMINI_2_0_FLASH,dbb1ecef6ee1fdd5,paper=schedule_free,1,1.0,train,0.899097,1,-
92da838173d9f753,GEMINI_2_0_FLASH,8e6cbd2f1f0219a4,paper=schedule_free,1,0.0,train,0.090737,0,-
92da838173d9f753,GEMINI_2_0_FLASH,5d17afc250fe4aa3,paper=schedule_free,1,0.0,test,0.424688,0,match
92da838173d9f753,GEMINI_2_0_FLASH,2f1ebe7594ebbe63,paper=schedule_free,1,0.0,test,0.552537,1,miss
92da838173d9f753,GEMINI_2_0_FLASH,73197b36fa0f4ec6,paper=schedule_free,1,0.0,train,0.116889,0,-
92da838173d9f753,GEMINI_2_0_FLASH,d21ba7f61abd0fdb,paper=schedule_free,1,0.0,train,0.311893,0,-
92da838173d9f753,GEMINI_2_0_FLASH,a3421746d3ab7e56,paper=schedule_free,1,1.0,train,0.801682,1,-
92da838173d9f753,GEMINI_2_0_FLASH,807a24b197180efe,paper=schedule_free,1,0.0,train,0.52937,1,-
92da838173d9f753,GEMINI_2_0_FLASH,e7b071833a7a122d,paper=schedule_free,1,1.0,test,0.75591,1,match
92da838173d9f753,GEMINI_2_0_FLASH,262b956b83b8e38c,paper=schedule_free,1,1.0,test,0.353943,0,miss
92da838173d9f753,GEMINI_2_0_FLASH,1b9607434cc9df77,paper=schedule_free,1,1.0,train,0.835062,1,-
92da838173d9f753,GEMINI_2_0_FLASH,629991cfb8aa2ccb,paper=schedule_free,1,1.0,train,0.493576,0,-
7184624c9762b8b9,GPT_4O_2024_08_06,db5eeca8907321c6,paper=schedule_free,1,0.0,train,0.000226,0,-
7184624c9762b8b9,GPT_4O_2024_08_06,6dfb0df7fd733f1a,paper=schedule_free,1,1.0,test,0.754082,1,match
7184624c9762b8b9,GPT_4O_2024_08_06,dbb1ecef6ee1fdd5,paper=schedule_free,1,1.0,train,0.927639,1,-
7184624c9762b8b9,GPT_4O_2024_08_06,8e6cbd2f1f0219a4,paper=schedule_free,1,0.0,train,0.125547,0,-
7184624c9762b8b9,GPT_4O_2024_08_06,5d17afc250fe4aa3,paper=schedule_free,1,0.0,train,0.515043,1,-
7184624c9762b8b9,GPT_4O_2024_08_06,2f1ebe7594ebbe63,paper=schedule_free,1,1.0,train,0.639841,1,-
7184624c9762b8b9,GPT_4O_2024_08_06,73197b36fa0f4ec6,paper=schedule_free,1,0.0,train,0.159966,0,-
7184624c9762b8b9,GPT_4O_2024_08_06,d21ba7f61abd0fdb,paper=schedule_free,1,1.0,test,0.394714,0,miss
7184624c9762b8b9,GPT_4O_2024_08_06,a3421746d3ab7e56,paper=schedule_free,1,1.0,test,0.853283,1,match
7184624c9762b8b9,GPT_4O_2024_08_06,807a24b197180efe,paper=schedule_free,1,1.0,train,0.61807,1,-
7184624c9762b8b9,GPT_4O_2024_08_06,e7b071833a7a122d,paper=schedule_free,1,0.0,train,0.816698,1,-
7184624c9762b8b9,GPT_4O_2024_08_06,262b956b83b8e38c,paper=schedule_free,1,1.0,train,0.440778,0,-
7184624c9762b8b9,GPT_4O_2024_08_06,1b9607434cc9df77,paper=schedule_free,1,1.0,train,0.879286,1,-
7184624c9762b8b9,GPT_4O_2024_08_06,629991cfb8aa2ccb,paper=schedule_free,1,0.0,test,0.583717,1,miss
3f126a3baa99198a,GPT_4O_MINI,db5eeca8907321c6,paper=schedule_free,1,0.0,train,3.7e-05,0,-
3f126a3baa99198a,GPT_4O_MINI,6dfb0df7fd733f1a,paper=schedule_free,1,0.0,train,0.335711,0,-
3f126a3baa99198a,GPT_4O_MINI,dbb1ecef6ee1fdd5,paper=schedule_free,1,1.0,test,0.678745,1,match
3f126a3baa99198a,GPT_4O_MINI,8e6cbd2f1f0219a4,paper=schedule_free,1,1.0,train,0.023115,0,-
3f126a3baa99198a,GPT_4O_MINI,5d17afc250fe4aa3,paper=schedule_free,1,0.0,train,0.14896,0,-
3f126a3baa99198a,GPT_4O_MINI,2f1ebe7594ebbe63,paper=schedule_free,1,1.0,test,0.22648,0,miss
3f126a3baa99198a,GPT_4O_MINI,73197b36fa0f4ec6,paper=schedule_free,1,0.0,train,0.030429,0,-
3f126a3baa99198a,GPT_4O_MINI,d21ba7f61abd0fdb,paper=schedule_free,1,0.0,test,0.097044,0,match
3f126a3baa99198a,GPT_4O_MINI,a3421746d3ab7e56,paper=schedule_free,1,1.0,train,0.489405,0,-
3f126a3baa99198a,GPT_4O_MINI,807a24b197180efe,paper=schedule_free,1,0.0,train,0.210551,0,-
3f126a3baa99198a,GPT_4O_MINI,e7b071833a7a122d,paper=schedule_free,1,0.0,train,0.423399,0,-
3f126a3baa99198a,GPT_4O_MINI,262b956b83b8e38c,paper=schedule_free,1,0.0,train,0.114967,0,-
3f126a3baa99198a,GPT_4O_MINI,1b9607434cc9df77,paper=schedule_free,1,0.0,train,0.545552,1,-
3f126a3baa99198a,GPT_4O_MINI,629991cfb8aa2ccb,paper=schedule_free,1,0.0,train,0.187716,0,-
21a139c20bbac1e2,O3_MINI_HIGH,db5eeca8907321c6,paper=schedule_free,1,0.0,train,0.001014,0,-
21a139c20bbac1e2,O3_MINI_HIGH,6dfb0df7fd733f1a,paper=schedule_free,1,1.0,train,0.932189,1,-
21a139c20bbac1e2,O3_MINI_HIGH,dbb1ecef6ee1fdd5,paper=schedule_free,1,1.0,train,0.982898,1,-
21a139c20bbac1e2,O3_MINI_HIGH,8e6cbd2f1f0219a4,paper=schedule_free,1,0.0,test,0.391595,0,match
21a139c20bbac1e2,O3_MINI_HIGH,5d17afc250fe4aa3,paper=schedule_free,1,1.0,train,0.826424,1,-
21a139c20bbac1e2,O3_MINI_HIGH,2f1ebe7594ebbe63,paper=schedule_free,1,1.0,train,0.888447,1,-
21a139c20bbac1e2,O3_MINI_HIGH,73197b36fa0f4ec6,paper=schedule_free,1,1.0,test,0.460537,0,miss
21a139c20bbac1e2,O3_MINI_HIGH,d21ba7f61abd0fdb,paper=schedule_free,1,1.0,test,0.745122,1,match
21a139c20bbac1e2,O3_MINI_HIGH,a3421746d3ab7e56,paper=schedule_free,1,1.0,train,0.963062,1,-
21a139c20bbac1e2,O3_MINI_HIGH,807a24b197180efe,paper=schedule_free,1,1.0,test,0.878859,1,match
21a139c20bbac1e2,O3_MINI_HIGH,e7b071833a7a122d,paper=schedule_free,1,1.0,train,0.952322,1,-
21a139c20bbac1e2,O3_MINI_HIGH,262b956b83b8e38c,paper=schedule_free,1,1.0,train,0.779421,1,-
21a139c20bbac1e2,O3_MINI_HIGH,1b9607434cc9df77,paper=schedule_free,1,1.0,train,0.970286,1,-
21a139c20bbac1e2,O3_MINI_HIGH,629991cfb8aa2ccb,paper=schedule_free,1,1.0,train,0.862754,1,-
22e9aca88e136167,DEEPSEEK_R1,db5eeca8907321c6,paper=schedule_free,1,0.0,train,0.000323,0,-
22e9aca88e136167,DEEPSEEK_R1,6dfb0df7fd733f1a,paper=schedule_free,1,1.0,train,0.813928,1,-
22e9aca88e136167,DEEPSEEK_R1,dbb1ecef6ee1fdd5,paper=schedule_free,1,1.0,train,0.948153,1,-
22e9aca88e136167,DEEPSEEK_R1,8e6cbd2f1f0219a4,paper=schedule_free,1,0.0,test,0.169992,0,match
22e9aca88e136167,DEEPSEEK_R1,5d17afc250fe4aa3,paper=schedule_free,1,1.0,train,0.602388,1,-
22e9aca88e136167,DEEPSEEK_R1,2f1ebe7594ebbe63,paper=schedule_free,1,1.0,train,0.717056,1,-
22e9aca88e136167,DEEPSEEK_R1,73197b36fa0f4ec6,paper=schedule_free,1,1.0,train,0.213619,0,-
22e9aca88e136167,DEEPSEEK_R1,d21ba7f61abd0fdb,paper=schedule_free,1,1.0,train,0.481932,0,-
22e9aca88e136167,DEEPSEEK_R1,a3421746d3ab7e56,paper=schedule_free,1,1.0,train,0.892431,1,-
22e9aca88e136167,DEEPSEEK_R1,807a24b197180efe,paper=schedule_free,1,1.0,train,0.697748,1,-
22e9aca88e136167,DEEPSEEK_R1,e7b071833a7a122d,paper=schedule_free,1,1.0,train,0.864053,1,-
22e9aca88e136167,DEEPSEEK_R1,262b956b83b8e38c,paper=schedule_free,1,1.0,train,0.529273,1,-
22e9aca88e136167,DEEPSEEK_R1,1b9607434cc9df77,paper=schedule_free,1,1.0,train,0.91221,1,-
22e9aca88e136167,DEEPSEEK_R1,629991cfb8aa2ccb,paper=schedule_free,1,1.0,train,0.666697,1,-
1872c1340f216012,O1_HIGH,db5eeca8907321c6,paper=schedule_free,1,0.0,train,0.000501,0,-
1872c1340f216012,O1_HIGH,6dfb0df7fd733f1a,paper=schedule_free,1,1.0,train,0.871739,1,-
1872c1340f216012,O1_HIGH,dbb1ecef6ee1fdd5,paper=schedule_free,1,1.0,train,0.966003,1,-
1872c1340f216012,O1_HIGH,8e6cbd2f1f0219a4,paper=schedule_free,1,0.0,test,0.241404,0,match
1872c1340f216012,O1_HIGH,5d17afc250fe4aa3,paper=schedule_free,1,1.0,train,0.701847,1,-
1872c1340f216012,O1_HIGH,2f1ebe7594ebbe63,paper=schedule_free,1,1.0,test,0.797476,1,match
1872c1340f216012,O1_HIGH,73197b36fa0f4ec6,paper=schedule_free,1,0.0,train,0.296804,0,-
1872c1340f216012,O1_HIGH,d21ba7f61abd0fdb,paper=schedule_free,1,1.0,train,0.591067,1,-
1872c1340f216012,O1_HIGH,a3421746d3ab7e56,paper=schedule_free,1,1.0,train,0.928009,1,-
1872c1340f216012,O1_HIGH,807a24b197180efe,paper=schedule_free,1,0.0,train,0.781986,1,-
1872c1340f216012,O1_HIGH,e7b071833a7a122d,paper=schedule_free,1,1.0,train,0.90805,1,-
1872c1340f216012,O1_HIGH,262b956b83b8e38c,paper=schedule_free,1,1.0,train,0.635969,1,-
1872c1340f216012,O1_HIGH,1b9607434cc9df77,paper=schedule_free,1,1.0,test,0.941673,1,match
1872c1340f216012,O1_HIGH,629991cfb8aa2ccb,paper=schedule_free,1,1.0,train,0.75657,1,-
8d49a7a13f10df7f,GPT_4_1,db5eeca8907321c6,paper=schedule_free,1,0.0,train,0.000644,0,-
8d49a7a13f10df7f,GPT_4_1,6dfb0df7fd733f1a,paper=schedule_free,1,1.0,train,0.897252,1,-
8d49a7a13f10df7f,GPT_4_1,dbb1ecef6ee1fdd5,paper=schedule_free,1,1.0,train,0.973339,1,-
8d49a7a13f10df7f,GPT_4_1,8e6cbd2f1f0219a4,paper=schedule_free,1,0.0,train,0.290211,0,-
8d49a7a13f10df7f,GPT_4_1,5d17afc250fe4aa3,paper=schedule_free,1,1.0,train,0.751522,1,-
8d49a7a13f10df7f,GPT_4_1,2f1ebe7594ebbe63,paper=schedule_free,1,0.0,test,0.834965,1,miss
8d49a7a13f10df7f,GPT_4_1,73197b36fa0f4ec6,paper=schedule_free,1,0.0,test,0.35162,0,match
8d49a7a13f10df7f,GPT_4_1,d21ba7f61abd0fdb,paper=schedule_free,1,0.0,train,0.649996,1,-
8d49a7a13f10df7f,GPT_4_1,a3421746d3ab7e56,paper=schedule_free,1,0.0,train,0.94306,1,-
8d49a7a13f10df7f,GPT_4_1,807a24b197180efe,paper=schedule_free,1,1.0,train,0.821702,1,-
8d49a7a13f10df7f,GPT_4_1,e7b071833a7a122d,paper=schedule_free,1,1.0,train,0.926946,1,-
8d49a7a13f10df7f,GPT_4_1,262b956b83b8e38c,paper=schedule_free,1,1.0,train,0.691801,1,-
8d49a7a13f10df7f,GPT_4_1,1b9607434cc9df77,paper=schedule_free,1,1.0,train,0.95401,1,-
8d49a7a13f10df7f,GPT_4_1,629991cfb8aa2ccb,paper=schedule_free,1,1.0,train,0.79973,1,-
efdd1f09f2fb64b9,GPT_4_1_MINI,db5eeca8907321c6,paper=schedule_free,1,0.0,test,0.000295,0,match
efdd1f09f2fb64b9,GPT_4_1_MINI,6dfb0df7fd733f1a,paper=schedule_free,1,1.0,train,0.800129,1,-
efdd1f09f2fb64b9,GPT_4_1_MINI,dbb1ecef6ee1fdd5,paper=schedule_free,1,1.0,test,0.943618,1,match
efdd1f09f2fb64b9,GPT_4_1_MINI,8e6cbd2f1f0219a4,paper=schedule_free,1,0.0,train,0.157849,0,-
efdd1f09f2fb64b9,GPT_4_1_MINI,5d17afc250fe4aa3,paper=schedule_free,1,0.0,train,0.580978,1,-
efdd1f09f2fb64b9,GPT_4_1_MINI,2f1ebe7594ebbe63,paper=schedule_free,1,1.0,train,0.698733,1,-
efdd1f09f2fb64b9,GPT_4_1_MINI,73197b36fa0f4ec6,paper=schedule_free,1,0.0,train,0.199107,0,-
efdd1f09f2fb64b9,GPT_4_1_MINI,d21ba7f61abd0fdb,paper=schedule_free,1,1.0,train,0.459852,0,-
efdd1f09f2fb64b9,GPT_4_1_MINI,a3421746d3ab7e56,paper=schedule_free,1,1.0,train,0.883622,1,-
efdd1f09f2fb64b9,GPT_4_1_MINI,807a24b197180efe,paper=schedule_free,1,1.0,train,0.678734,1,-
efdd1f09f2fb64b9,GPT_4_1_MINI,e7b071833a7a122d,paper=schedule_free,1,1.0,train,0.853301,1,-
efdd1f09f2fb64b9,GPT_4_1_MINI,262b956b83b8e38c,paper=schedule_free,1,1.0,train,0.507148,1,-
efdd1f09f2fb64b9,GPT_4_1_MINI,1b9607434cc9df77,paper=schedule_free,1,1.0,train,0.904847,1,-
efdd1f09f2fb64b9,GPT_4_1_MINI,629991cfb8aa2ccb,paper=schedule_free,1,1.0,train,0.646719,1,-
be16a6de1e20efee,GPT_4_1_NANO,db5eeca8907321c6,paper=schedule_free,1,0.0,train,1.6e-05,0,-
be16a6de1e20efee,GPT_4_1_NANO,6dfb0df7fd733f1a,paper=schedule_free,1,0.0,train,0.179157,0,-
be16a6de1e20efee,GPT_4_1_NANO,dbb1ecef6ee1fdd5,paper=schedule_free,1,1.0,train,0.477117,0,-
be16a6de1e20efee,GPT_4_1_NANO,8e6cbd2f1f0219a4,paper=schedule_free,1,0.0,train,0.010116,0,-
be16a6de1e20efee,GPT_4_1_NANO,5d17afc250fe4aa3,paper=schedule_free,1,0.0,train,0.070281,0,-
be16a6de1e20efee,GPT_4_1_NANO,2f1ebe7594ebbe63,paper=schedule_free,1,0.0,train,0.112256,0,-
be16a6de1e20efee,GPT_4_1_NANO,73197b36fa0f4ec6,paper=schedule_free,1,0.0,train,0.013373,0,-
be16a6de1e20efee,GPT_4_1_NANO,d21ba7f61abd0fdb,paper=schedule_free,1,0.0,train,0.044357,0,-
be16a6de1e20efee,GPT_4_1_NANO,a3421746d3ab7e56,paper=schedule_free,1,1.0,train,0.292766,0,-
be16a6de1e20efee,GPT_4_1_NANO,807a24b197180efe,paper=schedule_free,1,0.0,train,0.103288,0,-
be16a6de1e20efee,GPT_4_1_NANO,e7b071833a7a122d,paper=schedule_free,1,0.0,train,0.240774,0,-
be16a6de1e20efee,GPT_4_1_NANO,262b956b83b8e38c,paper=schedule_free,1,0.0,train,0.053122,0,-
be16a6de1e20efee,GPT_4_1_NANO,1b9607434cc9df77,paper=schedule_free,1,0.0,train,0.341438,0,-
be16a6de1e20efee,GPT_4_1_NANO,629991cfb8aa2ccb,paper=schedule_free,1,0.0,train,0.090749,0,-
1c618d9d58429b09,O3_HIGH,db5eeca8907321c6,paper=schedule_free,1,0.0,train,0.001552,0,-
1c618d9d58429b09,O3_HIGH,6dfb0df7fd733f1a,paper=schedule_free,1,0.0,train,0.954681,1,-
1c618d9d58429b09,O3_HIGH,dbb1ecef6ee1fdd5,paper=schedule_free,1,1.0,test,0.988773,1,match
1c618d9d58429b09,O3_HIGH,8e6cbd2f1f0219a4,paper=schedule_free,1,0.0,train,0.496558,0,-
1c618d9d58429b09,O3_HIGH,5d17afc250fe4aa3,paper=schedule_free,1,0.0,train,0.879461,1,-
1c618d9d58429b09,O3_HIGH,2f1ebe7594ebbe63,paper=schedule_free,1,0.0,train,0.924269,1,-
1c618d9d58429b09,O3_HIGH,73197b36fa0f4ec6,paper=schedule_free,1,1.0,test,0.566765,1,match
1c618d9d58429b09,O3_HIGH,d21ba7f61abd0fdb,paper=schedule_free,1,1.0,train,0.817516,1,-
1c618d9d58429b09,O3_HIGH,a3421746d3ab7e56,paper=schedule_free,1,1.0,test,0.975582,1,match
1c618d9d58429b09,O3_HIGH,807a24b197180efe,paper=schedule_free,1,1.0,train,0.917474,1,-
1c618d9d58429b09,O3_HIGH,e7b071833a7a122d,paper=schedule_free,1,1.0,train,0.968363,1,-
1c618d9d58429b09,O3_HIGH,262b956b83b8e38c,paper=schedule_free,1,1.0,train,0.844111,1,-
1c618d9d58429b09,O3_HIGH,1b9607434cc9df77,paper=schedule_free,1,1.0,train,0.980408,1,-
1c618d9d58429b09,O3_HIGH,629991cfb8aa2ccb,paper=schedule_free,1,1.0,train,0.905953,1,-
bce3d3ee52ef698f,CLAUDE_3_5_SONNET_2024_10_22,db5eeca8907321c6,paper=schedule_free,1,0.0,test,0.000451,0,match
bce3d3ee52ef698f,CLAUDE_3_5_SONNET_2024_10_22,6dfb0df7fd733f1a,paper=schedule_free,1,1.0,train,0.859386,1,-
bce3d3ee52ef698f,CLAUDE_3_5_SONNET_2024_10_22,dbb1ecef6ee1fdd5,paper=schedule_free,1,1.0,train,0.962337,1,-
bce3d3ee52ef698f,CLAUDE_3_5_SONNET_2024_10_22,8e6cbd2f1f0219a4,paper=schedule_free,1,0.0,train,0.222489,0,-
bce3d3ee52ef698f,CLAUDE_3_5_SONNET_2024_10_22,5d17afc250fe4aa3,paper=schedule_free,1,0.0,train,0.679155,1,-
bce3d3ee52ef698f,CLAUDE_3_5_SONNET_2024_10_22,2f1ebe7594ebbe63,paper=schedule_free,1,1.0,train,0.779778,1,-
bce3d3ee52ef698f,CLAUDE_3_5_SONNET_2024_10_22,73197b36fa0f4ec6,paper=schedule_free,1,0.0,train,0.275123,0,-
bce3d3ee52ef698f,CLAUDE_3_5_SONNET_2024_10_22,d21ba7f61abd0fdb,paper=schedule_free,1,1.0,train,0.565168,1,-
bce3d3ee52ef698f,CLAUDE_3_5_SONNET_2024_10_22,a3421746d3ab7e56,paper=schedule_free,1,1.0,train,0.920582,1,-
bce3d3ee52ef698f,CLAUDE_3_5_SONNET_2024_10_22,807a24b197180efe,paper=schedule_free,1,1.0,train,0.763337,1,-
bce3d3ee52ef698f,CLAUDE_3_5_SONNET_2024_10_22,e7b071833a7a122d,paper=schedule_free,1,1.0,train,0.898788,1,-
bce3d3ee52ef698f,CLAUDE_3_5_SONNET_2024_10_22,262b956b83b8e38c,paper=schedule_free,1,1.0,test,0.611042,1,match
bce3d3ee52ef698f,CLAUDE_3_5_SONNET_2024_10_22,1b9607434cc9df77,paper=schedule_free,1,1.0,train,0.935558,1,-
bce3d3ee52ef698f,CLAUDE_3_5_SONNET_2024_10_22,629991cfb8aa2ccb,paper=schedule_free,1,1.0,train,0.736479,1,-
39edf3fbaacf1629,CLAUDE_3_7_SONNET_2025_02_19,db5eeca8907321c6,paper=schedule_free,1,0.0,train,0.000646,0,-
39edf3fbaacf1629,CLAUDE_3_7_SONNET_2025_02_19,6dfb0df7fd733f1a,paper=schedule_free,1,1.0,train,0.897513,1,-
39edf3fbaacf1629,CLAUDE_3_7_SONNET_2025_02_19,dbb1ecef6ee1fdd5,paper=schedule_free,1,1.0,test,0.973413,1,match
39edf3fbaacf1629,CLAUDE_3_7_SONNET_2025_02_19,8e6cbd2f1f0219a4,paper=schedule_free,1,0.0,train,0.290795,0,-
39edf3fbaacf1629,CLAUDE_3_7_SONNET_2025_02_19,5d17afc250fe4aa3,paper=schedule_free,1,1.0,train,0.752052,1,-
39edf3fbaacf1629,CLAUDE_3_7_SONNET_2025_02_19,2f1ebe7594ebbe63,paper=schedule_free,1,0.0,train,0.835355,1,-
39edf3fbaacf1629,CLAUDE_3_7_SONNET_2025_02_19,73197b36fa0f4ec6,paper=schedule_free,1,0.0,train,0.352267,0,-
39edf3fbaacf1629,CLAUDE_3_7_SONNET_2025_02_19,d21ba7f61abd0fdb,paper=schedule_free,1,0.0,train,0.65064,1,-
39edf3fbaacf1629,CLAUDE_3_7_SONNET_2025_02_19,a3421746d3ab7e56,paper=schedule_free,1,1.0,train,0.943213,1,-
39edf3fbaacf1629,CLAUDE_3_7_SONNET_2025_02_19,807a24b197180efe,paper=schedule_free,1,1.0,train,0.822117,1,-
39edf3fbaacf1629,CLAUDE_3_7_SONNET_2025_02_19,e7b071833a7a122d,paper=schedule_free,1,1.0,test,0.927137,1,match
39edf3fbaacf1629,CLAUDE_3_7_SONNET_2025_02_19,262b956b83b8e38c,paper=schedule_free,1,1.0,test,0.692405,1,match
39edf3fbaacf1629,CLAUDE_3_7_SONNET_2025_02_19,1b9607434cc9df77,paper=schedule_free,1,1.0,train,0.954134,1,-
39edf3fbaacf1629,CLAUDE_3_7_SONNET_2025_02_19,629991cfb8aa2ccb,paper=schedule_free,1,1.0,train,0.800184,1,-
a531ea372ae4b71d,GROK_3_BETA,db5eeca8907321c6,paper=schedule_free,1,0.0,test,0.000234,0,match
a531ea372ae4b71d,GROK_3_BETA,6dfb0df7fd733f1a,paper=schedule_free,1,0.0,train,0.76049,1,-
a531ea372ae4b71d,GROK_3_BETA,dbb1ecef6ee1fdd5,paper=schedule_free,1,1.0,train,0.929945,1,-
a531ea372ae4b71d,GROK_3_BETA,8e6cbd2f1f0219a4,paper=schedule_free,1,0.0,train,0.129425,0,-
a531ea372ae4b71d,GROK_3_BETA,5d17afc250fe4aa3,paper=schedule_free,1,0.0,test,0.523746,1,miss
a531ea372ae4b71d,GROK_3_BETA,2f1ebe7594ebbe63,paper=schedule_free,1,0.0,train,0.647835,1,-
a531ea372ae4b71d,GROK_3_BETA,73197b36fa0f4ec6,paper=schedule_free,1,0.0,train,0.164707,0,-
a531ea372ae4b71d,GROK_3_BETA,d21ba7f61abd0fdb,paper=schedule_free,1,0.0,train,0.403074,0,-
a531ea372ae4b71d,GROK_3_BETA,a3421746d3ab7e56,paper=schedule_free,1,1.0,train,0.857594,1,-
a531ea372ae4b71d,GROK_3_BETA,807a24b197180efe,paper=schedule_free,1,0.0,test,0.626265,1,miss
a531ea372ae4b71d,GROK_3_BETA,e7b071833a7a122d,paper=schedule_free,1,1.0,train,0.82186,1,-
a531ea372ae4b71d,GROK_3_BETA,262b956b83b8e38c,paper=schedule_free,1,0.0,train,0.449389,0,-
a531ea372ae4b71d,GROK_3_BETA,1b9607434cc9df77,paper=schedule_free,1,1.0,train,0.882938,1,-
a531ea372ae4b71d,GROK_3_BETA,629991cfb8aa2ccb,paper=schedule_free,1,0.0,train,0.592163,1,-
ac78f79a36a11b0e,GEMINI_2_5_PRO_PREVIEW_03_25,db5eeca8907321c6,paper=schedule_free,1,0.0,train,0.00194,0,-
ac78f79a36a11b0e,GEMINI_2_5_PRO_PREVIEW_03_25,6dfb0df7fd733f1a,paper=schedule_free,1,1.0,train,0.963424,1,-
ac78f79a36a11b0e,GEMINI_2_5_PRO_PREVIEW_03_25,dbb1ecef6ee1fdd5,paper=schedule_free,1,1.0,train,0.991001,1,-
ac78f79a36a11b0e,GEMINI_2_5_PRO_PREVIEW_03_25,8e6cbd2f1f0219a4,paper=schedule_free,1,1.0,train,0.552229,1,-
ac78f79a36a11b0e,GEMINI_2_5_PRO_PREVIEW_03_25,5d17afc250fe4aa3,paper=schedule_free,1,1.0,train,0.901214,1,-
ac78f79a36a11b0e,GEMINI_2_5_PRO_PREVIEW_03_25,2f1ebe7594ebbe63,paper=schedule_free,1,1.0,train,0.938502,1,-
ac78f79a36a11b0e,GEMINI_2_5_PRO_PREVIEW_03_25,73197b36fa0f4ec6,paper=schedule_free,1,0.0,test,0.620605,1,miss
ac78f79a36a11b0e,GEMINI_2_5_PRO_PREVIEW_03_25,d21ba7f61abd0fdb,paper=schedule_free,1,1.0,train,0.848523,1,-
ac78f79a36a11b0e,GEMINI_2_5_PRO_PREVIEW_03_25,a3421746d3ab7e56,paper=schedule_free,1,1.0,train,0.980376,1,-
ac78f79a36a11b0e,GEMINI_2_5_PRO_PREVIEW_03_25,807a24b197180efe,paper=schedule_free,1,1.0,train,0.93289,1,-
ac78f79a36a11b0e,GEMINI_2_5_PRO_PREVIEW_03_25,e7b071833a7a122d,paper=schedule_free,1,1.0,test,0.974537,1,match
ac78f79a36a11b0e,GEMINI_2_5_PRO_PREVIEW_03_25,262b956b83b8e38c,paper=schedule_free,1,1.0,train,0.87131,1,-
ac78f79a36a11b0e,GEMINI_2_5_PRO_PREVIEW_03_25,1b9607434cc9df77,paper=schedule_free,1,1.0,train,0.984269,1,-
ac78f79a36a11b0e,GEMINI_2_5_PRO_PREVIEW_03_25,629991cfb8aa2ccb,paper=schedule_free,1,1.0,train,0.923342,1,-
b97dccb68ad1d70a,OPENROUTER_DEEPSEEK_CHAT_V3_0324,db5eeca8907321c6,paper=schedule_free,1,0.0,test,0.000261,0,match
b97dccb68ad1d70a,OPENROUTER_DEEPSEEK_CHAT_V3_0324,6dfb0df7fd733f1a,paper=schedule_free,1,1.0,test,0.779774,1,match
b97dccb68ad1d70a,OPENROUTER_DEEPSEEK_CHAT_V3_0324,dbb1ecef6ee1fdd5,paper=schedule_free,1,1.0,train,0.936721,1,-
b97dccb68ad1d70a,OPENROUTER_DEEPSEEK_CHAT_V3_0324,8e6cbd2f1f0219a4,paper=schedule_free,1,0.0,test,0.142208,0,match
b97dccb68ad1d70a,OPENROUTER_DEEPSEEK_CHAT_V3_0324,5d17afc250fe4aa3,paper=schedule_free,1,1.0,train,0.550833,1,-
b97dccb68ad1d70a,OPENROUTER_DEEPSEEK_CHAT_V3_0324,2f1ebe7594ebbe63,paper=schedule_free,1,1.0,train,0.672281,1,-
b97dccb68ad1d70a,OPENROUTER_DEEPSEEK_CHAT_V3_0324,73197b36fa0f4ec6,paper=schedule_free,1,0.0,train,0.180253,0,-
b97dccb68ad1d70a,OPENROUTER_DEEPSEEK_CHAT_V3_0324,d21ba7f61abd0fdb,paper=schedule_free,1,0.0,train,0.429549,0,-
b97dccb68ad1d70a,OPENROUTER_DEEPSEEK_CHAT_V3_0324,a3421746d3ab7e56,paper=schedule_free,1,1.0,train,0.870392,1,-
b97dccb68ad1d70a,OPENROUTER_DEEPSEEK_CHAT_V3_0324,807a24b197180efe,paper=schedule_free,1,0.0,train,0.651403,1,-
b97dccb68ad1d70a,OPENROUTER_DEEPSEEK_CHAT_V3_0324,e7b071833a7a122d,paper=schedule_free,1,1.0,train,0.83726,1,-
b97dccb68ad1d70a,OPENROUTER_DEEPSEEK_CHAT_V3_0324,262b956b83b8e38c,paper=schedule_free,1,0.0,train,0.476478,0,-
b97dccb68ad1d70a,OPENROUTER_DEEPSEEK_CHAT_V3_0324,1b9607434cc9df77,paper=schedule_free,1,1.0,train,0.89374,1,-
b97dccb68ad1d70a,OPENROUTER_DEEPSEEK_CHAT_V3_0324,629991cfb8aa2ccb,paper=schedule_free,1,0.0,train,0.618196,1,-
09f4a41bb2e2d341,QWEN_2_5_CODER_32B_INSTRUCT,db5eeca8907321c6,paper=schedule_free,1,0.0,train,4.9e-05,0,-
09f4a41bb2e2d341,QWEN_2_5_CODER_32B_INSTRUCT,6dfb0df7fd733f1a,paper=schedule_free,1,0.0,train,0.401048,0,-
09f4a41bb2e2d341,QWEN_2_5_CODER_32B_INSTRUCT,dbb1ecef6ee1fdd5,paper=schedule_free,1,1.0,train,0.736795,1,-
09f4a41bb2e2d341,QWEN_2_5_CODER_32B_INSTRUCT,8e6cbd2f1f0219a4,paper=schedule_free,1,0.0,train,0.030398,0,-
09f4a41bb2e2d341,QWEN_2_5_CODER_32B_INSTRUCT,5d17afc250fe4aa3,paper=schedule_free,1,0.0,train,0.188251,0,-
09f4a41bb2e2d341,QWEN_2_5_CODER_32B_INSTRUCT,2f1ebe7594ebbe63,paper=schedule_free,1,0.0,train,0.279503,0,-
09f4a41bb2e2d341,QWEN_2_5_CODER_32B_INSTRUCT,73197b36fa0f4ec6,paper=schedule_free,1,0.0,train,0.039922,0,-
09f4a41bb2e2d341,QWEN_2_5_CODER_32B_INSTRUCT,d21ba7f61abd0fdb,paper=schedule_free,1,0.0,train,0.124647,0,-
09f4a41bb2e2d341,QWEN_2_5_CODER_32B_INSTRUCT,a3421746d3ab7e56,paper=schedule_free,1,0.0,train,0.559463,1,-
09f4a41bb2e2d341,QWEN_2_5_CODER_32B_INSTRUCT,807a24b197180efe,paper=schedule_free,1,1.0,test,0.261104,0,miss
09f4a41bb2e2d341,QWEN_2_5_CODER_32B_INSTRUCT,e7b071833a7a122d,paper=schedule_free,1,1.0,train,0.493133,0,-
09f4a41bb2e2d341,QWEN_2_5_CODER_32B_INSTRUCT,262b956b83b8e38c,paper=schedule_free,1,0.0,test,0.146839,0,match
09f4a41bb2e2d341,QWEN_2_5_CODER_32B_INSTRUCT,1b9607434cc9df77,paper=schedule_free,1,1.0,train,0.613982,1,-
09f4a41bb2e2d341,QWEN_2_5_CODER_32B_INSTRUCT,629991cfb8aa2ccb,paper=schedule_free,1,0.0,train,0.234414,0,-
c117f9213dc5d8c9,LLAMA_3_3_70B_INSTRUCT,db5eeca8907321c6,paper=schedule_free,1,0.0,train,8e-06,0,-
c117f9213dc5d8c9,LLAMA_3_3_70B_INSTRUCT,6dfb0df7fd733f1a,paper=schedule_free,1,1.0,test,0.101239,0,miss
c117f9213dc5d8c9,LLAMA_3_3_70B_INSTRUCT,dbb1ecef6ee1fdd5,paper=schedule_free,1,1.0,train,0.320155,0,-
c117f9213dc5d8c9,LLAMA_3_3_70B_INSTRUCT,8e6cbd2f1f0219a4,paper=schedule_free,1,0.0,train,0.005246,0,-
c117f9213dc5d8c9,LLAMA_3_3_70B_INSTRUCT,5d17afc250fe4aa3,paper=schedule_free,1,1.0,train,0.037549,0,-
c117f9213dc5d8c9,LLAMA_3_3_70B_INSTRUCT,2f1ebe7594ebbe63,paper=schedule_free,1,1.0,train,0.061263,0,-
c117f9213dc5d8c9,LLAMA_3_3_70B_INSTRUCT,73197b36fa0f4ec6,paper=schedule_free,1,0.0,train,0.006947,0,-
c117f9213dc5d8c9,LLAMA_3_3_70B_INSTRUCT,d21ba7f61abd0fdb,paper=schedule_free,1,0.0,train,0.023395,0,-
c117f9213dc5d8c9,LLAMA_3_3_70B_INSTRUCT,a3421746d3ab7e56,paper=schedule_free,1,0.0,train,0.176034,0,-
c117f9213dc5d8c9,LLAMA_3_3_70B_INSTRUCT,807a24b197180efe,paper=schedule_free,1,0.0,train,0.056111,0,-
c117f9213dc5d8c9,LLAMA_3_3_70B_INSTRUCT,e7b071833a7a122d,paper=schedule_free,1,0.0,test,0.140649,0,match
c117f9213dc5d8c9,LLAMA_3_3_70B_INSTRUCT,262b956b83b8e38c,paper=schedule_free,1,0.0,train,0.028139,0,-
c117f9213dc5d8c9,LLAMA_3_3_70B_INSTRUCT,1b9607434cc9df77,paper=schedule_free,1,0.0,train,0.211092,0,-
c117f9213dc5d8c9,LLAMA_3_3_70B_INSTRUCT,629991cfb8aa2ccb,paper=schedule_free,1,0.0,train,0.048986,0,-
b2436ce8ede11e03,OPENROUTER_O4_MINI_HIGH,db5eeca8907321c6,paper=schedule_free,1,0.0,train,0.001339,0,-
b2436ce8ede11e03,OPENROUTER_O4_MINI_HIGH,6dfb0df7fd733f1a,paper=schedule_free,1,1.0,train,0.947822,1,-
b2436ce8ede11e03,OPENROUTER_O4_MINI_HIGH,dbb1ecef6ee1fdd5,paper=schedule_free,1,1.0,train,0.987004,1,-
b2436ce8ede11e03,OPENROUTER_O4_MINI_HIGH,8e6cbd2f1f0219a4,paper=schedule_free,1,0.0,train,0.459612,0,-
b2436ce8ede11e03,OPENROUTER_O4_MINI_HIGH,5d17afc250fe4aa3,paper=schedule_free,1,1.0,train,0.862854,1,-
b2436ce8ede11e03,OPENROUTER_O4_MINI_HIGH,2f1ebe7594ebbe63,paper=schedule_free,1,1.0,train,0.913227,1,-
b2436ce8ede11e03,OPENROUTER_O4_MINI_HIGH,73197b36fa0f4ec6,paper=schedule_free,1,1.0,train,0.530096,1,-
b2436ce8ede11e03,OPENROUTER_O4_MINI_HIGH,d21ba7f61abd0fdb,paper=schedule_free,1,0.0,train,0.794371,1,-
b2436ce8ede11e03,OPENROUTER_O4_MINI_HIGH,a3421746d3ab7e56,paper=schedule_free,1,1.0,train,0.971794,1,-
b2436ce8ede11e03,OPENROUTER_O4_MINI_HIGH,807a24b197180efe,paper=schedule_free,1,1.0,train,0.905542,1,-
b2436ce8ede11e03,OPENROUTER_O4_MINI_HIGH,e7b071833a7a122d,paper=schedule_free,1,1.0,train,0.963496,1,-
b2436ce8ede11e03,OPENROUTER_O4_MINI_HIGH,262b956b83b8e38c,paper=schedule_free,1,1.0,test,0.823611,1,match
b2436ce8ede11e03,OPENROUTER_O4_MINI_HIGH,1b9607434cc9df77,paper=schedule_free,1,1.0,train,0.97735,1,-
b2436ce8ede11e03,OPENROUTER_O4_MINI_HIGH,629991cfb8aa2ccb,paper=schedule_free,1,1.0,train,0.89255,1,-
2bfd4cd36591d7f5,GROK_3_MINI_BETA_HIGH,db5eeca8907321c6,paper=schedule_free,1,0.0,train,2.7e-05,0,-
2bfd4cd36591d7f5,GROK_3_MINI_BETA_HIGH,6dfb0df7fd733f1a,paper=schedule_free,1,0.0,train,0.265346,0,-
2bfd4cd36591d7f5,GROK_3_MINI_BETA_HIGH,dbb1ecef6ee1fdd5,paper=schedule_free,1,0.0,train,0.601594,1,-
2bfd4cd36591d7f5,GROK_3_MINI_BETA_HIGH,8e6cbd2f1f0219a4,paper=schedule_free,1,0.0,train,0.01663,0,-
2bfd4cd36591d7f5,GROK_3_MINI_BETA_HIGH,5d17afc250fe4aa3,paper=schedule_free,1,0.0,train,0.111187,0,-
2bfd4cd36591d7f5,GROK_3_MINI_BETA_HIGH,2f1ebe7594ebbe63,paper=schedule_free,1,0.0,test,0.173046,0,match
2bfd4cd36591d7f5,GROK_3_MINI_BETA_HIGH,73197b36fa0f4ec6,paper=schedule_free,1,0.0,train,0.021938,0,-
2bfd4cd36591d7f5,GROK_3_MINI_BETA_HIGH,d21ba7f61abd0fdb,paper=schedule_free,1,0.0,train,0.071332,0,-
2bfd4cd36591d7f5,GROK_3_MINI_BETA_HIGH,a3421746d3ab7e56,paper=schedule_free,1,1.0,test,0.406541,0,miss
2bfd4cd36591d7f5,GROK_3_MINI_BETA_HIGH,807a24b197180efe,paper=schedule_free,1,1.0,train,0.160097,0,-
2bfd4cd36591d7f5,GROK_3_MINI_BETA_HIGH,e7b071833a7a122d,paper=schedule_free,1,1.0,train,0.344177,0,-
2bfd4cd36591d7f5,GROK_3_MINI_BETA_HIGH,262b956b83b8e38c,paper=schedule_free,1,0.0,test,0.084953,0,match
2bfd4cd36591d7f5,GROK_3_MINI_BETA_HIGH,1b9607434cc9df77,paper=schedule_free,1,0.0,train,0.461779,0,-
2bfd4cd36591d7f5,GROK_3_MINI_BETA_HIGH,629991cfb8aa2ccb,paper=schedule_free,1,1.0,train,0.141752,0,-
9dafe621e945d614,GROK_2_1212,db5eeca8907321c6,paper=schedule_free,1,0.0,train,2.9e-05,0,-
9dafe621e945d614,GROK_2_1212,6dfb0df7fd733f1a,paper=schedule_free,1,0.0,train,0.282405,0,-
9dafe621e945d614,GROK_2_1212,dbb1ecef6ee1fdd5,paper=schedule_free,1,0.0,train,0.621969,1,-
9dafe621e945d614,GROK_2_1212,8e6cbd2f1f0219a4,paper=schedule_free,1,0.0,train,0.018093,0,-
9dafe621e945d614,GROK_2_1212,5d17afc250fe4aa3,paper=schedule_free,1,1.0,test,0.119953,0,miss
9dafe621e945d614,GROK_2_1212,2f1ebe7594ebbe63,paper=schedule_free,1,0.0,train,0.185671,0,-
9dafe621e945d614,GROK_2_1212,73197b36fa0f4ec6,paper=schedule_free,1,0.0,train,0.023857,0,-
9dafe621e945d614,GROK_2_1212,d21ba7f61abd0fdb,paper=schedule_free,1,0.0,train,0.077229,0,-
9dafe621e945d614,GROK_2_1212,a3421746d3ab7e56,paper=schedule_free,1,1.0,train,0.427397,0,-
9dafe621e945d614,GROK_2_1212,807a24b197180efe,paper=schedule_free,1,0.0,train,0.171974,0,-
9dafe621e945d614,GROK_2_1212,e7b071833a7a122d,paper=schedule_free,1,0.0,test,0.363794,0,match
9dafe621e945d614,GROK_2_1212,262b956b83b8e38c,paper=schedule_free,1,0.0,train,0.091865,0,-
9dafe621e945d614,GROK_2_1212,1b9607434cc9df77,paper=schedule_free,1,1.0,train,0.483161,0,-
9dafe621e945d614,GROK_2_1212,629991cfb8aa2ccb,paper=schedule_free,1,1.0,train,0.152514,0,-
8d84404dc2cabd80,OPENROUTER_CLAUDE_3_5_HAIKU,db5eeca8907321c6,paper=schedule_free,1,0.0,train,0.000199,0,-
8d84404dc2cabd80,OPENROUTER_CLAUDE_3_5_HAIKU,6dfb0df7fd733f1a,paper=schedule_free,1,1.0,train,0.729667,1,-
8d84404dc2cabd80,OPENROUTER_CLAUDE_3_5_HAIKU,dbb1ecef6ee1fdd5,paper=schedule_free,1,1.0,train,0.918595,1,-
8d84404dc2cabd80,OPENROUTER_CLAUDE_3_5_HAIKU,8e6cbd2f1f0219a4,paper=schedule_free,1,0.0,train,0.112198,0,-
8d84404dc2cabd80,OPENROUTER_CLAUDE_3_5_HAIKU,5d17afc250fe4aa3,paper=schedule_free,1,0.0,train,0.483162,0,-
8d84404dc2cabd80,OPENROUTER_CLAUDE_3_5_HAIKU,2f1ebe7594ebbe63,paper=schedule_free,1,1.0,train,0.609951,1,-
8d84404dc2cabd80,OPENROUTER_CLAUDE_3_5_HAIKU,73197b36fa0f4ec6,paper=schedule_free,1,0.0,train,0.143558,0,-
8d84404dc2cabd80,OPENROUTER_CLAUDE_3_5_HAIKU,d21ba7f61abd0fdb,paper=schedule_free,1,1.0,train,0.36468,0,-
8d84404dc2cabd80,OPENROUTER_CLAUDE_3_5_HAIKU,a3421746d3ab7e56,paper=schedule_free,1,1.0,train,0.836582,1,-
8d84404dc2cabd80,OPENROUTER_CLAUDE_3_5_HAIKU,807a24b197180efe,paper=schedule_free,1,1.0,train,0.587537,1,-
8d84404dc2cabd80,OPENROUTER_CLAUDE_3_5_HAIKU,e7b071833a7a122d,paper=schedule_free,1,1.0,train,0.796824,1,-
8d84404dc2cabd80,OPENROUTER_CLAUDE_3_5_HAIKU,262b956b83b8e38c,paper=schedule_free,1,0.0,train,0.409611,0,-
8d84404dc2cabd80,OPENROUTER_CLAUDE_3_5_HAIKU,1b9607434cc9df77,paper=schedule_free,1,0.0,train,0.865077,1,-
8d84404dc2cabd80,OPENROUTER_CLAUDE_3_5_HAIKU,629991cfb8aa2ccb,paper=schedule_free,1,0.0,train,0.552427,1,-
42d17e7b8b8e8451,OPENROUTER_LLAMA_4_MAVERICK,db5eeca8907321c6,paper=schedule_free,1,0.0,test,6.4e-05,0,match
42d17e7b8b8e8451,OPENROUTER_LLAMA_4_MAVERICK,6dfb0df7fd733f1a,paper=schedule_free,1,1.0,test,0.463434,0,miss
42d17e7b8b8e8451,OPENROUTER_LLAMA_4_MAVERICK,dbb1ecef6ee1fdd5,paper=schedule_free,1,0.0,test,0.783121,1,miss
42d17e7b8b8e8451,OPENROUTER_LLAMA_4_MAVERICK,8e6cbd2f1f0219a4,paper=schedule_free,1,0.0,test,0.038868,0,match
42d17e7b8b8e8451,OPENROUTER_LLAMA_4_MAVERICK,5d17afc250fe4aa3,paper=schedule_free,1,0.0,train,0.230261,0,-
42d17e7b8b8e8451,OPENROUTER_LLAMA_4_MAVERICK,2f1ebe7594ebbe63,paper=schedule_free,1,0.0,train,0.33351,0,-
42d17e7b8b8e8451,OPENROUTER_LLAMA_4_MAVERICK,73197b36fa0f4ec6,paper=schedule_free,1,0.0,train,0.050907,0,-
42d17e7b8b8e8451,OPENROUTER_LLAMA_4_MAVERICK,d21ba7f61abd0fdb,paper=schedule_free,1,0.0,train,0.155176,0,-
42d17e7b8b8e8451,OPENROUTER_LLAMA_4_MAVERICK,a3421746d3ab7e56,paper=schedule_free,1,1.0,train,0.620944,1,-
42d17e7b8b8e8451,OPENROUTER_LLAMA_4_MAVERICK,807a24b197180efe,paper=schedule_free,1,0.0,test,0.3131,0,match
42d17e7b8b8e8451,OPENROUTER_LLAMA_4_MAVERICK,e7b071833a7a122d,paper=schedule_free,1,0.0,train,0.556533,1,-
42d17e7b8b8e8451,OPENROUTER_LLAMA_4_MAVERICK,262b956b83b8e38c,paper=schedule_free,1,0.0,train,0.181676,0,-
42d17e7b8b8e8451,OPENROUTER_LLAMA_4_MAVERICK,1b9607434cc9df77,paper=schedule_free,1,1.0,train,0.672311,1,-
42d17e7b8b8e8451,OPENROUTER_LLAMA_4_MAVERICK,629991cfb8aa2ccb,paper=schedule_free,1,0.0,train,0.283132,0,-
f346f5a402064340,OPENROUTER_LLAMA_4_SCOUT,db5eeca8907321c6,paper=schedule_free,1,0.0,train,2e-05,0,-
f346f5a402064340,OPENROUTER_LLAMA_4_SCOUT,6dfb0df7fd733f1a,paper=schedule_free,1,1.0,train,0.217169,0,-
f346f5a402064340,OPENROUTER_LLAMA_4_SCOUT,dbb1ecef6ee1fdd5,paper=schedule_free,1,0.0,train,0.536991,1,-
f346f5a402064340,OPENROUTER_LLAMA_4_SCOUT,8e6cbd2f1f0219a4,paper=schedule_free,1,0.0,train,0.012822,0,-
f346f5a402064340,OPENROUTER_LLAMA_4_SCOUT,5d17afc250fe4aa3,paper=schedule_free,1,0.0,test,0.08766,0,match
f346f5a402064340,OPENROUTER_LLAMA_4_SCOUT,2f1ebe7594ebbe63,paper=schedule_free,1,0.0,train,0.138469,0,-
f346f5a402064340,OPENROUTER_LLAMA_4_SCOUT,73197b36fa0f4ec6,paper=schedule_free,1,0.0,train,0.016936,0,-
f346f5a402064340,OPENROUTER_LLAMA_4_SCOUT,d21ba7f61abd0fdb,paper=schedule_free,1,0.0,train,0.05571,0,-
f346f5a402064340,OPENROUTER_LLAMA_4_SCOUT,a3421746d3ab7e56,paper=schedule_free,1,1.0,test,0.344759,0,miss
f346f5a402064340,OPENROUTER_LLAMA_4_SCOUT,807a24b197180efe,paper=schedule_free,1,0.0,train,0.127708,0,-
f346f5a402064340,OPENROUTER_LLAMA_4_SCOUT,e7b071833a7a122d,paper=schedule_free,1,0.0,test,0.287284,0,match
f346f5a402064340,OPENROUTER_LLAMA_4_SCOUT,262b956b83b8e38c,paper=schedule_free,1,0.0,train,0.066562,0,-
f346f5a402064340,OPENROUTER_LLAMA_4_SCOUT,1b9607434cc9df77,paper=schedule_free,1,0.0,train,0.397221,0,-
f346f5a402064340,OPENROUTER_LLAMA_4_SCOUT,629991cfb8aa2ccb,paper=schedule_free,1,0.0,train,0.112576,0,-
d9512a7be0630043,MISTRAL_CODESTRAL_2501,db5eeca8907321c6,paper=schedule_free,1,0.0,train,9.6e-05,0,-
d9512a7be0630043,MISTRAL_CODESTRAL_2501,6dfb0df7fd733f1a,paper=schedule_free,1,1.0,train,0.566287,1,-
d9512a7be0630043,MISTRAL_CODESTRAL_2501,dbb1ecef6ee1fdd5,paper=schedule_free,1,0.0,test,0.845168,1,miss
d9512a7be0630043,MISTRAL_CODESTRAL_2501,8e6cbd2f1f0219a4,paper=schedule_free,1,0.0,train,0.057611,0,-
d9512a7be0630043,MISTRAL_CODESTRAL_2501,5d17afc250fe4aa3,paper=schedule_free,1,1.0,train,0.311397,0,-
d9512a7be0630043,MISTRAL_CODESTRAL_2501,2f1ebe7594ebbe63,paper=schedule_free,1,1.0,test,0.430671,0,miss
d9512a7be0630043,MISTRAL_CODESTRAL_2501,73197b36fa0f4ec6,paper=schedule_free,1,1.0,test,0.075003,0,miss
d9512a7be0630043,MISTRAL_CODESTRAL_2501,d21ba7f61abd0fdb,paper=schedule_free,1,0.0,test,0.217325,0,match
d9512a7be0630043,MISTRAL_CODESTRAL_2501,a3421746d3ab7e56,paper=schedule_free,1,0.0,train,0.712345,1,-
d9512a7be0630043,MISTRAL_CODESTRAL_2501,807a24b197180efe,paper=schedule_free,1,0.0,train,0.407956,0,-
d9512a7be0630043,MISTRAL_CODESTRAL_2501,e7b071833a7a122d,paper=schedule_free,1,0.0,train,0.654832,1,-
d9512a7be0630043,MISTRAL_CODESTRAL_2501,262b956b83b8e38c,paper=schedule_free,1,0.0,train,0.251281,0,-
d9512a7be0630043,MISTRAL_CODESTRAL_2501,1b9607434cc9df77,paper=schedule_free,1,1.0,train,0.756189,1,-
d9512a7be0630043,MISTRAL_CODESTRAL_2501,629991cfb8aa2ccb,paper=schedule_free,1,0.0,train,0.37385,0,-
4a938d775c0363f7,GEMINI_2_5_PRO_PREVIEW_05_06,db5eeca8907321c6,paper=schedule_free,1,0.0,train,0.003186,0,-
4a938d775c0363f7,GEMINI_2_5_PRO_PREVIEW_05_06,6dfb0df7fd733f1a,paper=schedule_free,1,1.0,train,0.977428,1,-
4a938d775c0363f7,GEMINI_2_5_PRO_PREVIEW_05_06,dbb1ecef6ee1fdd5,paper=schedule_free,1,1.0,train,0.994507,1,-
4a938d775c0363f7,GEMINI_2_5_PRO_PREVIEW_05_06,8e6cbd2f1f0219a4,paper=schedule_free,1,1.0,train,0.669696,1,-
4a938d775c0363f7,GEMINI_2_5_PRO_PREVIEW_05_06,5d17afc250fe4aa3,paper=schedule_free,1,1.0,train,0.937492,1,-
4a938d775c0363f7,GEMINI_2_5_PRO_PREVIEW_05_06,2f1ebe7594ebbe63,paper=schedule_free,1,0.0,train,0.961669,1,-
4a938d775c0363f7,GEMINI_2_5_PRO_PREVIEW_05_06,73197b36fa0f4ec6,paper=schedule_free,1,1.0,train,0.728939,1,-
4a938d775c0363f7,GEMINI_2_5_PRO_PREVIEW_05_06,d21ba7f61abd0fdb,paper=schedule_free,1,1.0,train,0.902048,1,-
4a938d775c0363f7,GEMINI_2_5_PRO_PREVIEW_05_06,a3421746d3ab7e56,paper=schedule_free,1,1.0,train,0.987971,1,-
4a938d775c0363f7,GEMINI_2_5_PRO_PREVIEW_05_06,807a24b197180efe,paper=schedule_free,1,1.0,test,0.958077,1,match
4a938d775c0363f7,GEMINI_2_5_PRO_PREVIEW_05_06,e7b071833a7a122d,paper=schedule_free,1,1.0,train,0.984355,1,-
4a938d775c0363f7,GEMINI_2_5_PRO_PREVIEW_05_06,262b956b83b8e38c,paper=schedule_free,1,1.0,test,0.917566,1,match
4a938d775c0363f7,GEMINI_2_5_PRO_PREVIEW_05_06,1b9607434cc9df77,paper=schedule_free,1,1.0,test,0.990372,1,match
4a938d775c0363f7,GEMINI_2_5_PRO_PREVIEW_05_06,629991cfb8aa2ccb,paper=schedule_free,1,1.0,train,0.951927,1,-
0201bf34008b40fa,OPENROUTER_QWEN_TURBO,db5eeca8907321c6,paper=schedule_free,1,0.0,train,4e-06,0,-
0201bf34008b40fa,OPENROUTER_QWEN_TURBO,6dfb0df7fd733f1a,paper=schedule_free,1,1.0,train,0.046376,0,-
0201bf34008b40fa,OPENROUTER_QWEN_TURBO,dbb1ecef6ee1fdd5,paper=schedule_free,1,0.0,test,0.168961,0,match
0201bf34008b40fa,OPENROUTER_QWEN_TURBO,8e6cbd2f1f0219a4,paper=schedule_free,1,0.0,train,0.002272,0,-
0201bf34008b40fa,OPENROUTER_QWEN_TURBO,5d17afc250fe4aa3,paper=schedule_free,1,0.0,train,0.016564,0,-
0201bf34008b40fa,OPENROUTER_QWEN_TURBO,2f1ebe7594ebbe63,paper=schedule_free,1,0.0,train,0.027403,0,-
0201bf34008b40fa,OPENROUTER_QWEN_TURBO,73197b36fa0f4ec6,paper=schedule_free,1,0.0,train,0.003011,0,-
0201bf34008b40fa,OPENROUTER_QWEN_TURBO,d21ba7f61abd0fdb,paper=schedule_free,1,0.0,test,0.010236,0,match
0201bf34008b40fa,OPENROUTER_QWEN_TURBO,a3421746d3ab7e56,paper=schedule_free,1,0.0,train,0.084447,0,-
0201bf34008b40fa,OPENROUTER_QWEN_TURBO,807a24b197180efe,paper=schedule_free,1,0.0,test,0.025023,0,match
0201bf34008b40fa,OPENROUTER_QWEN_TURBO,e7b071833a7a122d,paper=schedule_free,1,0.0,train,0.065998,0,-
0201bf34008b40fa,OPENROUTER_QWEN_TURBO,262b956b83b8e38c,paper=schedule_free,1,0.0,train,0.012346,0,-
0201bf34008b40fa,OPENROUTER_QWEN_TURBO,1b9607434cc9df77,paper=schedule_free,1,0.0,train,0.103558,0,-
0201bf34008b40fa,OPENROUTER_QWEN_TURBO,629991cfb8aa2ccb,paper=schedule_free,1,0.0,train,0.021755,0,-
9bbf8d46fe2a4b4d,OPENROUTER_MISTRAL_CODESTRAL_MAMBA,db5eeca8907321c6,paper=schedule_free,1,0.0,test,1e-06,0,match
9bbf8d46fe2a4b4d,OPENROUTER_MISTRAL_CODESTRAL_MAMBA,6dfb0df7fd733f1a,paper=schedule_free,1,0.0,train,0.010267,0,-
9bbf8d46fe2a4b4d,OPENROUTER_MISTRAL_CODESTRAL_MAMBA,dbb1ecef6ee1fdd5,paper=schedule_free,1,0.0,train,0.041567,0,-
9bbf8d46fe2a4b4d,OPENROUTER_MISTRAL_CODESTRAL_MAMBA,8e6cbd2f1f0219a4,paper=schedule_free,1,0.0,train,0.000485,0,-
9bbf8d46fe2a4b4d,OPENROUTER_MISTRAL_CODESTRAL_MAMBA,5d17afc250fe4aa3,paper=schedule_free,1,0.0,train,0.00358,0,-
9bbf8d46fe2a4b4d,OPENROUTER_MISTRAL_CODESTRAL_MAMBA,2f1ebe7594ebbe63,paper=schedule_free,1,0.0,train,0.005974,0,-
9bbf8d46fe2a4b4d,OPENROUTER_MISTRAL_CODESTRAL_MAMBA,73197b36fa0f4ec6,paper=schedule_free,1,0.0,train,0.000644,0,-
9bbf8d46fe2a4b4d,OPENROUTER_MISTRAL_CODESTRAL_MAMBA,d21ba7f61abd0fdb,paper=schedule_free,1,0.0,train,0.002201,0,-
9bbf8d46fe2a4b4d,OPENROUTER_MISTRAL_CODESTRAL_MAMBA,a3421746d3ab7e56,paper=schedule_free,1,0.0,train,0.019296,0,-
9bbf8d46fe2a4b4d,OPENROUTER_MISTRAL_CODESTRAL_MAMBA,807a24b197180efe,paper=schedule_free,1,0.0,train,0.005445,0,-
9bbf8d46fe2a4b4d,OPENROUTER_MISTRAL_CODESTRAL_MAMBA,e7b071833a7a122d,paper=schedule_free,1,0.0,test,0.014849,0,match
9bbf8d46fe2a4b4d,OPENROUTER_MISTRAL_CODESTRAL_MAMBA,262b956b83b8e38c,paper=schedule_free,1,0.0,test,0.002659,0,match
9bbf8d46fe2a4b4d,OPENROUTER_MISTRAL_CODESTRAL_MAMBA,1b9607434cc9df77,paper=schedule_free,1,0.0,train,0.02405,0,-
9bbf8d46fe2a4b4d,OPENROUTER_MISTRAL_CODESTRAL_MAMBA,629991cfb8aa2ccb,paper=schedule_free,1,0.0,train,0.004721,0,-
0e68149d77ff2477,OPENROUTER_AMAZON_NOVA_PRO_1_0,db5eeca8907321c6,paper=schedule_free,1,0.0,train,4.8e-05,0,-
0e68149d77ff2477,OPENROUTER_AMAZON_NOVA_PRO_1_0,6dfb0df7fd733f1a,paper=schedule_free,1,1.0,test,0.392697,0,miss
0e68149d77ff2477,OPENROUTER_AMAZON_NOVA_PRO_1_0,dbb1ecef6ee1fdd5,paper=schedule_free,1,0.0,train,0.729973,1,-
0e68149d77ff2477,OPENROUTER_AMAZON_NOVA_PRO_1_0,8e6cbd2f1f0219a4,paper=schedule_free,1,1.0,train,0.029386,0,-
0e68149d77ff2477,OPENROUTER_AMAZON_NOVA_PRO_1_0,5d17afc250fe4aa3,paper=schedule_free,1,1.0,train,0.182978,0,-
0e68149d77ff2477,OPENROUTER_AMAZON_NOVA_PRO_1_0,2f1ebe7594ebbe63,paper=schedule_free,1,1.0,train,0.272531,0,-
0e68149d77ff2477,OPENROUTER_AMAZON_NOVA_PRO_1_0,73197b36fa0f4ec6,paper=schedule_free,1,0.0,train,0.038606,0,-
0e68149d77ff2477,OPENROUTER_AMAZON_NOVA_PRO_1_0,d21ba7f61abd0fdb,paper=schedule_free,1,0.0,train,0.12089,0,-
0e68149d77ff2477,OPENROUTER_AMAZON_NOVA_PRO_1_0,a3421746d3ab7e56,paper=schedule_free,1,0.0,train,0.550847,1,-
0e68149d77ff2477,OPENROUTER_AMAZON_NOVA_PRO_1_0,807a24b197180efe,paper=schedule_free,1,0.0,test,0.254429,0,match
0e68149d77ff2477,OPENROUTER_AMAZON_NOVA_PRO_1_0,e7b071833a7a122d,paper=schedule_free,1,1.0,train,0.484415,0,-
0e68149d77ff2477,OPENROUTER_AMAZON_NOVA_PRO_1_0,262b956b83b8e38c,paper=schedule_free,1,0.0,train,0.142522,0,-
0e68149d77ff2477,OPENROUTER_AMAZON_NOVA_PRO_1_0,1b9607434cc9df77,paper=schedule_free,1,1.0,test,0.60568,1,match
0e68149d77ff2477,OPENROUTER_AMAZON_NOVA_PRO_1_0,629991cfb8aa2ccb,paper=schedule_free,1,0.0,train,0.228211,0,-
f89d3f7268252d37,OPENROUTER_COHERE_COMMAND_A,db5eeca8907321c6,paper=schedule_free,1,0.0,train,7.4e-05,0,-
f89d3f7268252d37,OPENROUTER_COHERE_COMMAND_A,6dfb0df7fd733f1a,paper=schedule_free,1,1.0,train,0.501493,1,-
f89d3f7268252d37,OPENROUTER_COHERE_COMMAND_A,dbb1ecef6ee1fdd5,paper=schedule_free,1,1.0,train,0.807904,1,-
f89d3f7268252d37,OPENROUTER_COHERE_COMMAND_A,8e6cbd2f1f0219a4,paper=schedule_free,1,0.0,train,0.044983,0,-
f89d3f7268252d37,OPENROUTER_COHERE_COMMAND_A,5d17afc250fe4aa3,paper=schedule_free,1,0.0,train,0.258393,0,-
f89d3f7268252d37,OPENROUTER_COHERE_COMMAND_A,2f1ebe7594ebbe63,paper=schedule_free,1,1.0,train,0.368221,0,-
f89d3f7268252d37,OPENROUTER_COHERE_COMMAND_A,73197b36fa0f4ec6,paper=schedule_free,1,0.0,test,0.0588,0,match
f89d3f7268252d37,OPENROUTER_COHERE_COMMAND_A,d21ba7f61abd0fdb,paper=schedule_free,1,1.0,train,0.176235,0,-
f89d3f7268252d37,OPENROUTER_COHERE_COMMAND_A,a3421746d3ab7e56,paper=schedule_free,1,0.0,train,0.656121,1,-
f89d3f7268252d37,OPENROUTER_COHERE_COMMAND_A,807a24b197180efe,paper=schedule_free,1,0.0,train,0.346793,0,-
f89d3f7268252d37,OPENROUTER_COHERE_COMMAND_A,e7b071833a7a122d,paper=schedule_free,1,1.0,train,0.593777,1,-
f89d3f7268252d37,OPENROUTER_COHERE_COMMAND_A,262b956b83b8e38c,paper=schedule_free,1,0.0,train,0.205456,0,-
f89d3f7268252d37,OPENROUTER_COHERE_COMMAND_A,1b9607434cc9df77,paper=schedule_free,1,1.0,train,0.704986,1,-
f89d3f7268252d37,OPENROUTER_COHERE_COMMAND_A,629991cfb8aa2ccb,paper=schedule_free,1,0.0,train,0.315079,0,-
6439159aa9f9ba95,GEMINI_2_5_FLASH_PREVIEW_04_17,db5eeca8907321c6,paper=schedule_free,1,0.0,train,0.000442,0,-
6439159aa9f9ba95,GEMINI_2_5_FLASH_PREVIEW_04_17,6dfb0df7fd733f1a,paper=schedule_free,1,0.0,train,0.856948,1,-
6439159aa9f9ba95,GEMINI_2_5_FLASH_PREVIEW_04_17,dbb1ecef6ee1fdd5,paper=schedule_free,1,1.0,train,0.961604,1,-
6439159aa9f9ba95,GEMINI_2_5_FLASH_PREVIEW_04_17,8e6cbd2f1f0219a4,paper=schedule_free,1,0.0,test,0.219044,0,match
6439159aa9f9ba95,GEMINI_2_5_FLASH_PREVIEW_04_17,5d17afc250fe4aa3,paper=schedule_free,1,1.0,train,0.674775,1,-
6439159aa9f9ba95,GEMINI_2_5_FLASH_PREVIEW_04_17,2f1ebe7594ebbe63,paper=schedule_free,1,1.0,test,0.776319,1,match
6439159aa9f9ba95,GEMINI_2_5_FLASH_PREVIEW_04_17,73197b36fa0f4ec6,paper=schedule_free,1,1.0,train,0.271147,0,-
6439159aa9f9ba95,GEMINI_2_5_FLASH_PREVIEW_04_17,d21ba7f61abd0fdb,paper=schedule_free,1,1.0,train,0.560239,1,-
6439159aa9f9ba95,GEMINI_2_5_FLASH_PREVIEW_04_17,a3421746d3ab7e56,paper=schedule_free,1,1.0,train,0.919105,1,-
6439159aa9f9ba95,GEMINI_2_5_FLASH_PREVIEW_04_17,807a24b197180efe,paper=schedule_free,1,1.0,train,0.7597,1,-
6439159aa9f9ba95,GEMINI_2_5_FLASH_PREVIEW_04_17,e7b071833a7a122d,paper=schedule_free,1,0.0,train,0.896952,1,-
6439159aa9f9ba95,GEMINI_2_5_FLASH_PREVIEW_04_17,262b956b83b8e38c,paper=schedule_free,1,1.0,train,0.606271,1,-
6439159aa9f9ba95,GEMINI_2_5_FLASH_PREVIEW_04_17,1b9607434cc9df77,paper=schedule_free,1,1.0,test,0.93434,1,match
6439159aa9f9ba95,GEMINI_2_5_FLASH_PREVIEW_04_17,629991cfb8aa2ccb,paper=schedule_free,1,1.0,train,0.732574,1,-
4a199d31e7ac5440,GEMINI_2_0_FLASH_LITE,db5eeca8907321c6,paper=schedule_free,1,0.0,test,9.6e-05,0,match
4a199d31e7ac5440,GEMINI_2_0_FLASH_LITE,6dfb0df7fd733f1a,paper=schedule_free,1,1.0,train,0.564265,1,-
4a199d31e7ac5440,GEMINI_2_0_FLASH_LITE,dbb1ecef6ee1fdd5,paper=schedule_free,1,1.0,train,0.844088,1,-
4a199d31e7ac5440,GEMINI_2_0_FLASH_LITE,8e6cbd2f1f0219a4,paper=schedule_free,1,0.0,train,0.057166,0,-
4a199d31e7ac5440,GEMINI_2_0_FLASH_LITE,5d17afc250fe4aa3,paper=schedule_free,1,0.0,train,0.309636,0,-
4a199d31e7ac5440,GEMINI_2_0_FLASH_LITE,2f1ebe7594ebbe63,paper=schedule_free,1,0.0,train,0.428655,0,-
4a199d31e7ac5440,GEMINI_2_0_FLASH_LITE,73197b36fa0f4ec6,paper=schedule_free,1,0.0,test,0.074434,0,match
4a199d31e7ac5440,GEMINI_2_0_FLASH_LITE,d21ba7f61abd0fdb,paper=schedule_free,1,1.0,test,0.215929,0,miss
4a199d31e7ac5440,GEMINI_2_0_FLASH_LITE,a3421746d3ab7e56,paper=schedule_free,1,1.0,train,0.710656,1,-
4a199d31e7ac5440,GEMINI_2_0_FLASH_LITE,807a24b197180efe,paper=schedule_free,1,0.0,train,0.40597,0,-
4a199d31e7ac5440,GEMINI_2_0_FLASH_LITE,e7b071833a7a122d,paper=schedule_free,1,1.0,train,0.65297,1,-
4a199d31e7ac5440,GEMINI_2_0_FLASH_LITE,262b956b83b8e38c,paper=schedule_free,1,0.0,train,0.249736,0,-
4a199d31e7ac5440,GEMINI_2_0_FLASH_LITE,1b9607434cc9df77,paper=schedule_free,1,1.0,train,0.754669,1,-
4a199d31e7ac5440,GEMINI_2_0_FLASH_LITE,629991cfb8aa2ccb,paper=schedule_free,1,0.0,train,0.371926,0,-
5a9db67a33a34b6b,OPENROUTER_MISTRAL_MEDIUM_3,db5eeca8907321c6,paper=schedule_free,1,0.0,train,0.000162,0,-
5a9db67a33a34b6b,OPENROUTER_MISTRAL_MEDIUM_3,6dfb0df7fd733f1a,paper=schedule_free,1,0.0,train,0.686808,1,-
5a9db67a33a34b6b,OPENROUTER_MISTRAL_MEDIUM_3,dbb1ecef6ee1fdd5,paper=schedule_free,1,1.0,train,0.901652,1,-
5a9db67a33a34b6b,OPENROUTER_MISTRAL_MEDIUM_3,8e6cbd2f1f0219a4,paper=schedule_free,1,0.0,train,0.093115,0,-
5a9db67a33a34b6b,OPENROUTER_MISTRAL_MEDIUM_3,5d17afc250fe4aa3,paper=schedule_free,1,0.0,train,0.431662,0,-
5a9db67a33a34b6b,OPENROUTER_MISTRAL_MEDIUM_3,2f1ebe7594ebbe63,paper=schedule_free,1,1.0,train,0.559569,1,-
5a9db67a33a34b6b,OPENROUTER_MISTRAL_MEDIUM_3,73197b36fa0f4ec6,paper=schedule_free,1,0.0,train,0.119861,0,-
5a9db67a33a34b6b,OPENROUTER_MISTRAL_MEDIUM_3,d21ba7f61abd0fdb,paper=schedule_free,1,0.0,train,0.318039,0,-
5a9db67a33a34b6b,OPENROUTER_MISTRAL_MEDIUM_3,a3421746d3ab7e56,paper=schedule_free,1,0.0,test,0.806171,1,miss
5a9db67a33a34b6b,OPENROUTER_MISTRAL_MEDIUM_3,807a24b197180efe,paper=schedule_free,1,1.0,train,0.53646,1,-
5a9db67a33a34b6b,OPENROUTER_MISTRAL_MEDIUM_3,e7b071833a7a122d,paper=schedule_free,1,0.0,test,0.761127,1,miss
5a9db67a33a34b6b,OPENROUTER_MISTRAL_MEDIUM_3,262b956b83b8e38c,paper=schedule_free,1,0.0,train,0.360483,0,-
5a9db67a33a34b6b,OPENROUTER_MISTRAL_MEDIUM_3,1b9607434cc9df77,paper=schedule_free,1,1.0,test,0.838948,1,match
5a9db67a33a34b6b,OPENROUTER_MISTRAL_MEDIUM_3,629991cfb8aa2ccb,paper=schedule_free,1,0.0,train,0.500697,1,-
92da838173d9f753,GEMINI_2_0_FLASH,f42299a49507169a,paper=semanticist,1,0.0,train,0.000203,0,-
92da838173d9f753,GEMINI_2_0_FLASH,a9212b9982c1a9f9,paper=semanticist,1,0.0,train,0.000194,0,-
92da838173d9f753,GEMINI_2_0_FLASH,8a69c2eaf360b18d,paper=semanticist,1,0.0,train,0.150168,0,-
92da838173d9f753,GEMINI_2_0_FLASH,98d7b371d9add87d,paper=semanticist,1,0.0,train,0.00024,0,-
92da838173d9f753,GEMINI_2_0_FLASH,bd2015c4897ffc00,paper=semanticist,1,0.0,train,0.000185,0,-
92da838173d9f753,GEMINI_2_0_FLASH,2d16252066192ca2,paper=semanticist,1,0.0,test,0.0002,0,match
92da838173d9f753,GEMINI_2_0_FLASH,0c64c5791104ffbd,paper=semanticist,1,1.0,train,0.018939,0,-
92da838173d9f753,GEMINI_2_0_FLASH,ef62a2a264d1ee79,paper=semanticist,1,0.0,test,0.067245,0,match
92da838173d9f753,GEMINI_2_0_FLASH,d2edb362a0f040f0,paper=semanticist,1,0.0,train,0.125848,0,-
92da838173d9f753,GEMINI_2_0_FLASH,d1c072684d710743,paper=semanticist,1,1.0,test,0.101484,0,miss
92da838173d9f753,GEMINI_2_0_FLASH,9393295516a6f684,paper=semanticist,1,0.0,train,0.000196,0,-
7184624c9762b8b9,GPT_4O_2024_08_06,f42299a49507169a,paper=semanticist,1,0.0,train,0.000293,0,-
7184624c9762b8b9,GPT_4O_2024_08_06,a9212b9982c1a9f9,paper=semanticist,1,0.0,train,0.000279,0,-
7184624c9762b8b9,GPT_4O_2024_08_06,8a69c2eaf360b18d,paper=semanticist,1,1.0,train,0.202695,0,-
7184624c9762b8b9,GPT_4O_2024_08_06,98d7b371d9add87d,paper=semanticist,1,0.0,train,0.000345,0,-
7184624c9762b8b9,GPT_4O_2024_08_06,bd2015c4897ffc00,paper=semanticist,1,0.0,train,0.000267,0,-
7184624c9762b8b9,GPT_4O_2024_08_06,2d16252066192ca2,paper=semanticist,1,0.0,train,0.000287,0,-
7184624c9762b8b9,GPT_4O_2024_08_06,0c64c5791104ffbd,paper=semanticist,1,0.0,test,0.027023,0,match
7184624c9762b8b9,GPT_4O_2024_08_06,ef62a2a264d1ee79,paper=semanticist,1,0.0,test,0.093974,0,match
7184624c9762b8b9,GPT_4O_2024_08_06,d2edb362a0f040f0,paper=semanticist,1,0.0,train,0.171585,0,-
7184624c9762b8b9,GPT_4O_2024_08_06,d1c072684d710743,paper=semanticist,1,0.0,test,0.139783,0,match
7184624c9762b8b9,GPT_4O_2024_08_06,9393295516a6f684,paper=semanticist,1,0.0,train,0.000282,0,-
3f126a3baa99198a,GPT_4O_MINI,f42299a49507169a,paper=semanticist,1,0.0,train,4.8e-05,0,-
3f126a3baa99198a,GPT_4O_MINI,a9212b9982c1a9f9,paper=semanticist,1,0.0,train,4.6e-05,0,-
3f126a3baa99198a,GPT_4O_MINI,8a69c2eaf360b18d,paper=semanticist,1,0.0,test,0.040214,0,match
3f126a3baa99198a,GPT_4O_MINI,98d7b371d9add87d,paper=semanticist,1,0.0,test,5.7e-05,0,match
3f126a3baa99198a,GPT_4O_MINI,bd2015c4897ffc00,paper=semanticist,1,0.0,train,4.4e-05,0,-
3f126a3baa99198a,GPT_4O_MINI,2d16252066192ca2,paper=semanticist,1,0.0,train,4.7e-05,0,-
3f126a3baa99198a,GPT_4O_MINI,0c64c5791104ffbd,paper=semanticist,1,0.0,test,0.004556,0,match
3f126a3baa99198a,GPT_4O_MINI,ef62a2a264d1ee79,paper=semanticist,1,0.0,train,0.016807,0,-
3f126a3baa99198a,GPT_4O_MINI,d2edb362a0f040f0,paper=semanticist,1,0.0,train,0.033009,0,-
3f126a3baa99198a,GPT_4O_MINI,d1c072684d710743,paper=semanticist,1,0.0,train,0.026082,0,-
3f126a3baa99198a,GPT_4O_MINI,9393295516a6f684,paper=semanticist,1,0.0,train,4.6e-05,0,-
21a139c20bbac1e2,O3_MINI_HIGH,f42299a49507169a,paper=semanticist,1,0.0,train,0.00131,0,-
21a139c20bbac1e2,O3_MINI_HIGH,a9212b9982c1a9f9,paper=semanticist,1,0.0,train,0.001249,0,-
21a139c20bbac1e2,O3_MINI_HIGH,8a69c2eaf360b18d,paper=semanticist,1,0.0,train,0.532645,1,-
21a139c20bbac1e2,O3_MINI_HIGH,98d7b371d9add87d,paper=semanticist,1,0.0,test,0.001543,0,match
21a139c20bbac1e2,O3_MINI_HIGH,bd2015c4897ffc00,paper=semanticist,1,0.0,train,0.001194,0,-
21a139c20bbac1e2,O3_MINI_HIGH,2d16252066192ca2,paper=semanticist,1,0.0,train,0.001287,0,-
21a139c20bbac1e2,O3_MINI_HIGH,0c64c5791104ffbd,paper=semanticist,1,0.0,test,0.110724,0,match
21a139c20bbac1e2,O3_MINI_HIGH,ef62a2a264d1ee79,paper=semanticist,1,1.0,train,0.3174,0,-
21a139c20bbac1e2,O3_MINI_HIGH,d2edb362a0f040f0,paper=semanticist,1,0.0,test,0.481476,0,match
21a139c20bbac1e2,O3_MINI_HIGH,d1c072684d710743,paper=semanticist,1,1.0,train,0.421458,0,-
21a139c20bbac1e2,O3_MINI_HIGH,9393295516a6f684,paper=semanticist,1,0.0,test,0.001261,0,match
22e9aca88e136167,DEEPSEEK_R1,f42299a49507169a,paper=semanticist,1,0.0,train,0.000417,0,-
22e9aca88e136167,DEEPSEEK_R1,a9212b9982c1a9f9,paper=semanticist,1,0.0,test,0.000398,0,match
22e9aca88e136167,DEEPSEEK_R1,8a69c2eaf360b18d,paper=semanticist,1,0.0,train,0.266138,0,-
22e9aca88e136167,DEEPSEEK_R1,98d7b371d9add87d,paper=semanticist,1,0.0,train,0.000492,0,-
22e9aca88e136167,DEEPSEEK_R1,bd2015c4897ffc00,paper=semanticist,1,0.0,train,0.00038,0,-
22e9aca88e136167,DEEPSEEK_R1,2d16252066192ca2,paper=semanticist,1,0.0,train,0.00041,0,-
22e9aca88e136167,DEEPSEEK_R1,0c64c5791104ffbd,paper=semanticist,1,0.0,train,0.03811,0,-
22e9aca88e136167,DEEPSEEK_R1,ef62a2a264d1ee79,paper=semanticist,1,0.0,train,0.128889,0,-
22e9aca88e136167,DEEPSEEK_R1,d2edb362a0f040f0,paper=semanticist,1,0.0,train,0.228077,0,-
22e9aca88e136167,DEEPSEEK_R1,d1c072684d710743,paper=semanticist,1,0.0,train,0.188183,0,-
22e9aca88e136167,DEEPSEEK_R1,9393295516a6f684,paper=semanticist,1,0.0,test,0.000402,0,match
1872c1340f216012,O1_HIGH,f42299a49507169a,paper=semanticist,1,0.0,test,0.000648,0,match
1872c1340f216012,O1_HIGH,a9212b9982c1a9f9,paper=semanticist,1,0.0,train,0.000618,0,-
1872c1340f216012,O1_HIGH,8a69c2eaf360b18d,paper=semanticist,1,0.0,train,0.360402,0,-
1872c1340f216012,O1_HIGH,98d7b371d9add87d,paper=semanticist,1,0.0,train,0.000764,0,-
1872c1340f216012,O1_HIGH,bd2015c4897ffc00,paper=semanticist,1,0.0,test,0.000591,0,match
1872c1340f216012,O1_HIGH,2d16252066192ca2,paper=semanticist,1,0.0,train,0.000637,0,-
1872c1340f216012,O1_HIGH,0c64c5791104ffbd,paper=semanticist,1,0.0,test,0.05799,0,match
1872c1340f216012,O1_HIGH,ef62a2a264d1ee79,paper=semanticist,1,1.0,train,0.186922,0,-
1872c1340f216012,O1_HIGH,d2edb362a0f040f0,paper=semanticist,1,0.0,train,0.31464,0,-
1872c1340f216012,O1_HIGH,d1c072684d710743,paper=semanticist,1,0.0,train,0.264798,0,-
1872c1340f216012,O1_HIGH,9393295516a6f684,paper=semanticist,1,0.0,train,0.000624,0,-
8d49a7a13f10df7f,GPT_4_1,f42299a49507169a,paper=semanticist,1,0.0,test,0.000833,0,match
8d49a7a13f10df7f,GPT_4_1,a9212b9982c1a9f9,paper=semanticist,1,0.0,train,0.000794,0,-
8d49a7a13f10df7f,GPT_4_1,8a69c2eaf360b18d,paper=semanticist,1,0.0,train,0.41995,0,-
8d49a7a13f10df7f,GPT_4_1,98d7b371d9add87d,paper=semanticist,1,0.0,test,0.000981,0,match
8d49a7a13f10df7f,GPT_4_1,bd2015c4897ffc00,paper=semanticist,1,0.0,train,0.000759,0,-
8d49a7a13f10df7f,GPT_4_1,2d16252066192ca2,paper=semanticist,1,0.0,train,0.000818,0,-
8d49a7a13f10df7f,GPT_4_1,0c64c5791104ffbd,paper=semanticist,1,0.0,train,0.073297,0,-
8d49a7a13f10df7f,GPT_4_1,ef62a2a264d1ee79,paper=semanticist,1,0.0,train,0.228026,0,-
8d49a7a13f10df7f,GPT_4_1,d2edb362a0f040f0,paper=semanticist,1,0.0,train,0.371012,0,-
8d49a7a13f10df7f,GPT_4_1,d1c072684d710743,paper=semanticist,1,1.0,test,0.316363,0,miss
8d49a7a13f10df7f,GPT_4_1,9393295516a6f684,paper=semanticist,1,0.0,train,0.000802,0,-
efdd1f09f2fb64b9,GPT_4_1_MINI,f42299a49507169a,paper=semanticist,1,0.0,test,0.000382,0,match
efdd1f09f2fb64b9,GPT_4_1_MINI,a9212b9982c1a9f9,paper=semanticist,1,0.0,train,0.000364,0,-
efdd1f09f2fb64b9,GPT_4_1_MINI,8a69c2eaf360b18d,paper=semanticist,1,0.0,test,0.24919,0,match
efdd1f09f2fb64b9,GPT_4_1_MINI,98d7b371d9add87d,paper=semanticist,1,0.0,train,0.00045,0,-
efdd1f09f2fb64b9,GPT_4_1_MINI,bd2015c4897ffc00,paper=semanticist,1,0.0,train,0.000348,0,-
efdd1f09f2fb64b9,GPT_4_1_MINI,2d16252066192ca2,paper=semanticist,1,0.0,train,0.000375,0,-
efdd1f09f2fb64b9,GPT_4_1_MINI,0c64c5791104ffbd,paper=semanticist,1,0.0,train,0.03499,0,-
efdd1f09f2fb64b9,GPT_4_1_MINI,ef62a2a264d1ee79,paper=semanticist,1,0.0,train,0.119261,0,-
efdd1f09f2fb64b9,GPT_4_1_MINI,d2edb362a0f040f0,paper=semanticist,1,0.0,train,0.212849,0,-
efdd1f09f2fb64b9,GPT_4_1_MINI,d1c072684d710743,paper=semanticist,1,0.0,train,0.175014,0,-
efdd1f09f2fb64b9,GPT_4_1_MINI,9393295516a6f684,paper=semanticist,1,0.0,train,0.000368,0,-
be16a6de1e20efee,GPT_4_1_NANO,f42299a49507169a,paper=semanticist,1,0.0,train,2.1e-05,0,-
be16a6de1e20efee,GPT_4_1_NANO,a9212b9982c1a9f9,paper=semanticist,1,0.0,train,2e-05,0,-
be16a6de1e20efee,GPT_4_1_NANO,8a69c2eaf360b18d,paper=semanticist,1,0.0,train,0.017774,0,-
be16a6de1e20efee,GPT_4_1_NANO,98d7b371d9add87d,paper=semanticist,1,0.0,train,2.5e-05,0,-
be16a6de1e20efee,GPT_4_1_NANO,bd2015c4897ffc00,paper=semanticist,1,0.0,test,1.9e-05,0,match
be16a6de1e20efee,GPT_4_1_NANO,2d16252066192ca2,paper=semanticist,1,0.0,train,2e-05,0,-
be16a6de1e20efee,GPT_4_1_NANO,0c64c5791104ffbd,paper=semanticist,1,0.0,train,0.001973,0,-
be16a6de1e20efee,GPT_4_1_NANO,ef62a2a264d1ee79,paper=semanticist,1,0.0,train,0.007329,0,-
be16a6de1e20efee,GPT_4_1_NANO,d2edb362a0f040f0,paper=semanticist,1,0.0,train,0.014528,0,-
be16a6de1e20efee,GPT_4_1_NANO,d1c072684d710743,paper=semanticist,1,0.0,train,0.011434,0,-
be16a6de1e20efee,GPT_4_1_NANO,9393295516a6f684,paper=semanticist,1,0.0,train,2e-05,0,-
1c618d9d58429b09,O3_HIGH,f42299a49507169a,paper=semanticist,1,0.0,test,0.002006,0,match
1c618d9d58429b09,O3_HIGH,a9212b9982c1a9f9,paper=semanticist,1,0.0,test,0.001913,0,match
1c618d9d58429b09,O3_HIGH,8a69c2eaf360b18d,paper=semanticist,1,1.0,test,0.6359,1,match
1c618d9d58429b09,O3_HIGH,98d7b371d9add87d,paper=semanticist,1,0.0,train,0.002363,0,-
1c618d9d58429b09,O3_HIGH,bd2015c4897ffc00,paper=semanticist,1,0.0,train,0.001828,0,-
1c618d9d58429b09,O3_HIGH,2d16252066192ca2,paper=semanticist,1,0.0,train,0.00197,0,-
1c618d9d58429b09,O3_HIGH,0c64c5791104ffbd,paper=semanticist,1,1.0,test,0.16023,0,miss
1c618d9d58429b09,O3_HIGH,ef62a2a264d1ee79,paper=semanticist,1,1.0,train,0.416076,0,-
1c618d9d58429b09,O3_HIGH,d2edb362a0f040f0,paper=semanticist,1,0.0,train,0.587275,1,-
1c618d9d58429b09,O3_HIGH,d1c072684d710743,paper=semanticist,1,1.0,test,0.527485,1,match
1c618d9d58429b09,O3_HIGH,9393295516a6f684,paper=semanticist,1,0.0,train,0.001932,0,-
bce3d3ee52ef698f,CLAUDE_3_5_SONNET_2024_10_22,f42299a49507169a,paper=semanticist,1,0.0,test,0.000583,0,match
bce3d3ee52ef698f,CLAUDE_3_5_SONNET_2024_10_22,a9212b9982c1a9f9,paper=semanticist,1,0.0,train,0.000556,0,-
bce3d3ee52ef698f,CLAUDE_3_5_SONNET_2024_10_22,8a69c2eaf360b18d,paper=semanticist,1,0.0,test,0.336298,0,match
bce3d3ee52ef698f,CLAUDE_3_5_SONNET_2024_10_22,98d7b371d9add87d,paper=semanticist,1,0.0,train,0.000687,0,-
bce3d3ee52ef698f,CLAUDE_3_5_SONNET_2024_10_22,bd2015c4897ffc00,paper=semanticist,1,0.0,train,0.000531,0,-
bce3d3ee52ef698f,CLAUDE_3_5_SONNET_2024_10_22,2d16252066192ca2,paper=semanticist,1,0.0,train,0.000572,0,-
bce3d3ee52ef698f,CLAUDE_3_5_SONNET_2024_10_22,0c64c5791104ffbd,paper=semanticist,1,1.0,test,0.052453,0,miss
bce3d3ee52ef698f,CLAUDE_3_5_SONNET_2024_10_22,ef62a2a264d1ee79,paper=semanticist,1,0.0,train,0.171313,0,-
bce3d3ee52ef698f,CLAUDE_3_5_SONNET_2024_10_22,d2edb362a0f040f0,paper=semanticist,1,1.0,train,0.292198,0,-
bce3d3ee52ef698f,CLAUDE_3_5_SONNET_2024_10_22,d1c072684d710743,paper=semanticist,1,0.0,train,0.244642,0,-
bce3d3ee52ef698f,CLAUDE_3_5_SONNET_2024_10_22,9393295516a6f684,paper=semanticist,1,0.0,train,0.000561,0,-
39edf3fbaacf1629,CLAUDE_3_7_SONNET_2025_02_19,f42299a49507169a,paper=semanticist,1,0.0,train,0.000835,0,-
39edf3fbaacf1629,CLAUDE_3_7_SONNET_2025_02_19,a9212b9982c1a9f9,paper=semanticist,1,0.0,train,0.000796,0,-
39edf3fbaacf1629,CLAUDE_3_7_SONNET_2025_02_19,8a69c2eaf360b18d,paper=semanticist,1,0.0,train,0.420641,0,-
39edf3fbaacf1629,CLAUDE_3_7_SONNET_2025_02_19,98d7b371d9add87d,paper=semanticist,1,0.0,test,0.000984,0,match
39edf3fbaacf1629,CLAUDE_3_7_SONNET_2025_02_19,bd2015c4897ffc00,paper=semanticist,1,0.0,train,0.000761,0,-
39edf3fbaacf1629,CLAUDE_3_7_SONNET_2025_02_19,2d16252066192ca2,paper=semanticist,1,0.0,train,0.00082,0,-
39edf3fbaacf1629,CLAUDE_3_7_SONNET_2025_02_19,0c64c5791104ffbd,paper=semanticist,1,0.0,train,0.07349,0,-
39edf3fbaacf1629,CLAUDE_3_7_SONNET_2025_02_19,ef62a2a264d1ee79,paper=semanticist,1,0.0,train,0.228525,0,-
39edf3fbaacf1629,CLAUDE_3_7_SONNET_2025_02_19,d2edb362a0f040f0,paper=semanticist,1,1.0,train,0.371674,0,-
39edf3fbaacf1629,CLAUDE_3_7_SONNET_2025_02_19,d1c072684d710743,paper=semanticist,1,0.0,train,0.316976,0,-
39edf3fbaacf1629,CLAUDE_3_7_SONNET_2025_02_19,9393295516a6f684,paper=semanticist,1,0.0,train,0.000804,0,-
a531ea372ae4b71d,GROK_3_BETA,f42299a49507169a,paper=semanticist,1,0.0,train,0.000303,0,-
a531ea372ae4b71d,GROK_3_BETA,a9212b9982c1a9f9,paper=semanticist,1,0.0,train,0.000289,0,-
a531ea372ae4b71d,GROK_3_BETA,8a69c2eaf360b18d,paper=semanticist,1,1.0,train,0.208388,0,-
a531ea372ae4b71d,GROK_3_BETA,98d7b371d9add87d,paper=semanticist,1,0.0,train,0.000357,0,-
a531ea372ae4b71d,GROK_3_BETA,bd2015c4897ffc00,paper=semanticist,1,0.0,train,0.000276,0,-
a531ea372ae4b71d,GROK_3_BETA,2d16252066192ca2,paper=semanticist,1,0.0,train,0.000298,0,-
a531ea372ae4b71d,GROK_3_BETA,0c64c5791104ffbd,paper=semanticist,1,0.0,train,0.027955,0,-
a531ea372ae4b71d,GROK_3_BETA,ef62a2a264d1ee79,paper=semanticist,1,0.0,train,0.096985,0,-
a531ea372ae4b71d,GROK_3_BETA,d2edb362a0f040f0,paper=semanticist,1,0.0,train,0.176598,0,-
a531ea372ae4b71d,GROK_3_BETA,d1c072684d710743,paper=semanticist,1,0.0,train,0.144028,0,-
a531ea372ae4b71d,GROK_3_BETA,9393295516a6f684,paper=semanticist,1,0.0,train,0.000292,0,-
ac78f79a36a11b0e,GEMINI_2_5_PRO_PREVIEW_03_25,f42299a49507169a,paper=semanticist,1,0.0,train,0.002507,0,-
ac78f79a36a11b0e,GEMINI_2_5_PRO_PREVIEW_03_25,a9212b9982c1a9f9,paper=semanticist,1,0.0,train,0.002391,0,-
ac78f79a36a11b0e,GEMINI_2_5_PRO_PREVIEW_03_25,8a69c2eaf360b18d,paper=semanticist,1,1.0,train,0.685909,1,-
ac78f79a36a11b0e,GEMINI_2_5_PRO_PREVIEW_03_25,98d7b371d9add87d,paper=semanticist,1,0.0,train,0.002953,0,-
ac78f79a36a11b0e,GEMINI_2_5_PRO_PREVIEW_03_25,bd2015c4897ffc00,paper=semanticist,1,0.0,train,0.002285,0,-
ac78f79a36a11b0e,GEMINI_2_5_PRO_PREVIEW_03_25,2d16252066192ca2,paper=semanticist,1,0.0,train,0.002463,0,-
ac78f79a36a11b0e,GEMINI_2_5_PRO_PREVIEW_03_25,0c64c5791104ffbd,paper=semanticist,1,0.0,train,0.192621,0,-
ac78f79a36a11b0e,GEMINI_2_5_PRO_PREVIEW_03_25,ef62a2a264d1ee79,paper=semanticist,1,0.0,train,0.471169,0,-
ac78f79a36a11b0e,GEMINI_2_5_PRO_PREVIEW_03_25,d2edb362a0f040f0,paper=semanticist,1,1.0,train,0.640184,1,-
ac78f79a36a11b0e,GEMINI_2_5_PRO_PREVIEW_03_25,d1c072684d710743,paper=semanticist,1,1.0,train,0.582612,1,-
ac78f79a36a11b0e,GEMINI_2_5_PRO_PREVIEW_03_25,9393295516a6f684,paper=semanticist,1,0.0,train,0.002414,0,-
b97dccb68ad1d70a,OPENROUTER_DEEPSEEK_CHAT_V3_0324,f42299a49507169a,paper=semanticist,1,0.0,train,0.000338,0,-
b97dccb68ad1d70a,OPENROUTER_DEEPSEEK_CHAT_V3_0324,a9212b9982c1a9f9,paper=semanticist,1,0.0,train,0.000322,0,-
b97dccb68ad1d70a,OPENROUTER_DEEPSEEK_CHAT_V3_0324,8a69c2eaf360b18d,paper=semanticist,1,0.0,train,0.226937,0,-
b97dccb68ad1d70a,OPENROUTER_DEEPSEEK_CHAT_V3_0324,98d7b371d9add87d,paper=semanticist,1,0.0,train,0.000398,0,-
b97dccb68ad1d70a,OPENROUTER_DEEPSEEK_CHAT_V3_0324,bd2015c4897ffc00,paper=semanticist,1,0.0,train,0.000308,0,-
b97dccb68ad1d70a,OPENROUTER_DEEPSEEK_CHAT_V3_0324,2d16252066192ca2,paper=semanticist,1,0.0,test,0.000332,0,match
b97dccb68ad1d70a,OPENROUTER_DEEPSEEK_CHAT_V3_0324,0c64c5791104ffbd,paper=semanticist,1,0.0,train,0.031074,0,-
b97dccb68ad1d70a,OPENROUTER_DEEPSEEK_CHAT_V3_0324,ef62a2a264d1ee79,paper=semanticist,1,0.0,train,0.106958,0,-
b97dccb68ad1d70a,OPENROUTER_DEEPSEEK_CHAT_V3_0324,d2edb362a0f040f0,paper=semanticist,1,0.0,train,0.193007,0,-
b97dccb68ad1d70a,OPENROUTER_DEEPSEEK_CHAT_V3_0324,d1c072684d710743,paper=semanticist,1,0.0,train,0.157992,0,-
b97dccb68ad1d70a,OPENROUTER_DEEPSEEK_CHAT_V3_0324,9393295516a6f684,paper=semanticist,1,0.0,train,0.000325,0,-
09f4a41bb2e2d341,QWEN_2_5_CODER_32B_INSTRUCT,f42299a49507169a,paper=semanticist,1,0.0,train,6.4e-05,0,-
09f4a41bb2e2d341,QWEN_2_5_CODER_32B_INSTRUCT,a9212b9982c1a9f9,paper=semanticist,1,0.0,train,6.1e-05,0,-
09f4a41bb2e2d341,QWEN_2_5_CODER_32B_INSTRUCT,8a69c2eaf360b18d,paper=semanticist,1,0.0,train,0.052593,0,-
09f4a41bb2e2d341,QWEN_2_5_CODER_32B_INSTRUCT,98d7b371d9add87d,paper=semanticist,1,0.0,train,7.5e-05,0,-
09f4a41bb2e2d341,QWEN_2_5_CODER_32B_INSTRUCT,bd2015c4897ffc00,paper=semanticist,1,0.0,train,5.8e-05,0,-
09f4a41bb2e2d341,QWEN_2_5_CODER_32B_INSTRUCT,2d16252066192ca2,paper=semanticist,1,0.0,test,6.3e-05,0,match
09f4a41bb2e2d341,QWEN_2_5_CODER_32B_INSTRUCT,0c64c5791104ffbd,paper=semanticist,1,0.0,train,0.006028,0,-
09f4a41bb2e2d341,QWEN_2_5_CODER_32B_INSTRUCT,ef62a2a264d1ee79,paper=semanticist,1,0.0,train,0.022147,0,-
09f4a41bb2e2d341,QWEN_2_5_CODER_32B_INSTRUCT,d2edb362a0f040f0,paper=semanticist,1,0.0,train,0.043271,0,-
09f4a41bb2e2d341,QWEN_2_5_CODER_32B_INSTRUCT,d1c072684d710743,paper=semanticist,1,0.0,train,0.034267,0,-
09f4a41bb2e2d341,QWEN_2_5_CODER_32B_INSTRUCT,9393295516a6f684,paper=semanticist,1,0.0,train,6.2e-05,0,-
c117f9213dc5d8c9,LLAMA_3_3_70B_INSTRUCT,f42299a49507169a,paper=semanticist,1,0.0,train,1.1e-05,0,-
c117f9213dc5d8c9,LLAMA_3_3_70B_INSTRUCT,a9212b9982c1a9f9,paper=semanticist,1,0.0,train,1e-05,0,-
c117f9213dc5d8c9,LLAMA_3_3_70B_INSTRUCT,8a69c2eaf360b18d,paper=semanticist,1,0.0,test,0.009252,0,match
c117f9213dc5d8c9,LLAMA_3_3_70B_INSTRUCT,98d7b371d9add87d,paper=semanticist,1,0.0,train,1.3e-05,0,-
c117f9213dc5d8c9,LLAMA_3_3_70B_INSTRUCT,bd2015c4897ffc00,paper=semanticist,1,0.0,train,1e-05,0,-
c117f9213dc5d8c9,LLAMA_3_3_70B_INSTRUCT,2d16252066192ca2,paper=semanticist,1,0.0,train,1.1e-05,0,-
c117f9213dc5d8c9,LLAMA_3_3_70B_INSTRUCT,0c64c5791104ffbd,paper=semanticist,1,0.0,train,0.001019,0,-
c117f9213dc5d8c9,LLAMA_3_3_70B_INSTRUCT,ef62a2a264d1ee79,paper=semanticist,1,0.0,train,0.003796,0,-
c117f9213dc5d8c9,LLAMA_3_3_70B_INSTRUCT,d2edb362a0f040f0,paper=semanticist,1,0.0,train,0.007551,0,-
c117f9213dc5d8c9,LLAMA_3_3_70B_INSTRUCT,d1c072684d710743,paper=semanticist,1,0.0,train,0.005934,0,-
c117f9213dc5d8c9,LLAMA_3_3_70B_INSTRUCT,9393295516a6f684,paper=semanticist,1,0.0,test,1e-05,0,match
b2436ce8ede11e03,OPENROUTER_O4_MINI_HIGH,f42299a49507169a,paper=semanticist,1,0.0,train,0.001731,0,-
b2436ce8ede11e03,OPENROUTER_O4_MINI_HIGH,a9212b9982c1a9f9,paper=semanticist,1,0.0,train,0.00165,0,-
b2436ce8ede11e03,OPENROUTER_O4_MINI_HIGH,8a69c2eaf360b18d,paper=semanticist,1,1.0,train,0.600962,1,-
b2436ce8ede11e03,OPENROUTER_O4_MINI_HIGH,98d7b371d9add87d,paper=semanticist,1,0.0,train,0.002038,0,-
b2436ce8ede11e03,OPENROUTER_O4_MINI_HIGH,bd2015c4897ffc00,paper=semanticist,1,0.0,train,0.001577,0,-
b2436ce8ede11e03,OPENROUTER_O4_MINI_HIGH,2d16252066192ca2,paper=semanticist,1,0.0,test,0.0017,0,match
b2436ce8ede11e03,OPENROUTER_O4_MINI_HIGH,0c64c5791104ffbd,paper=semanticist,1,0.0,train,0.141286,0,-
b2436ce8ede11e03,OPENROUTER_O4_MINI_HIGH,ef62a2a264d1ee79,paper=semanticist,1,0.0,train,0.380592,0,-
b2436ce8ede11e03,OPENROUTER_O4_MINI_HIGH,d2edb362a0f040f0,paper=semanticist,1,1.0,train,0.550967,1,-
b2436ce8ede11e03,OPENROUTER_O4_MINI_HIGH,d1c072684d710743,paper=semanticist,1,1.0,test,0.49048,0,miss
b2436ce8ede11e03,OPENROUTER_O4_MINI_HIGH,9393295516a6f684,paper=semanticist,1,0.0,train,0.001666,0,-
2bfd4cd36591d7f5,GROK_3_MINI_BETA_HIGH,f42299a49507169a,paper=semanticist,1,0.0,train,3.4e-05,0,-
2bfd4cd36591d7f5,GROK_3_MINI_BETA_HIGH,a9212b9982c1a9f9,paper=semanticist,1,0.0,train,3.3e-05,0,-
2bfd4cd36591d7f5,GROK_3_MINI_BETA_HIGH,8a69c2eaf360b18d,paper=semanticist,1,0.0,train,0.029074,0,-
2bfd4cd36591d7f5,GROK_3_MINI_BETA_HIGH,98d7b371d9add87d,paper=semanticist,1,0.0,test,4.1e-05,0,match
2bfd4cd36591d7f5,GROK_3_MINI_BETA_HIGH,bd2015c4897ffc00,paper=semanticist,1,0.0,train,3.1e-05,0,-
2bfd4cd36591d7f5,GROK_3_MINI_BETA_HIGH,2d16252066192ca2,paper=semanticist,1,0.0,train,3.4e-05,0,-
2bfd4cd36591d7f5,GROK_3_MINI_BETA_HIGH,0c64c5791104ffbd,paper=semanticist,1,0.0,train,0.003261,0,-
2bfd4cd36591d7f5,GROK_3_MINI_BETA_HIGH,ef62a2a264d1ee79,paper=semanticist,1,0.0,test,0.01207,0,match
2bfd4cd36591d7f5,GROK_3_MINI_BETA_HIGH,d2edb362a0f040f0,paper=semanticist,1,1.0,train,0.023816,0,-
2bfd4cd36591d7f5,GROK_3_MINI_BETA_HIGH,d1c072684d710743,paper=semanticist,1,0.0,train,0.018781,0,-
2bfd4cd36591d7f5,GROK_3_MINI_BETA_HIGH,9393295516a6f684,paper=semanticist,1,0.0,train,3.3e-05,0,-
9dafe621e945d614,GROK_2_1212,f42299a49507169a,paper=semanticist,1,0.0,test,3.8e-05,0,match
9dafe621e945d614,GROK_2_1212,a9212b9982c1a9f9,paper=semanticist,1,0.0,train,3.6e-05,0,-
9dafe621e945d614,GROK_2_1212,8a69c2eaf360b18d,paper=semanticist,1,0.0,train,0.031597,0,-
9dafe621e945d614,GROK_2_1212,98d7b371d9add87d,paper=semanticist,1,0.0,test,4.4e-05,0,match
9dafe621e945d614,GROK_2_1212,bd2015c4897ffc00,paper=semanticist,1,0.0,train,3.4e-05,0,-
9dafe621e945d614,GROK_2_1212,2d16252066192ca2,paper=semanticist,1,0.0,train,3.7e-05,0,-
9dafe621e945d614,GROK_2_1212,0c64c5791104ffbd,paper=semanticist,1,0.0,train,0.003552,0,-
9dafe621e945d614,GROK_2_1212,ef62a2a264d1ee79,paper=semanticist,1,0.0,train,0.013137,0,-
9dafe621e945d614,GROK_2_1212,d2edb362a0f040f0,paper=semanticist,1,0.0,train,0.025894,0,-
9dafe621e945d614,GROK_2_1212,d1c072684d710743,paper=semanticist,1,0.0,test,0.020429,0,match
9dafe621e945d614,GROK_2_1212,9393295516a6f684,paper=semanticist,1,0.0,train,3.6e-05,0,-
8d84404dc2cabd80,OPENROUTER_CLAUDE_3_5_HAIKU,f42299a49507169a,paper=semanticist,1,0.0,train,0.000258,0,-
8d84404dc2cabd80,OPENROUTER_CLAUDE_3_5_HAIKU,a9212b9982c1a9f9,paper=semanticist,1,0.0,test,0.000246,0,match
8d84404dc2cabd80,OPENROUTER_CLAUDE_3_5_HAIKU,8a69c2eaf360b18d,paper=semanticist,1,0.0,train,0.182858,0,-
8d84404dc2cabd80,OPENROUTER_CLAUDE_3_5_HAIKU,98d7b371d9add87d,paper=semanticist,1,0.0,train,0.000303,0,-
8d84404dc2cabd80,OPENROUTER_CLAUDE_3_5_HAIKU,bd2015c4897ffc00,paper=semanticist,1,0.0,train,0.000235,0,-
8d84404dc2cabd80,OPENROUTER_CLAUDE_3_5_HAIKU,2d16252066192ca2,paper=semanticist,1,0.0,train,0.000253,0,-
8d84404dc2cabd80,OPENROUTER_CLAUDE_3_5_HAIKU,0c64c5791104ffbd,paper=semanticist,1,0.0,train,0.023864,0,-
8d84404dc2cabd80,OPENROUTER_CLAUDE_3_5_HAIKU,ef62a2a264d1ee79,paper=semanticist,1,0.0,train,0.083661,0,-
8d84404dc2cabd80,OPENROUTER_CLAUDE_3_5_HAIKU,d2edb362a0f040f0,paper=semanticist,1,0.0,train,0.154204,0,-
8d84404dc2cabd80,OPENROUTER_CLAUDE_3_5_HAIKU,d1c072684d710743,paper=semanticist,1,0.0,train,0.125136,0,-
8d84404dc2cabd80,OPENROUTER_CLAUDE_3_5_HAIKU,9393295516a6f684,paper=semanticist,1,0.0,test,0.000248,0,match
42d17e7b8b8e8451,OPENROUTER_LLAMA_4_MAVERICK,f42299a49507169a,paper=semanticist,1,0.0,train,8.2e-05,0,-
42d17e7b8b8e8451,OPENROUTER_LLAMA_4_MAVERICK,a9212b9982c1a9f9,paper=semanticist,1,0.0,train,7.9e-05,0,-
42d17e7b8b8e8451,OPENROUTER_LLAMA_4_MAVERICK,8a69c2eaf360b18d,paper=semanticist,1,0.0,train,0.066822,0,-
42d17e7b8b8e8451,OPENROUTER_LLAMA_4_MAVERICK,98d7b371d9add87d,paper=semanticist,1,0.0,train,9.7e-05,0,-
42d17e7b8b8e8451,OPENROUTER_LLAMA_4_MAVERICK,bd2015c4897ffc00,paper=semanticist,1,0.0,train,7.5e-05,0,-
42d17e7b8b8e8451,OPENROUTER_LLAMA_4_MAVERICK,2d16252066192ca2,paper=semanticist,1,0.0,train,8.1e-05,0,-
42d17e7b8b8e8451,OPENROUTER_LLAMA_4_MAVERICK,0c64c5791104ffbd,paper=semanticist,1,0.0,test,0.007762,0,match
42d17e7b8b8e8451,OPENROUTER_LLAMA_4_MAVERICK,ef62a2a264d1ee79,paper=semanticist,1,0.0,train,0.028386,0,-
42d17e7b8b8e8451,OPENROUTER_LLAMA_4_MAVERICK,d2edb362a0f040f0,paper=semanticist,1,0.0,train,0.055124,0,-
42d17e7b8b8e8451,OPENROUTER_LLAMA_4_MAVERICK,d1c072684d710743,paper=semanticist,1,0.0,train,0.043767,0,-
42d17e7b8b8e8451,OPENROUTER_LLAMA_4_MAVERICK,9393295516a6f684,paper=semanticist,1,0.0,train,7.9e-05,0,-
f346f5a402064340,OPENROUTER_LLAMA_4_SCOUT,f42299a49507169a,paper=semanticist,1,0.0,train,2.6e-05,0,-
f346f5a402064340,OPENROUTER_LLAMA_4_SCOUT,a9212b9982c1a9f9,paper=semanticist,1,0.0,train,2.5e-05,0,-
f346f5a402064340,OPENROUTER_LLAMA_4_SCOUT,8a69c2eaf360b18d,paper=semanticist,1,0.0,test,0.022483,0,match
f346f5a402064340,OPENROUTER_LLAMA_4_SCOUT,98d7b371d9add87d,paper=semanticist,1,0.0,train,3.1e-05,0,-
f346f5a402064340,OPENROUTER_LLAMA_4_SCOUT,bd2015c4897ffc00,paper=semanticist,1,0.0,train,2.4e-05,0,-
f346f5a402064340,OPENROUTER_LLAMA_4_SCOUT,2d16252066192ca2,paper=semanticist,1,0.0,train,2.6e-05,0,-
f346f5a402064340,OPENROUTER_LLAMA_4_SCOUT,0c64c5791104ffbd,paper=semanticist,1,0.0,test,0.002506,0,match
f346f5a402064340,OPENROUTER_LLAMA_4_SCOUT,ef62a2a264d1ee79,paper=semanticist,1,0.0,test,0.009296,0,match
f346f5a402064340,OPENROUTER_LLAMA_4_SCOUT,d2edb362a0f040f0,paper=semanticist,1,0.0,train,0.018394,0,-
f346f5a402064340,OPENROUTER_LLAMA_4_SCOUT,d1c072684d710743,paper=semanticist,1,0.0,train,0.014488,0,-
f346f5a402064340,OPENROUTER_LLAMA_4_SCOUT,9393295516a6f684,paper=semanticist,1,0.0,train,2.5e-05,0,-
d9512a7be0630043,MISTRAL_CODESTRAL_2501,f42299a49507169a,paper=semanticist,1,0.0,train,0.000125,0,-
d9512a7be0630043,MISTRAL_CODESTRAL_2501,a9212b9982c1a9f9,paper=semanticist,1,0.0,train,0.000119,0,-
d9512a7be0630043,MISTRAL_CODESTRAL_2501,8a69c2eaf360b18d,paper=semanticist,1,0.0,train,0.097676,0,-
d9512a7be0630043,MISTRAL_CODESTRAL_2501,98d7b371d9add87d,paper=semanticist,1,0.0,train,0.000147,0,-
d9512a7be0630043,MISTRAL_CODESTRAL_2501,bd2015c4897ffc00,paper=semanticist,1,0.0,train,0.000114,0,-
d9512a7be0630043,MISTRAL_CODESTRAL_2501,2d16252066192ca2,paper=semanticist,1,0.0,train,0.000122,0,-
d9512a7be0630043,MISTRAL_CODESTRAL_2501,0c64c5791104ffbd,paper=semanticist,1,0.0,train,0.011688,0,-
d9512a7be0630043,MISTRAL_CODESTRAL_2501,ef62a2a264d1ee79,paper=semanticist,1,0.0,train,0.042296,0,-
d9512a7be0630043,MISTRAL_CODESTRAL_2501,d2edb362a0f040f0,paper=semanticist,1,0.0,train,0.081046,0,-
d9512a7be0630043,MISTRAL_CODESTRAL_2501,d1c072684d710743,paper=semanticist,1,0.0,train,0.064714,0,-
d9512a7be0630043,MISTRAL_CODESTRAL_2501,9393295516a6f684,paper=semanticist,1,0.0,train,0.00012,0,-
4a938d775c0363f7,GEMINI_2_5_PRO_PREVIEW_05_06,f42299a49507169a,paper=semanticist,1,0.0,train,0.004116,0,-
4a938d775c0363f7,GEMINI_2_5_PRO_PREVIEW_05_06,a9212b9982c1a9f9,paper=semanticist,1,0.0,train,0.003925,0,-
4a938d775c0363f7,GEMINI_2_5_PRO_PREVIEW_05_06,8a69c2eaf360b18d,paper=semanticist,1,1.0,train,0.782142,1,-
4a938d775c0363f7,GEMINI_2_5_PRO_PREVIEW_05_06,98d7b371d9add87d,paper=semanticist,1,0.0,test,0.004845,0,match
4a938d775c0363f7,GEMINI_2_5_PRO_PREVIEW_05_06,bd2015c4897ffc00,paper=semanticist,1,0.0,train,0.003751,0,-
4a938d775c0363f7,GEMINI_2_5_PRO_PREVIEW_05_06,2d16252066192ca2,paper=semanticist,1,0.0,train,0.004042,0,-
4a938d775c0363f7,GEMINI_2_5_PRO_PREVIEW_05_06,0c64c5791104ffbd,paper=semanticist,1,0.0,train,0.281722,0,-
4a938d775c0363f7,GEMINI_2_5_PRO_PREVIEW_05_06,ef62a2a264d1ee79,paper=semanticist,1,1.0,train,0.594278,1,-
4a938d775c0363f7,GEMINI_2_5_PRO_PREVIEW_05_06,d2edb362a0f040f0,paper=semanticist,1,1.0,train,0.745223,1,-
4a938d775c0363f7,GEMINI_2_5_PRO_PREVIEW_05_06,d1c072684d710743,paper=semanticist,1,1.0,train,0.696488,1,-
4a938d775c0363f7,GEMINI_2_5_PRO_PREVIEW_05_06,9393295516a6f684,paper=semanticist,1,0.0,train,0.003962,0,-
0201bf34008b40fa,OPENROUTER_QWEN_TURBO,f42299a49507169a,paper=semanticist,1,0.0,test,5e-06,0,match
0201bf34008b40fa,OPENROUTER_QWEN_TURBO,a9212b9982c1a9f9,paper=semanticist,1,0.0,train,4e-06,0,-
0201bf34008b40fa,OPENROUTER_QWEN_TURBO,8a69c2eaf360b18d,paper=semanticist,1,0.0,train,0.004016,0,-
0201bf34008b40fa,OPENROUTER_QWEN_TURBO,98d7b371d9add87d,paper=semanticist,1,0.0,train,5e-06,0,-
0201bf34008b40fa,OPENROUTER_QWEN_TURBO,bd2015c4897ffc00,paper=semanticist,1,0.0,test,4e-06,0,match
0201bf34008b40fa,OPENROUTER_QWEN_TURBO,2d16252066192ca2,paper=semanticist,1,0.0,train,5e-06,0,-
0201bf34008b40fa,OPENROUTER_QWEN_TURBO,0c64c5791104ffbd,paper=semanticist,1,0.0,train,0.00044,0,-
0201bf34008b40fa,OPENROUTER_QWEN_TURBO,ef62a2a264d1ee79,paper=semanticist,1,0.0,train,0.001642,0,-
0201bf34008b40fa,OPENROUTER_QWEN_TURBO,d2edb362a0f040f0,paper=semanticist,1,0.0,test,0.003274,0,match
0201bf34008b40fa,OPENROUTER_QWEN_TURBO,d1c072684d710743,paper=semanticist,1,0.0,train,0.00257,0,-
0201bf34008b40fa,OPENROUTER_QWEN_TURBO,9393295516a6f684,paper=semanticist,1,0.0,train,4e-06,0,-
9bbf8d46fe2a4b4d,OPENROUTER_MISTRAL_CODESTRAL_MAMBA,f42299a49507169a,paper=semanticist,1,0.0,train,1e-06,0,-
9bbf8d46fe2a4b4d,OPENROUTER_MISTRAL_CODESTRAL_MAMBA,a9212b9982c1a9f9,paper=semanticist,1,0.0,test,1e-06,0,match
9bbf8d46fe2a4b4d,OPENROUTER_MISTRAL_CODESTRAL_MAMBA,8a69c2eaf360b18d,paper=semanticist,1,0.0,train,0.000859,0,-
9bbf8d46fe2a4b4d,OPENROUTER_MISTRAL_CODESTRAL_MAMBA,98d7b371d9add87d,paper=semanticist,1,0.0,train,1e-06,0,-
9bbf8d46fe2a4b4d,OPENROUTER_MISTRAL_CODESTRAL_MAMBA,bd2015c4897ffc00,paper=semanticist,1,0.0,train,1e-06,0,-
9bbf8d46fe2a4b4d,OPENROUTER_MISTRAL_CODESTRAL_MAMBA,2d16252066192ca2,paper=semanticist,1,0.0,train,1e-06,0,-
9bbf8d46fe2a4b4d,OPENROUTER_MISTRAL_CODESTRAL_MAMBA,0c64c5791104ffbd,paper=semanticist,1,0.0,train,9.4e-05,0,-
9bbf8d46fe2a4b4d,OPENROUTER_MISTRAL_CODESTRAL_MAMBA,ef62a2a264d1ee79,paper=semanticist,1,0.0,train,0.000351,0,-
9bbf8d46fe2a4b4d,OPENROUTER_MISTRAL_CODESTRAL_MAMBA,d2edb362a0f040f0,paper=semanticist,1,0.0,train,0.0007,0,-
9bbf8d46fe2a4b4d,OPENROUTER_MISTRAL_CODESTRAL_MAMBA,d1c072684d710743,paper=semanticist,1,0.0,train,0.000549,0,-
9bbf8d46fe2a4b4d,OPENROUTER_MISTRAL_CODESTRAL_MAMBA,9393295516a6f684,paper=semanticist,1,0.0,train,1e-06,0,-
0e68149d77ff2477,OPENROUTER_AMAZON_NOVA_PRO_1_0,f42299a49507169a,paper=semanticist,1,0.0,train,6.2e-05,0,-
0e68149d77ff2477,OPENROUTER_AMAZON_NOVA_PRO_1_0,a9212b9982c1a9f9,paper=semanticist,1,0.0,train,5.9e-05,0,-
0e68149d77ff2477,OPENROUTER_AMAZON_NOVA_PRO_1_0,8a69c2eaf360b18d,paper=semanticist,1,0.0,test,0.050882,0,match
0e68149d77ff2477,OPENROUTER_AMAZON_NOVA_PRO_1_0,98d7b371d9add87d,paper=semanticist,1,0.0,test,7.3e-05,0,match
0e68149d77ff2477,OPENROUTER_AMAZON_NOVA_PRO_1_0,bd2015c4897ffc00,paper=semanticist,1,0.0,train,5.6e-05,0,-
0e68149d77ff2477,OPENROUTER_AMAZON_NOVA_PRO_1_0,2d16252066192ca2,paper=semanticist,1,0.0,train,6.1e-05,0,-
0e68149d77ff2477,OPENROUTER_AMAZON_NOVA_PRO_1_0,0c64c5791104ffbd,paper=semanticist,1,0.0,train,0.005823,0,-
0e68149d77ff2477,OPENROUTER_AMAZON_NOVA_PRO_1_0,ef62a2a264d1ee79,paper=semanticist,1,0.0,train,0.021404,0,-
0e68149d77ff2477,OPENROUTER_AMAZON_NOVA_PRO_1_0,d2edb362a0f040f0,paper=semanticist,1,0.0,test,0.041849,0,match
0e68149d77ff2477,OPENROUTER_AMAZON_NOVA_PRO_1_0,d1c072684d710743,paper=semanticist,1,0.0,test,0.033131,0,match
0e68149d77ff2477,OPENROUTER_AMAZON_NOVA_PRO_1_0,9393295516a6f684,paper=semanticist,1,0.0,train,5.9e-05,0,-
f89d3f7268252d37,OPENROUTER_COHERE_COMMAND_A,f42299a49507169a,paper=semanticist,1,0.0,train,9.6e-05,0,-
f89d3f7268252d37,OPENROUTER_COHERE_COMMAND_A,a9212b9982c1a9f9,paper=semanticist,1,0.0,test,9.2e-05,0,match
f89d3f7268252d37,OPENROUTER_COHERE_COMMAND_A,8a69c2eaf360b18d,paper=semanticist,1,0.0,train,0.076983,0,-
f89d3f7268252d37,OPENROUTER_COHERE_COMMAND_A,98d7b371d9add87d,paper=semanticist,1,0.0,train,0.000113,0,-
f89d3f7268252d37,OPENROUTER_COHERE_COMMAND_A,bd2015c4897ffc00,paper=semanticist,1,0.0,test,8.7e-05,0,match
f89d3f7268252d37,OPENROUTER_COHERE_COMMAND_A,2d16252066192ca2,paper=semanticist,1,0.0,train,9.4e-05,0,-
f89d3f7268252d37,OPENROUTER_COHERE_COMMAND_A,0c64c5791104ffbd,paper=semanticist,1,0.0,train,0.009029,0,-
f89d3f7268252d37,OPENROUTER_COHERE_COMMAND_A,ef62a2a264d1ee79,paper=semanticist,1,0.0,train,0.032908,0,-
f89d3f7268252d37,OPENROUTER_COHERE_COMMAND_A,d2edb362a0f040f0,paper=semanticist,1,0.0,train,0.063628,0,-
f89d3f7268252d37,OPENROUTER_COHERE_COMMAND_A,d1c072684d710743,paper=semanticist,1,0.0,train,0.050612,0,-
f89d3f7268252d37,OPENROUTER_COHERE_COMMAND_A,9393295516a6f684,paper=semanticist,1,0.0,train,9.2e-05,0,-
6439159aa9f9ba95,GEMINI_2_5_FLASH_PREVIEW_04_17,f42299a49507169a,paper=semanticist,1,0.0,train,0.000571,0,-
6439159aa9f9ba95,GEMINI_2_5_FLASH_PREVIEW_04_17,a9212b9982c1a9f9,paper=semanticist,1,0.0,train,0.000545,0,-
6439159aa9f9ba95,GEMINI_2_5_FLASH_PREVIEW_04_17,8a69c2eaf360b18d,paper=semanticist,1,1.0,train,0.331842,0,-
6439159aa9f9ba95,GEMINI_2_5_FLASH_PREVIEW_04_17,98d7b371d9add87d,paper=semanticist,1,0.0,train,0.000673,0,-
6439159aa9f9ba95,GEMINI_2_5_FLASH_PREVIEW_04_17,bd2015c4897ffc00,paper=semanticist,1,0.0,train,0.000521,0,-
6439159aa9f9ba95,GEMINI_2_5_FLASH_PREVIEW_04_17,2d16252066192ca2,paper=semanticist,1,0.0,train,0.000561,0,-
6439159aa9f9ba95,GEMINI_2_5_FLASH_PREVIEW_04_17,0c64c5791104ffbd,paper=semanticist,1,0.0,test,0.051466,0,match
6439159aa9f9ba95,GEMINI_2_5_FLASH_PREVIEW_04_17,ef62a2a264d1ee79,paper=semanticist,1,0.0,train,0.168488,0,-
6439159aa9f9ba95,GEMINI_2_5_FLASH_PREVIEW_04_17,d2edb362a0f040f0,paper=semanticist,1,0.0,train,0.288072,0,-
6439159aa9f9ba95,GEMINI_2_5_FLASH_PREVIEW_04_17,d1c072684d710743,paper=semanticist,1,0.0,train,0.24096,0,-
6439159aa9f9ba95,GEMINI_2_5_FLASH_PREVIEW_04_17,9393295516a6f684,paper=semanticist,1,0.0,train,0.00055,0,-
4a199d31e7ac5440,GEMINI_2_0_FLASH_LITE,f42299a49507169a,paper=semanticist,1,0.0,train,0.000124,0,-
4a199d31e7ac5440,GEMINI_2_0_FLASH_LITE,a9212b9982c1a9f9,paper=semanticist,1,0.0,test,0.000118,0,match
4a199d31e7ac5440,GEMINI_2_0_FLASH_LITE,8a69c2eaf360b18d,paper=semanticist,1,0.0,train,0.096953,0,-
4a199d31e7ac5440,GEMINI_2_0_FLASH_LITE,98d7b371d9add87d,paper=semanticist,1,0.0,train,0.000146,0,-
4a199d31e7ac5440,GEMINI_2_0_FLASH_LITE,bd2015c4897ffc00,paper=semanticist,1,0.0,train,0.000113,0,-
4a199d31e7ac5440,GEMINI_2_0_FLASH_LITE,2d16252066192ca2,paper=semanticist,1,0.0,train,0.000121,0,-
4a199d31e7ac5440,GEMINI_2_0_FLASH_LITE,0c64c5791104ffbd,paper=semanticist,1,0.0,test,0.011593,0,match
4a199d31e7ac5440,GEMINI_2_0_FLASH_LITE,ef62a2a264d1ee79,paper=semanticist,1,0.0,train,0.041964,0,-
4a199d31e7ac5440,GEMINI_2_0_FLASH_LITE,d2edb362a0f040f0,paper=semanticist,1,0.0,train,0.080435,0,-
4a199d31e7ac5440,GEMINI_2_0_FLASH_LITE,d1c072684d710743,paper=semanticist,1,1.0,train,0.064217,0,-
4a199d31e7ac5440,GEMINI_2_0_FLASH_LITE,9393295516a6f684,paper=semanticist,1,0.0,train,0.000119,0,-
5a9db67a33a34b6b,OPENROUTER_MISTRAL_MEDIUM_3,f42299a49507169a,paper=semanticist,1,0.0,train,0.000209,0,-
5a9db67a33a34b6b,OPENROUTER_MISTRAL_MEDIUM_3,a9212b9982c1a9f9,paper=semanticist,1,0.0,train,0.0002,0,-
5a9db67a33a34b6b,OPENROUTER_MISTRAL_MEDIUM_3,8a69c2eaf360b18d,paper=semanticist,1,0.0,train,0.15384,0,-
5a9db67a33a34b6b,OPENROUTER_MISTRAL_MEDIUM_3,98d7b371d9add87d,paper=semanticist,1,0.0,train,0.000246,0,-
5a9db67a33a34b6b,OPENROUTER_MISTRAL_MEDIUM_3,bd2015c4897ffc00,paper=semanticist,1,0.0,train,0.000191,0,-
5a9db67a33a34b6b,OPENROUTER_MISTRAL_MEDIUM_3,2d16252066192ca2,paper=semanticist,1,0.0,train,0.000205,0,-
5a9db67a33a34b6b,OPENROUTER_MISTRAL_MEDIUM_3,0c64c5791104ffbd,paper=semanticist,1,0.0,train,0.019476,0,-
5a9db67a33a34b6b,OPENROUTER_MISTRAL_MEDIUM_3,ef62a2a264d1ee79,paper=semanticist,1,0.0,train,0.069054,0,-
5a9db67a33a34b6b,OPENROUTER_MISTRAL_MEDIUM_3,d2edb362a0f040f0,paper=semanticist,1,0.0,train,0.129015,0,-
5a9db67a33a34b6b,OPENROUTER_MISTRAL_MEDIUM_3,d1c072684d710743,paper=semanticist,1,0.0,train,0.104111,0,-
5a9db67a33a34b6b,OPENROUTER_MISTRAL_MEDIUM_3,9393295516a6f684,paper=semanticist,1,0.0,train,0.000201,0,-
92da838173d9f753,GEMINI_2_0_FLASH,f9a07a225e2768fb,paper=SISS,1,0.0,train,0.000275,0,-
92da838173d9f753,GEMINI_2_0_FLASH,e901104a8756eff0,paper=SISS,1,0.0,train,0.15676,0,-
92da838173d9f753,GEMINI_2_0_FLASH,28624688d1693d14,paper=SISS,1,0.0,train,0.121471,0,-
92da838173d9f753,GEMINI_2_0_FLASH,b5f15c4409a1a1ca,paper=SISS,1,0.0,train,0.000214,0,-
92da838173d9f753,GEMINI_2_0_FLASH,4a989b95d803833d,paper=SISS,1,0.0,test,0.012938,0,match
7184624c9762b8b9,GPT_4O_2024_08_06,f9a07a225e2768fb,paper=SISS,1,0.0,train,0.000396,0,-
7184624c9762b8b9,GPT_4O_2024_08_06,e901104a8756eff0,paper=SISS,1,0.0,train,0.21102,0,-
7184624c9762b8b9,GPT_4O_2024_08_06,28624688d1693d14,paper=SISS,1,0.0,train,0.16592,0,-
7184624c9762b8b9,GPT_4O_2024_08_06,b5f15c4409a1a1ca,paper=SISS,1,0.0,train,0.000308,0,-
7184624c9762b8b9,GPT_4O_2024_08_06,4a989b95d803833d,paper=SISS,1,0.0,train,0.018509,0,-
3f126a3baa99198a,GPT_4O_MINI,f9a07a225e2768fb,paper=SISS,1,0.0,train,6.5e-05,0,-
3f126a3baa99198a,GPT_4O_MINI,e901104a8756eff0,paper=SISS,1,0.0,train,0.042219,0,-
3f126a3baa99198a,GPT_4O_MINI,28624688d1693d14,paper=SISS,1,0.0,train,0.031744,0,-
3f126a3baa99198a,GPT_4O_MINI,b5f15c4409a1a1ca,paper=SISS,1,0.0,train,5.1e-05,0,-
3f126a3baa99198a,GPT_4O_MINI,4a989b95d803833d,paper=SISS,1,1.0,train,0.003098,0,-
21a139c20bbac1e2,O3_MINI_HIGH,f9a07a225e2768fb,paper=SISS,1,0.0,train,0.001772,0,-
21a139c20bbac1e2,O3_MINI_HIGH,e901104a8756eff0,paper=SISS,1,0.0,test,0.545255,1,miss
21a139c20bbac1e2,O3_MINI_HIGH,28624688d1693d14,paper=SISS,1,0.0,train,0.471401,0,-
21a139c20bbac1e2,O3_MINI_HIGH,b5f15c4409a1a1ca,paper=SISS,1,0.0,train,0.001377,0,-
21a139c20bbac1e2,O3_MINI_HIGH,4a989b95d803833d,paper=SISS,1,0.0,train,0.077952,0,-
22e9aca88e136167,DEEPSEEK_R1,f9a07a225e2768fb,paper=SISS,1,0.0,train,0.000565,0,-
22e9aca88e136167,DEEPSEEK_R1,e901104a8756eff0,paper=SISS,1,1.0,train,0.276167,0,-
22e9aca88e136167,DEEPSEEK_R1,28624688d1693d14,paper=SISS,1,0.0,train,0.221045,0,-
22e9aca88e136167,DEEPSEEK_R1,b5f15c4409a1a1ca,paper=SISS,1,0.0,train,0.000439,0,-
22e9aca88e136167,DEEPSEEK_R1,4a989b95d803833d,paper=SISS,1,0.0,train,0.026197,0,-
1872c1340f216012,O1_HIGH,f9a07a225e2768fb,paper=SISS,1,0.0,train,0.000877,0,-
1872c1340f216012,O1_HIGH,e901104a8756eff0,paper=SISS,1,1.0,test,0.372182,0,miss
1872c1340f216012,O1_HIGH,28624688d1693d14,paper=SISS,1,0.0,train,0.305996,0,-
1872c1340f216012,O1_HIGH,b5f15c4409a1a1ca,paper=SISS,1,0.0,train,0.000681,0,-
1872c1340f216012,O1_HIGH,4a989b95d803833d,paper=SISS,1,0.0,test,0.040122,0,match
8d49a7a13f10df7f,GPT_4_1,f9a07a225e2768fb,paper=SISS,1,0.0,train,0.001126,0,-
8d49a7a13f10df7f,GPT_4_1,e901104a8756eff0,paper=SISS,1,1.0,test,0.43236,0,miss
8d49a7a13f10df7f,GPT_4_1,28624688d1693d14,paper=SISS,1,1.0,train,0.361637,0,-
8d49a7a13f10df7f,GPT_4_1,b5f15c4409a1a1ca,paper=SISS,1,0.0,train,0.000875,0,-
8d49a7a13f10df7f,GPT_4_1,4a989b95d803833d,paper=SISS,1,0.0,train,0.050968,0,-
efdd1f09f2fb64b9,GPT_4_1_MINI,f9a07a225e2768fb,paper=SISS,1,0.0,train,0.000517,0,-
efdd1f09f2fb64b9,GPT_4_1_MINI,e901104a8756eff0,paper=SISS,1,0.0,train,0.258805,0,-
efdd1f09f2fb64b9,GPT_4_1_MINI,28624688d1693d14,paper=SISS,1,1.0,train,0.206161,0,-
efdd1f09f2fb64b9,GPT_4_1_MINI,b5f15c4409a1a1ca,paper=SISS,1,0.0,test,0.000401,0,match
efdd1f09f2fb64b9,GPT_4_1_MINI,4a989b95d803833d,paper=SISS,1,0.0,train,0.024028,0,-
be16a6de1e20efee,GPT_4_1_NANO,f9a07a225e2768fb,paper=SISS,1,0.0,test,2.8e-05,0,match
be16a6de1e20efee,GPT_4_1_NANO,e901104a8756eff0,paper=SISS,1,0.0,train,0.018682,0,-
be16a6de1e20efee,GPT_4_1_NANO,28624688d1693d14,paper=SISS,1,0.0,test,0.013961,0,match
be16a6de1e20efee,GPT_4_1_NANO,b5f15c4409a1a1ca,paper=SISS,1,0.0,train,2.2e-05,0,-
be16a6de1e20efee,GPT_4_1_NANO,4a989b95d803833d,paper=SISS,1,0.0,train,0.00134,0,-
1c618d9d58429b09,O3_HIGH,f9a07a225e2768fb,paper=SISS,1,0.0,train,0.002713,0,-
1c618d9d58429b09,O3_HIGH,e901104a8756eff0,paper=SISS,1,1.0,train,0.647567,1,-
1c618d9d58429b09,O3_HIGH,28624688d1693d14,paper=SISS,1,0.0,train,0.577453,1,-
1c618d9d58429b09,O3_HIGH,b5f15c4409a1a1ca,paper=SISS,1,0.0,train,0.002109,0,-
1c618d9d58429b09,O3_HIGH,4a989b95d803833d,paper=SISS,1,0.0,train,0.114695,0,-
bce3d3ee52ef698f,CLAUDE_3_5_SONNET_2024_10_22,f9a07a225e2768fb,paper=SISS,1,0.0,train,0.000789,0,-
bce3d3ee52ef698f,CLAUDE_3_5_SONNET_2024_10_22,e901104a8756eff0,paper=SISS,1,1.0,train,0.347718,0,-
bce3d3ee52ef698f,CLAUDE_3_5_SONNET_2024_10_22,28624688d1693d14,paper=SISS,1,0.0,train,0.283915,0,-
bce3d3ee52ef698f,CLAUDE_3_5_SONNET_2024_10_22,b5f15c4409a1a1ca,paper=SISS,1,0.0,train,0.000613,0,-
bce3d3ee52ef698f,CLAUDE_3_5_SONNET_2024_10_22,4a989b95d803833d,paper=SISS,1,0.0,train,0.036225,0,-
39edf3fbaacf1629,CLAUDE_3_7_SONNET_2025_02_19,f9a07a225e2768fb,paper=SISS,1,0.0,train,0.00113,0,-
39edf3fbaacf1629,CLAUDE_3_7_SONNET_2025_02_19,e901104a8756eff0,paper=SISS,1,1.0,train,0.433056,0,-
39edf3fbaacf1629,CLAUDE_3_7_SONNET_2025_02_19,28624688d1693d14,paper=SISS,1,1.0,train,0.362292,0,-
39edf3fbaacf1629,CLAUDE_3_7_SONNET_2025_02_19,b5f15c4409a1a1ca,paper=SISS,1,0.0,train,0.000878,0,-
39edf3fbaacf1629,CLAUDE_3_7_SONNET_2025_02_19,4a989b95d803833d,paper=SISS,1,0.0,train,0.051105,0,-
a531ea372ae4b71d,GROK_3_BETA,f9a07a225e2768fb,paper=SISS,1,0.0,train,0.00041,0,-
a531ea372ae4b71d,GROK_3_BETA,e901104a8756eff0,paper=SISS,1,0.0,train,0.216883,0,-
a531ea372ae4b71d,GROK_3_BETA,28624688d1693d14,paper=SISS,1,0.0,train,0.170801,0,-
a531ea372ae4b71d,GROK_3_BETA,b5f15c4409a1a1ca,paper=SISS,1,0.0,train,0.000318,0,-
a531ea372ae4b71d,GROK_3_BETA,4a989b95d803833d,paper=SISS,1,0.0,train,0.019153,0,-
ac78f79a36a11b0e,GEMINI_2_5_PRO_PREVIEW_03_25,f9a07a225e2768fb,paper=SISS,1,0.0,test,0.00339,0,match
ac78f79a36a11b0e,GEMINI_2_5_PRO_PREVIEW_03_25,e901104a8756eff0,paper=SISS,1,1.0,train,0.696738,1,-
ac78f79a36a11b0e,GEMINI_2_5_PRO_PREVIEW_03_25,28624688d1693d14,paper=SISS,1,1.0,train,0.630829,1,-
ac78f79a36a11b0e,GEMINI_2_5_PRO_PREVIEW_03_25,b5f15c4409a1a1ca,paper=SISS,1,0.0,train,0.002636,0,-
ac78f79a36a11b0e,GEMINI_2_5_PRO_PREVIEW_03_25,4a989b95d803833d,paper=SISS,1,0.0,train,0.13941,0,-
b97dccb68ad1d70a,OPENROUTER_DEEPSEEK_CHAT_V3_0324,f9a07a225e2768fb,paper=SISS,1,0.0,train,0.000457,0,-
b97dccb68ad1d70a,OPENROUTER_DEEPSEEK_CHAT_V3_0324,e901104a8756eff0,paper=SISS,1,1.0,train,0.235963,0,-
b97dccb68ad1d70a,OPENROUTER_DEEPSEEK_CHAT_V3_0324,28624688d1693d14,paper=SISS,1,0.0,train,0.186794,0,-
b97dccb68ad1d70a,OPENROUTER_DEEPSEEK_CHAT_V3_0324,b5f15c4409a1a1ca,paper=SISS,1,0.0,train,0.000355,0,-
b97dccb68ad1d70a,OPENROUTER_DEEPSEEK_CHAT_V3_0324,4a989b95d803833d,paper=SISS,1,0.0,train,0.021312,0,-
09f4a41bb2e2d341,QWEN_2_5_CODER_32B_INSTRUCT,f9a07a225e2768fb,paper=SISS,1,0.0,train,8.6e-05,0,-
09f4a41bb2e2d341,QWEN_2_5_CODER_32B_INSTRUCT,e901104a8756eff0,paper=SISS,1,0.0,train,0.05518,0,-
09f4a41bb2e2d341,QWEN_2_5_CODER_32B_INSTRUCT,28624688d1693d14,paper=SISS,1,0.0,train,0.041629,0,-
09f4a41bb2e2d341,QWEN_2_5_CODER_32B_INSTRUCT,b5f15c4409a1a1ca,paper=SISS,1,0.0,train,6.7e-05,0,-
09f4a41bb2e2d341,QWEN_2_5_CODER_32B_INSTRUCT,4a989b95d803833d,paper=SISS,1,0.0,train,0.004101,0,-
c117f9213dc5d8c9,LLAMA_3_3_70B_INSTRUCT,f9a07a225e2768fb,paper=SISS,1,0.0,test,1.5e-05,0,match
c117f9213dc5d8c9,LLAMA_3_3_70B_INSTRUCT,e901104a8756eff0,paper=SISS,1,0.0,train,0.009729,0,-
c117f9213dc5d8c9,LLAMA_3_3_70B_INSTRUCT,28624688d1693d14,paper=SISS,1,0.0,train,0.007254,0,-
c117f9213dc5d8c9,LLAMA_3_3_70B_INSTRUCT,b5f15c4409a1a1ca,paper=SISS,1,0.0,train,1.1e-05,0,-
c117f9213dc5d8c9,LLAMA_3_3_70B_INSTRUCT,4a989b95d803833d,paper=SISS,1,0.0,train,0.000692,0,-
b2436ce8ede11e03,OPENROUTER_O4_MINI_HIGH,f9a07a225e2768fb,paper=SISS,1,0.0,train,0.00234,0,-
b2436ce8ede11e03,OPENROUTER_O4_MINI_HIGH,e901104a8756eff0,paper=SISS,1,0.0,train,0.613068,1,-
b2436ce8ede11e03,OPENROUTER_O4_MINI_HIGH,28624688d1693d14,paper=SISS,1,1.0,train,0.540956,1,-
b2436ce8ede11e03,OPENROUTER_O4_MINI_HIGH,b5f15c4409a1a1ca,paper=SISS,1,0.0,train,0.001819,0,-
b2436ce8ede11e03,OPENROUTER_O4_MINI_HIGH,4a989b95d803833d,paper=SISS,1,0.0,train,0.10049,0,-
2bfd4cd36591d7f5,GROK_3_MINI_BETA_HIGH,f9a07a225e2768fb,paper=SISS,1,0.0,train,4.7e-05,0,-
2bfd4cd36591d7f5,GROK_3_MINI_BETA_HIGH,e901104a8756eff0,paper=SISS,1,0.0,train,0.030541,0,-
2bfd4cd36591d7f5,GROK_3_MINI_BETA_HIGH,28624688d1693d14,paper=SISS,1,0.0,train,0.022895,0,-
2bfd4cd36591d7f5,GROK_3_MINI_BETA_HIGH,b5f15c4409a1a1ca,paper=SISS,1,0.0,train,3.6e-05,0,-
2bfd4cd36591d7f5,GROK_3_MINI_BETA_HIGH,4a989b95d803833d,paper=SISS,1,0.0,train,0.002216,0,-
9dafe621e945d614,GROK_2_1212,f9a07a225e2768fb,paper=SISS,1,0.0,train,5.1e-05,0,-
9dafe621e945d614,GROK_2_1212,e901104a8756eff0,paper=SISS,1,0.0,train,0.033187,0,-
9dafe621e945d614,GROK_2_1212,28624688d1693d14,paper=SISS,1,0.0,train,0.024895,0,-
9dafe621e945d614,GROK_2_1212,b5f15c4409a1a1ca,paper=SISS,1,0.0,train,3.9e-05,0,-
9dafe621e945d614,GROK_2_1212,4a989b95d803833d,paper=SISS,1,0.0,train,0.002414,0,-
8d84404dc2cabd80,OPENROUTER_CLAUDE_3_5_HAIKU,f9a07a225e2768fb,paper=SISS,1,0.0,test,0.000348,0,match
8d84404dc2cabd80,OPENROUTER_CLAUDE_3_5_HAIKU,e901104a8756eff0,paper=SISS,1,0.0,train,0.190563,0,-
8d84404dc2cabd80,OPENROUTER_CLAUDE_3_5_HAIKU,28624688d1693d14,paper=SISS,1,0.0,train,0.149009,0,-
8d84404dc2cabd80,OPENROUTER_CLAUDE_3_5_HAIKU,b5f15c4409a1a1ca,paper=SISS,1,0.0,train,0.000271,0,-
8d84404dc2cabd80,OPENROUTER_CLAUDE_3_5_HAIKU,4a989b95d803833d,paper=SISS,1,0.0,train,0.016329,0,-
42d17e7b8b8e8451,OPENROUTER_LLAMA_4_MAVERICK,f9a07a225e2768fb,paper=SISS,1,0.0,train,0.000112,0,-
42d17e7b8b8e8451,OPENROUTER_LLAMA_4_MAVERICK,e901104a8756eff0,paper=SISS,1,0.0,train,0.070057,0,-
42d17e7b8b8e8451,OPENROUTER_LLAMA_4_MAVERICK,28624688d1693d14,paper=SISS,1,0.0,train,0.053058,0,-
42d17e7b8b8e8451,OPENROUTER_LLAMA_4_MAVERICK,b5f15c4409a1a1ca,paper=SISS,1,0.0,train,8.7e-05,0,-
42d17e7b8b8e8451,OPENROUTER_LLAMA_4_MAVERICK,4a989b95d803833d,paper=SISS,1,0.0,train,0.005284,0,-
f346f5a402064340,OPENROUTER_LLAMA_4_SCOUT,f9a07a225e2768fb,paper=SISS,1,0.0,train,3.6e-05,0,-
f346f5a402064340,OPENROUTER_LLAMA_4_SCOUT,e901104a8756eff0,paper=SISS,1,0.0,train,0.023625,0,-
f346f5a402064340,OPENROUTER_LLAMA_4_SCOUT,28624688d1693d14,paper=SISS,1,0.0,train,0.017679,0,-
f346f5a402064340,OPENROUTER_LLAMA_4_SCOUT,b5f15c4409a1a1ca,paper=SISS,1,0.0,train,2.8e-05,0,-
f346f5a402064340,OPENROUTER_LLAMA_4_SCOUT,4a989b95d803833d,paper=SISS,1,0.0,test,0.001703,0,match
d9512a7be0630043,MISTRAL_CODESTRAL_2501,f9a07a225e2768fb,paper=SISS,1,0.0,train,0.000169,0,-
d9512a7be0630043,MISTRAL_CODESTRAL_2501,e901104a8756eff0,paper=SISS,1,0.0,test,0.102241,0,match
d9512a7be0630043,MISTRAL_CODESTRAL_2501,28624688d1693d14,paper=SISS,1,0.0,train,0.078088,0,-
d9512a7be0630043,MISTRAL_CODESTRAL_2501,b5f15c4409a1a1ca,paper=SISS,1,0.0,train,0.000131,0,-
d9512a7be0630043,MISTRAL_CODESTRAL_2501,4a989b95d803833d,paper=SISS,1,0.0,train,0.007966,0,-
4a938d775c0363f7,GEMINI_2_5_PRO_PREVIEW_05_06,f9a07a225e2768fb,paper=SISS,1,0.0,test,0.005561,0,match
4a938d775c0363f7,GEMINI_2_5_PRO_PREVIEW_05_06,e901104a8756eff0,paper=SISS,1,0.0,train,0.790665,1,-
4a938d775c0363f7,GEMINI_2_5_PRO_PREVIEW_05_06,28624688d1693d14,paper=SISS,1,1.0,train,0.737479,1,-
4a938d775c0363f7,GEMINI_2_5_PRO_PREVIEW_05_06,b5f15c4409a1a1ca,paper=SISS,1,0.0,train,0.004326,0,-
4a938d775c0363f7,GEMINI_2_5_PRO_PREVIEW_05_06,4a989b95d803833d,paper=SISS,1,0.0,train,0.210307,0,-
0201bf34008b40fa,OPENROUTER_QWEN_TURBO,f9a07a225e2768fb,paper=SISS,1,0.0,train,6e-06,0,-
0201bf34008b40fa,OPENROUTER_QWEN_TURBO,e901104a8756eff0,paper=SISS,1,0.0,train,0.004224,0,-
0201bf34008b40fa,OPENROUTER_QWEN_TURBO,28624688d1693d14,paper=SISS,1,0.0,train,0.003145,0,-
0201bf34008b40fa,OPENROUTER_QWEN_TURBO,b5f15c4409a1a1ca,paper=SISS,1,0.0,train,5e-06,0,-
0201bf34008b40fa,OPENROUTER_QWEN_TURBO,4a989b95d803833d,paper=SISS,1,0.0,test,0.000299,0,match
9bbf8d46fe2a4b4d,OPENROUTER_MISTRAL_CODESTRAL_MAMBA,f9a07a225e2768fb,paper=SISS,1,0.0,train,1e-06,0,-
9bbf8d46fe2a4b4d,OPENROUTER_MISTRAL_CODESTRAL_MAMBA,e901104a8756eff0,paper=SISS,1,0.0,test,0.000904,0,match
9bbf8d46fe2a4b4d,OPENROUTER_MISTRAL_CODESTRAL_MAMBA,28624688d1693d14,paper=SISS,1,0.0,train,0.000673,0,-
9bbf8d46fe2a4b4d,OPENROUTER_MISTRAL_CODESTRAL_MAMBA,b5f15c4409a1a1ca,paper=SISS,1,0.0,train,1e-06,0,-
9bbf8d46fe2a4b4d,OPENROUTER_MISTRAL_CODESTRAL_MAMBA,4a989b95d803833d,paper=SISS,1,0.0,test,6.4e-05,0,match
0e68149d77ff2477,OPENROUTER_AMAZON_NOVA_PRO_1_0,f9a07a225e2768fb,paper=SISS,1,0.0,train,8.3e-05,0,-
0e68149d77ff2477,OPENROUTER_AMAZON_NOVA_PRO_1_0,e901104a8756eff0,paper=SISS,1,0.0,train,0.053389,0,-
0e68149d77ff2477,OPENROUTER_AMAZON_NOVA_PRO_1_0,28624688d1693d14,paper=SISS,1,0.0,train,0.04026,0,-
0e68149d77ff2477,OPENROUTER_AMAZON_NOVA_PRO_1_0,b5f15c4409a1a1ca,paper=SISS,1,0.0,train,6.5e-05,0,-
0e68149d77ff2477,OPENROUTER_AMAZON_NOVA_PRO_1_0,4a989b95d803833d,paper=SISS,1,0.0,train,0.003961,0,-
f89d3f7268252d37,OPENROUTER_COHERE_COMMAND_A,f9a07a225e2768fb,paper=SISS,1,0.0,train,0.00013,0,-
f89d3f7268252d37,OPENROUTER_COHERE_COMMAND_A,e901104a8756eff0,paper=SISS,1,0.0,train,0.080667,0,-
f89d3f7268252d37,OPENROUTER_COHERE_COMMAND_A,28624688d1693d14,paper=SISS,1,0.0,train,0.061263,0,-
f89d3f7268252d37,OPENROUTER_COHERE_COMMAND_A,b5f15c4409a1a1ca,paper=SISS,1,0.0,train,0.000101,0,-
f89d3f7268252d37,OPENROUTER_COHERE_COMMAND_A,4a989b95d803833d,paper=SISS,1,0.0,train,0.006149,0,-
6439159aa9f9ba95,GEMINI_2_5_FLASH_PREVIEW_04_17,f9a07a225e2768fb,paper=SISS,1,0.0,train,0.000773,0,-
6439159aa9f9ba95,GEMINI_2_5_FLASH_PREVIEW_04_17,e901104a8756eff0,paper=SISS,1,0.0,train,0.343189,0,-
6439159aa9f9ba95,GEMINI_2_5_FLASH_PREVIEW_04_17,28624688d1693d14,paper=SISS,1,0.0,test,0.279861,0,match
6439159aa9f9ba95,GEMINI_2_5_FLASH_PREVIEW_04_17,b5f15c4409a1a1ca,paper=SISS,1,0.0,train,0.000601,0,-
6439159aa9f9ba95,GEMINI_2_5_FLASH_PREVIEW_04_17,4a989b95d803833d,paper=SISS,1,0.0,train,0.035532,0,-
4a199d31e7ac5440,GEMINI_2_0_FLASH_LITE,f9a07a225e2768fb,paper=SISS,1,0.0,test,0.000167,0,match
4a199d31e7ac5440,GEMINI_2_0_FLASH_LITE,e901104a8756eff0,paper=SISS,1,0.0,test,0.101488,0,match
4a199d31e7ac5440,GEMINI_2_0_FLASH_LITE,28624688d1693d14,paper=SISS,1,0.0,test,0.077498,0,match
4a199d31e7ac5440,GEMINI_2_0_FLASH_LITE,b5f15c4409a1a1ca,paper=SISS,1,0.0,train,0.00013,0,-
4a199d31e7ac5440,GEMINI_2_0_FLASH_LITE,4a989b95d803833d,paper=SISS,1,0.0,train,0.007901,0,-
5a9db67a33a34b6b,OPENROUTER_MISTRAL_MEDIUM_3,f9a07a225e2768fb,paper=SISS,1,0.0,train,0.000283,0,-
5a9db67a33a34b6b,OPENROUTER_MISTRAL_MEDIUM_3,e901104a8756eff0,paper=SISS,1,0.0,train,0.160563,0,-
5a9db67a33a34b6b,OPENROUTER_MISTRAL_MEDIUM_3,28624688d1693d14,paper=SISS,1,0.0,train,0.124544,0,-
5a9db67a33a34b6b,OPENROUTER_MISTRAL_MEDIUM_3,b5f15c4409a1a1ca,paper=SISS,1,0.0,train,0.00022,0,-
5a9db67a33a34b6b,OPENROUTER_MISTRAL_MEDIUM_3,4a989b95d803833d,paper=SISS,1,0.0,train,0.013307,0,-
92da838173d9f753,GEMINI_2_0_FLASH,712b13eb257d8159,paper=TabDiff,1,1.0,test,0.77284,1,match
92da838173d9f753,GEMINI_2_0_FLASH,88a9f96e6f8aa515,paper=TabDiff,1,1.0,train,0.864862,1,-
92da838173d9f753,GEMINI_2_0_FLASH,38c2e429d3555cdd,paper=TabDiff,1,0.0,train,0.032467,0,-
92da838173d9f753,GEMINI_2_0_FLASH,feda6cba81959567,paper=TabDiff,1,1.0,train,0.833213,1,-
92da838173d9f753,GEMINI_2_0_FLASH,c364528a0d8a025c,paper=TabDiff,1,1.0,test,0.903259,1,match
92da838173d9f753,GEMINI_2_0_FLASH,5a0b5fe362028757,paper=TabDiff,1,0.0,train,0.000166,0,-
7184624c9762b8b9,GPT_4O_2024_08_06,712b13eb257d8159,paper=TabDiff,1,1.0,train,0.830357,1,-
7184624c9762b8b9,GPT_4O_2024_08_06,88a9f96e6f8aa515,paper=TabDiff,1,1.0,train,0.902033,1,-
7184624c9762b8b9,GPT_4O_2024_08_06,38c2e429d3555cdd,paper=TabDiff,1,0.0,train,0.046054,0,-
7184624c9762b8b9,GPT_4O_2024_08_06,feda6cba81959567,paper=TabDiff,1,1.0,test,0.87786,1,match
7184624c9762b8b9,GPT_4O_2024_08_06,c364528a0d8a025c,paper=TabDiff,1,1.0,train,0.930715,1,-
7184624c9762b8b9,GPT_4O_2024_08_06,5a0b5fe362028757,paper=TabDiff,1,0.0,train,0.000238,0,-
3f126a3baa99198a,GPT_4O_MINI,712b13eb257d8159,paper=TabDiff,1,0.0,train,0.446504,0,-
3f126a3baa99198a,GPT_4O_MINI,88a9f96e6f8aa515,paper=TabDiff,1,1.0,train,0.602778,1,-
3f126a3baa99198a,GPT_4O_MINI,38c2e429d3555cdd,paper=TabDiff,1,0.0,train,0.007894,0,-
3f126a3baa99198a,GPT_4O_MINI,feda6cba81959567,paper=TabDiff,1,0.0,train,0.542237,1,-
3f126a3baa99198a,GPT_4O_MINI,c364528a0d8a025c,paper=TabDiff,1,1.0,train,0.688851,1,-
3f126a3baa99198a,GPT_4O_MINI,5a0b5fe362028757,paper=TabDiff,1,0.0,train,3.9e-05,0,-
21a139c20bbac1e2,O3_MINI_HIGH,712b13eb257d8159,paper=TabDiff,1,1.0,train,0.956414,1,-
21a139c20bbac1e2,O3_MINI_HIGH,88a9f96e6f8aa515,paper=TabDiff,1,1.0,train,0.976347,1,-
21a139c20bbac1e2,O3_MINI_HIGH,38c2e429d3555cdd,paper=TabDiff,1,0.0,train,0.177923,0,-
21a139c20bbac1e2,O3_MINI_HIGH,feda6cba81959567,paper=TabDiff,1,1.0,train,0.969899,1,-
21a139c20bbac1e2,O3_MINI_HIGH,c364528a0d8a025c,paper=TabDiff,1,1.0,train,0.983666,1,-
21a139c20bbac1e2,O3_MINI_HIGH,5a0b5fe362028757,paper=TabDiff,1,1.0,test,0.001067,0,miss
22e9aca88e136167,DEEPSEEK_R1,712b13eb257d8159,paper=TabDiff,1,1.0,train,0.874725,1,-
22e9aca88e136167,DEEPSEEK_R1,88a9f96e6f8aa515,paper=TabDiff,1,1.0,test,0.929252,1,match
22e9aca88e136167,DEEPSEEK_R1,38c2e429d3555cdd,paper=TabDiff,1,0.0,train,0.064431,0,-
22e9aca88e136167,DEEPSEEK_R1,feda6cba81959567,paper=TabDiff,1,1.0,train,0.911133,1,-
22e9aca88e136167,DEEPSEEK_R1,c364528a0d8a025c,paper=TabDiff,1,1.0,train,0.950403,1,-
22e9aca88e136167,DEEPSEEK_R1,5a0b5fe362028757,paper=TabDiff,1,0.0,train,0.00034,0,-
1872c1340f216012,O1_HIGH,712b13eb257d8159,paper=TabDiff,1,1.0,train,0.915605,1,-
1872c1340f216012,O1_HIGH,88a9f96e6f8aa515,paper=TabDiff,1,1.0,train,0.953289,1,-
1872c1340f216012,O1_HIGH,38c2e429d3555cdd,paper=TabDiff,1,0.0,train,0.096663,0,-
1872c1340f216012,O1_HIGH,feda6cba81959567,paper=TabDiff,1,1.0,train,0.940935,1,-
1872c1340f216012,O1_HIGH,c364528a0d8a025c,paper=TabDiff,1,1.0,train,0.967505,1,-
1872c1340f216012,O1_HIGH,5a0b5fe362028757,paper=TabDiff,1,0.0,train,0.000528,0,-
8d49a7a13f10df7f,GPT_4_1,712b13eb257d8159,paper=TabDiff,1,1.0,train,0.933063,1,-
8d49a7a13f10df7f,GPT_4_1,88a9f96e6f8aa515,paper=TabDiff,1,1.0,train,0.963264,1,-
8d49a7a13f10df7f,GPT_4_1,38c2e429d3555cdd,paper=TabDiff,1,1.0,train,0.120869,0,-
8d49a7a13f10df7f,GPT_4_1,feda6cba81959567,paper=TabDiff,1,1.0,train,0.95342,1,-
8d49a7a13f10df7f,GPT_4_1,c364528a0d8a025c,paper=TabDiff,1,1.0,test,0.974526,1,match
8d49a7a13f10df7f,GPT_4_1,5a0b5fe362028757,paper=TabDiff,1,0.0,train,0.000678,0,-
efdd1f09f2fb64b9,GPT_4_1_MINI,712b13eb257d8159,paper=TabDiff,1,0.0,train,0.864685,1,-
efdd1f09f2fb64b9,GPT_4_1_MINI,88a9f96e6f8aa515,paper=TabDiff,1,1.0,train,0.923198,1,-
efdd1f09f2fb64b9,GPT_4_1_MINI,38c2e429d3555cdd,paper=TabDiff,1,0.0,train,0.05929,0,-
efdd1f09f2fb64b9,GPT_4_1_MINI,feda6cba81959567,paper=TabDiff,1,1.0,train,0.90369,1,-
efdd1f09f2fb64b9,GPT_4_1_MINI,c364528a0d8a025c,paper=TabDiff,1,1.0,train,0.946054,1,-
efdd1f09f2fb64b9,GPT_4_1_MINI,5a0b5fe362028757,paper=TabDiff,1,0.0,train,0.000311,0,-
be16a6de1e20efee,GPT_4_1_NANO,712b13eb257d8159,paper=TabDiff,1,0.0,train,0.258379,0,-
be16a6de1e20efee,GPT_4_1_NANO,88a9f96e6f8aa515,paper=TabDiff,1,0.0,test,0.395906,0,match
be16a6de1e20efee,GPT_4_1_NANO,38c2e429d3555cdd,paper=TabDiff,1,0.0,train,0.003425,0,-
be16a6de1e20efee,GPT_4_1_NANO,feda6cba81959567,paper=TabDiff,1,0.0,train,0.33844,0,-
be16a6de1e20efee,GPT_4_1_NANO,c364528a0d8a025c,paper=TabDiff,1,0.0,train,0.488789,0,-
be16a6de1e20efee,GPT_4_1_NANO,5a0b5fe362028757,paper=TabDiff,1,0.0,train,1.7e-05,0,-
1c618d9d58429b09,O3_HIGH,712b13eb257d8159,paper=TabDiff,1,1.0,test,0.97112,1,match
1c618d9d58429b09,O3_HIGH,88a9f96e6f8aa515,paper=TabDiff,1,1.0,test,0.984437,1,match
1c618d9d58429b09,O3_HIGH,38c2e429d3555cdd,paper=TabDiff,1,0.0,test,0.249059,0,match
1c618d9d58429b09,O3_HIGH,feda6cba81959567,paper=TabDiff,1,1.0,train,0.980149,1,-
1c618d9d58429b09,O3_HIGH,c364528a0d8a025c,paper=TabDiff,1,1.0,train,0.98928,1,-
1c618d9d58429b09,O3_HIGH,5a0b5fe362028757,paper=TabDiff,1,0.0,train,0.001634,0,-
bce3d3ee52ef698f,CLAUDE_3_5_SONNET_2024_10_22,712b13eb257d8159,paper=TabDiff,1,1.0,train,0.907027,1,-
bce3d3ee52ef698f,CLAUDE_3_5_SONNET_2024_10_22,88a9f96e6f8aa515,paper=TabDiff,1,1.0,train,0.948325,1,-
bce3d3ee52ef698f,CLAUDE_3_5_SONNET_2024_10_22,38c2e429d3555cdd,paper=TabDiff,1,0.0,train,0.087777,0,-
bce3d3ee52ef698f,CLAUDE_3_5_SONNET_2024_10_22,feda6cba81959567,paper=TabDiff,1,0.0,train,0.934748,1,-
bce3d3ee52ef698f,CLAUDE_3_5_SONNET_2024_10_22,c364528a0d8a025c,paper=TabDiff,1,1.0,train,0.963995,1,-
bce3d3ee52ef698f,CLAUDE_3_5_SONNET_2024_10_22,5a0b5fe362028757,paper=TabDiff,1,0.0,test,0.000475,0,match
39edf3fbaacf1629,CLAUDE_3_7_SONNET_2025_02_19,712b13eb257d8159,paper=TabDiff,1,1.0,train,0.93324,1,-
39edf3fbaacf1629,CLAUDE_3_7_SONNET_2025_02_19,88a9f96e6f8aa515,paper=TabDiff,1,1.0,train,0.963364,1,-
39edf3fbaacf1629,CLAUDE_3_7_SONNET_2025_02_19,38c2e429d3555cdd,paper=TabDiff,1,0.0,train,0.12117,0,-
39edf3fbaacf1629,CLAUDE_3_7_SONNET_2025_02_19,feda6cba81959567,paper=TabDiff,1,1.0,train,0.953545,1,-
39edf3fbaacf1629,CLAUDE_3_7_SONNET_2025_02_19,c364528a0d8a025c,paper=TabDiff,1,1.0,train,0.974596,1,-
39edf3fbaacf1629,CLAUDE_3_7_SONNET_2025_02_19,5a0b5fe362028757,paper=TabDiff,1,1.0,test,0.00068,0,miss
a531ea372ae4b71d,GROK_3_BETA,712b13eb257d8159,paper=TabDiff,1,1.0,train,0.835212,1,-
a531ea372ae4b71d,GROK_3_BETA,88a9f96e6f8aa515,paper=TabDiff,1,1.0,train,0.905071,1,-
a531ea372ae4b71d,GROK_3_BETA,38c2e429d3555cdd,paper=TabDiff,1,0.0,test,0.04761,0,match
a531ea372ae4b71d,GROK_3_BETA,feda6cba81959567,paper=TabDiff,1,1.0,train,0.881549,1,-
a531ea372ae4b71d,GROK_3_BETA,c364528a0d8a025c,paper=TabDiff,1,1.0,train,0.93293,1,-
a531ea372ae4b71d,GROK_3_BETA,5a0b5fe362028757,paper=TabDiff,1,0.0,train,0.000247,0,-
ac78f79a36a11b0e,GEMINI_2_5_PRO_PREVIEW_03_25,712b13eb257d8159,paper=TabDiff,1,1.0,train,0.976769,1,-
ac78f79a36a11b0e,GEMINI_2_5_PRO_PREVIEW_03_25,88a9f96e6f8aa515,paper=TabDiff,1,0.0,test,0.987514,1,miss
ac78f79a36a11b0e,GEMINI_2_5_PRO_PREVIEW_03_25,38c2e429d3555cdd,paper=TabDiff,1,0.0,train,0.293139,0,-
ac78f79a36a11b0e,GEMINI_2_5_PRO_PREVIEW_03_25,feda6cba81959567,paper=TabDiff,1,1.0,test,0.984061,1,match
ac78f79a36a11b0e,GEMINI_2_5_PRO_PREVIEW_03_25,c364528a0d8a025c,paper=TabDiff,1,1.0,train,0.991408,1,-
ac78f79a36a11b0e,GEMINI_2_5_PRO_PREVIEW_03_25,5a0b5fe362028757,paper=TabDiff,1,0.0,train,0.002042,0,-
b97dccb68ad1d70a,OPENROUTER_DEEPSEEK_CHAT_V3_0324,712b13eb257d8159,paper=TabDiff,1,1.0,test,0.849669,1,match
b97dccb68ad1d70a,OPENROUTER_DEEPSEEK_CHAT_V3_0324,88a9f96e6f8aa515,paper=TabDiff,1,1.0,train,0.91403,1,-
b97dccb68ad1d70a,OPENROUTER_DEEPSEEK_CHAT_V3_0324,38c2e429d3555cdd,paper=TabDiff,1,0.0,train,0.052803,0,-
b97dccb68ad1d70a,OPENROUTER_DEEPSEEK_CHAT_V3_0324,feda6cba81959567,paper=TabDiff,1,0.0,test,0.892464,1,miss
b97dccb68ad1d70a,OPENROUTER_DEEPSEEK_CHAT_V3_0324,c364528a0d8a025c,paper=TabDiff,1,1.0,train,0.939435,1,-
b97dccb68ad1d70a,OPENROUTER_DEEPSEEK_CHAT_V3_0324,5a0b5fe362028757,paper=TabDiff,1,1.0,test,0.000275,0,miss
09f4a41bb2e2d341,QWEN_2_5_CODER_32B_INSTRUCT,712b13eb257d8159,paper=TabDiff,1,1.0,test,0.516634,1,match
09f4a41bb2e2d341,QWEN_2_5_CODER_32B_INSTRUCT,88a9f96e6f8aa515,paper=TabDiff,1,1.0,train,0.667837,1,-
09f4a41bb2e2d341,QWEN_2_5_CODER_32B_INSTRUCT,38c2e429d3555cdd,paper=TabDiff,1,0.0,train,0.010432,0,-
09f4a41bb2e2d341,QWEN_2_5_CODER_32B_INSTRUCT,feda6cba81959567,paper=TabDiff,1,1.0,train,0.61081,1,-
09f4a41bb2e2d341,QWEN_2_5_CODER_32B_INSTRUCT,c364528a0d8a025c,paper=TabDiff,1,1.0,train,0.745759,1,-
09f4a41bb2e2d341,QWEN_2_5_CODER_32B_INSTRUCT,5a0b5fe362028757,paper=TabDiff,1,0.0,train,5.2e-05,0,-
c117f9213dc5d8c9,LLAMA_3_3_70B_INSTRUCT,712b13eb257d8159,paper=TabDiff,1,0.0,train,0.152403,0,-
c117f9213dc5d8c9,LLAMA_3_3_70B_INSTRUCT,88a9f96e6f8aa515,paper=TabDiff,1,1.0,test,0.252747,0,miss
c117f9213dc5d8c9,LLAMA_3_3_70B_INSTRUCT,38c2e429d3555cdd,paper=TabDiff,1,0.0,test,0.00177,0,match
c117f9213dc5d8c9,LLAMA_3_3_70B_INSTRUCT,feda6cba81959567,paper=TabDiff,1,0.0,train,0.208875,0,-
c117f9213dc5d8c9,LLAMA_3_3_70B_INSTRUCT,c364528a0d8a025c,paper=TabDiff,1,1.0,train,0.330413,0,-
c117f9213dc5d8c9,LLAMA_3_3_70B_INSTRUCT,5a0b5fe362028757,paper=TabDiff,1,0.0,train,9e-06,0,-
b2436ce8ede11e03,OPENROUTER_O4_MINI_HIGH,712b13eb257d8159,paper=TabDiff,1,1.0,test,0.966663,1,match
b2436ce8ede11e03,OPENROUTER_O4_MINI_HIGH,88a9f96e6f8aa515,paper=TabDiff,1,1.0,train,0.981997,1,-
b2436ce8ede11e03,OPENROUTER_O4_MINI_HIGH,38c2e429d3555cdd,paper=TabDiff,1,0.0,train,0.222393,0,-
b2436ce8ede11e03,OPENROUTER_O4_MINI_HIGH,feda6cba81959567,paper=TabDiff,1,1.0,train,0.977052,1,-
b2436ce8ede11e03,OPENROUTER_O4_MINI_HIGH,c364528a0d8a025c,paper=TabDiff,1,1.0,test,0.98759,1,match
b2436ce8ede11e03,OPENROUTER_O4_MINI_HIGH,5a0b5fe362028757,paper=TabDiff,1,0.0,train,0.001409,0,-
2bfd4cd36591d7f5,GROK_3_MINI_BETA_HIGH,712b13eb257d8159,paper=TabDiff,1,1.0,train,0.365701,0,-
2bfd4cd36591d7f5,GROK_3_MINI_BETA_HIGH,88a9f96e6f8aa515,paper=TabDiff,1,0.0,train,0.520278,1,-
2bfd4cd36591d7f5,GROK_3_MINI_BETA_HIGH,38c2e429d3555cdd,paper=TabDiff,1,0.0,train,0.005654,0,-
2bfd4cd36591d7f5,GROK_3_MINI_BETA_HIGH,feda6cba81959567,paper=TabDiff,1,1.0,train,0.458459,0,-
2bfd4cd36591d7f5,GROK_3_MINI_BETA_HIGH,c364528a0d8a025c,paper=TabDiff,1,0.0,train,0.612743,1,-
2bfd4cd36591d7f5,GROK_3_MINI_BETA_HIGH,5a0b5fe362028757,paper=TabDiff,1,0.0,test,2.8e-05,0,match
9dafe621e945d614,GROK_2_1212,712b13eb257d8159,paper=TabDiff,1,0.0,train,0.385824,0,-
9dafe621e945d614,GROK_2_1212,88a9f96e6f8aa515,paper=TabDiff,1,1.0,train,0.541643,1,-
9dafe621e945d614,GROK_2_1212,38c2e429d3555cdd,paper=TabDiff,1,0.0,test,0.006158,0,match
9dafe621e945d614,GROK_2_1212,feda6cba81959567,paper=TabDiff,1,0.0,test,0.479825,0,match
9dafe621e945d614,GROK_2_1212,c364528a0d8a025c,paper=TabDiff,1,1.0,test,0.632895,1,match
9dafe621e945d614,GROK_2_1212,5a0b5fe362028757,paper=TabDiff,1,0.0,train,3.1e-05,0,-
8d84404dc2cabd80,OPENROUTER_CLAUDE_3_5_HAIKU,712b13eb257d8159,paper=TabDiff,1,1.0,train,0.811623,1,-
8d84404dc2cabd80,OPENROUTER_CLAUDE_3_5_HAIKU,88a9f96e6f8aa515,paper=TabDiff,1,1.0,train,0.890168,1,-
8d84404dc2cabd80,OPENROUTER_CLAUDE_3_5_HAIKU,38c2e429d3555cdd,paper=TabDiff,1,0.0,test,0.040763,0,match
8d84404dc2cabd80,OPENROUTER_CLAUDE_3_5_HAIKU,feda6cba81959567,paper=TabDiff,1,0.0,train,0.86351,1,-
8d84404dc2cabd80,OPENROUTER_CLAUDE_3_5_HAIKU,c364528a0d8a025c,paper=TabDiff,1,1.0,train,0.922023,1,-
8d84404dc2cabd80,OPENROUTER_CLAUDE_3_5_HAIKU,5a0b5fe362028757,paper=TabDiff,1,0.0,train,0.00021,0,-
42d17e7b8b8e8451,OPENROUTER_LLAMA_4_MAVERICK,712b13eb257d8159,paper=TabDiff,1,0.0,train,0.579601,1,-
42d17e7b8b8e8451,OPENROUTER_LLAMA_4_MAVERICK,88a9f96e6f8aa515,paper=TabDiff,1,1.0,train,0.721717,1,-
42d17e7b8b8e8451,OPENROUTER_LLAMA_4_MAVERICK,38c2e429d3555cdd,paper=TabDiff,1,0.0,test,0.013416,0,match
42d17e7b8b8e8451,OPENROUTER_LLAMA_4_MAVERICK,feda6cba81959567,paper=TabDiff,1,0.0,train,0.66936,1,-
42d17e7b8b8e8451,OPENROUTER_LLAMA_4_MAVERICK,c364528a0d8a025c,paper=TabDiff,1,0.0,train,0.790956,1,-
42d17e7b8b8e8451,OPENROUTER_LLAMA_4_MAVERICK,5a0b5fe362028757,paper=TabDiff,1,0.0,test,6.7e-05,0,match
f346f5a402064340,OPENROUTER_LLAMA_4_SCOUT,712b13eb257d8159,paper=TabDiff,1,1.0,train,0.306916,0,-
f346f5a402064340,OPENROUTER_LLAMA_4_SCOUT,88a9f96e6f8aa515,paper=TabDiff,1,1.0,train,0.454447,0,-
f346f5a402064340,OPENROUTER_LLAMA_4_SCOUT,38c2e429d3555cdd,paper=TabDiff,1,0.0,train,0.004349,0,-
f346f5a402064340,OPENROUTER_LLAMA_4_SCOUT,feda6cba81959567,paper=TabDiff,1,1.0,train,0.394025,0,-
f346f5a402064340,OPENROUTER_LLAMA_4_SCOUT,c364528a0d8a025c,paper=TabDiff,1,0.0,train,0.548591,1,-
f346f5a402064340,OPENROUTER_LLAMA_4_SCOUT,5a0b5fe362028757,paper=TabDiff,1,0.0,train,2.2e-05,0,-
d9512a7be0630043,MISTRAL_CODESTRAL_2501,712b13eb257d8159,paper=TabDiff,1,1.0,train,0.675765,1,-
d9512a7be0630043,MISTRAL_CODESTRAL_2501,88a9f96e6f8aa515,paper=TabDiff,1,1.0,test,0.796771,1,match
d9512a7be0630043,MISTRAL_CODESTRAL_2501,38c2e429d3555cdd,paper=TabDiff,1,0.0,train,0.020143,0,-
d9512a7be0630043,MISTRAL_CODESTRAL_2501,feda6cba81959567,paper=TabDiff,1,1.0,train,0.753717,1,-
d9512a7be0630043,MISTRAL_CODESTRAL_2501,c364528a0d8a025c,paper=TabDiff,1,1.0,train,0.851186,1,-
d9512a7be0630043,MISTRAL_CODESTRAL_2501,5a0b5fe362028757,paper=TabDiff,1,0.0,train,0.000101,0,-
4a938d775c0363f7,GEMINI_2_5_PRO_PREVIEW_05_06,712b13eb257d8159,paper=TabDiff,1,1.0,test,0.985739,1,match
4a938d775c0363f7,GEMINI_2_5_PRO_PREVIEW_05_06,88a9f96e6f8aa515,paper=TabDiff,1,0.0,train,0.992368,1,-
4a938d775c0363f7,GEMINI_2_5_PRO_PREVIEW_05_06,38c2e429d3555cdd,paper=TabDiff,1,0.0,train,0.405389,0,-
4a938d775c0363f7,GEMINI_2_5_PRO_PREVIEW_05_06,feda6cba81959567,paper=TabDiff,1,1.0,train,0.990244,1,-
4a938d775c0363f7,GEMINI_2_5_PRO_PREVIEW_05_06,c364528a0d8a025c,paper=TabDiff,1,1.0,test,0.994756,1,match
4a938d775c0363f7,GEMINI_2_5_PRO_PREVIEW_05_06,5a0b5fe362028757,paper=TabDiff,1,0.0,train,0.003353,0,-
0201bf34008b40fa,OPENROUTER_QWEN_TURBO,712b13eb257d8159,paper=TabDiff,1,1.0,test,0.072036,0,miss
0201bf34008b40fa,OPENROUTER_QWEN_TURBO,88a9f96e6f8aa515,paper=TabDiff,1,0.0,train,0.12742,0,-
0201bf34008b40fa,OPENROUTER_QWEN_TURBO,38c2e429d3555cdd,paper=TabDiff,1,0.0,test,0.000765,0,match
0201bf34008b40fa,OPENROUTER_QWEN_TURBO,feda6cba81959567,paper=TabDiff,1,0.0,train,0.102324,0,-
0201bf34008b40fa,OPENROUTER_QWEN_TURBO,c364528a0d8a025c,paper=TabDiff,1,0.0,train,0.175626,0,-
0201bf34008b40fa,OPENROUTER_QWEN_TURBO,5a0b5fe362028757,paper=TabDiff,1,0.0,train,4e-06,0,-
9bbf8d46fe2a4b4d,OPENROUTER_MISTRAL_CODESTRAL_MAMBA,712b13eb257d8159,paper=TabDiff,1,0.0,train,0.01629,0,-
9bbf8d46fe2a4b4d,OPENROUTER_MISTRAL_CODESTRAL_MAMBA,88a9f96e6f8aa515,paper=TabDiff,1,0.0,train,0.030209,0,-
9bbf8d46fe2a4b4d,OPENROUTER_MISTRAL_CODESTRAL_MAMBA,38c2e429d3555cdd,paper=TabDiff,1,0.0,train,0.000163,0,-
9bbf8d46fe2a4b4d,OPENROUTER_MISTRAL_CODESTRAL_MAMBA,feda6cba81959567,paper=TabDiff,1,0.0,test,0.023738,0,match
9bbf8d46fe2a4b4d,OPENROUTER_MISTRAL_CODESTRAL_MAMBA,c364528a0d8a025c,paper=TabDiff,1,0.0,test,0.04347,0,match
9bbf8d46fe2a4b4d,OPENROUTER_MISTRAL_CODESTRAL_MAMBA,5a0b5fe362028757,paper=TabDiff,1,0.0,train,1e-06,0,-
0e68149d77ff2477,OPENROUTER_AMAZON_NOVA_PRO_1_0,712b13eb257d8159,paper=TabDiff,1,1.0,test,0.507917,1,match
0e68149d77ff2477,OPENROUTER_AMAZON_NOVA_PRO_1_0,88a9f96e6f8aa515,paper=TabDiff,1,0.0,train,0.660053,1,-
0e68149d77ff2477,OPENROUTER_AMAZON_NOVA_PRO_1_0,38c2e429d3555cdd,paper=TabDiff,1,1.0,train,0.010078,0,-
0e68149d77ff2477,OPENROUTER_AMAZON_NOVA_PRO_1_0,feda6cba81959567,paper=TabDiff,1,1.0,train,0.602484,1,-
0e68149d77ff2477,OPENROUTER_AMAZON_NOVA_PRO_1_0,c364528a0d8a025c,paper=TabDiff,1,1.0,train,0.739087,1,-
0e68149d77ff2477,OPENROUTER_AMAZON_NOVA_PRO_1_0,5a0b5fe362028757,paper=TabDiff,1,0.0,train,5e-05,0,-
f89d3f7268252d37,OPENROUTER_COHERE_COMMAND_A,712b13eb257d8159,paper=TabDiff,1,1.0,train,0.616243,1,-
f89d3f7268252d37,OPENROUTER_COHERE_COMMAND_A,88a9f96e6f8aa515,paper=TabDiff,1,1.0,train,0.751288,1,-
f89d3f7268252d37,OPENROUTER_COHERE_COMMAND_A,38c2e429d3555cdd,paper=TabDiff,1,0.0,train,0.015591,0,-
f89d3f7268252d37,OPENROUTER_COHERE_COMMAND_A,feda6cba81959567,paper=TabDiff,1,1.0,train,0.702199,1,-
f89d3f7268252d37,OPENROUTER_COHERE_COMMAND_A,c364528a0d8a025c,paper=TabDiff,1,1.0,train,0.815054,1,-
f89d3f7268252d37,OPENROUTER_COHERE_COMMAND_A,5a0b5fe362028757,paper=TabDiff,1,0.0,test,7.8e-05,0,match
6439159aa9f9ba95,GEMINI_2_5_FLASH_PREVIEW_04_17,712b13eb257d8159,paper=TabDiff,1,1.0,train,0.905324,1,-
6439159aa9f9ba95,GEMINI_2_5_FLASH_PREVIEW_04_17,88a9f96e6f8aa515,paper=TabDiff,1,0.0,train,0.947334,1,-
6439159aa9f9ba95,GEMINI_2_5_FLASH_PREVIEW_04_17,38c2e429d3555cdd,paper=TabDiff,1,0.0,train,0.086186,0,-
6439159aa9f9ba95,GEMINI_2_5_FLASH_PREVIEW_04_17,feda6cba81959567,paper=TabDiff,1,1.0,train,0.933516,1,-
6439159aa9f9ba95,GEMINI_2_5_FLASH_PREVIEW_04_17,c364528a0d8a025c,paper=TabDiff,1,1.0,train,0.963293,1,-
6439159aa9f9ba95,GEMINI_2_5_FLASH_PREVIEW_04_17,5a0b5fe362028757,paper=TabDiff,1,0.0,train,0.000465,0,-
4a199d31e7ac5440,GEMINI_2_0_FLASH_LITE,712b13eb257d8159,paper=TabDiff,1,0.0,train,0.67396,1,-
4a199d31e7ac5440,GEMINI_2_0_FLASH_LITE,88a9f96e6f8aa515,paper=TabDiff,1,1.0,train,0.795436,1,-
4a199d31e7ac5440,GEMINI_2_0_FLASH_LITE,38c2e429d3555cdd,paper=TabDiff,1,0.0,train,0.019981,0,-
4a199d31e7ac5440,GEMINI_2_0_FLASH_LITE,feda6cba81959567,paper=TabDiff,1,1.0,train,0.752186,1,-
4a199d31e7ac5440,GEMINI_2_0_FLASH_LITE,c364528a0d8a025c,paper=TabDiff,1,1.0,train,0.850141,1,-
4a199d31e7ac5440,GEMINI_2_0_FLASH_LITE,5a0b5fe362028757,paper=TabDiff,1,0.0,train,0.000101,0,-
5a9db67a33a34b6b,OPENROUTER_MISTRAL_MEDIUM_3,712b13eb257d8159,paper=TabDiff,1,1.0,train,0.777802,1,-
5a9db67a33a34b6b,OPENROUTER_MISTRAL_MEDIUM_3,88a9f96e6f8aa515,paper=TabDiff,1,1.0,test,0.868157,1,match
5a9db67a33a34b6b,OPENROUTER_MISTRAL_MEDIUM_3,38c2e429d3555cdd,paper=TabDiff,1,0.0,train,0.033374,0,-
5a9db67a33a34b6b,OPENROUTER_MISTRAL_MEDIUM_3,feda6cba81959567,paper=TabDiff,1,1.0,train,0.837134,1,-
5a9db67a33a34b6b,OPENROUTER_MISTRAL_MEDIUM_3,c364528a0d8a025c,paper=TabDiff,1,1.0,train,0.90572,1,-
5a9db67a33a34b6b,OPENROUTER_MISTRAL_MEDIUM_3,5a0b5fe362028757,paper=TabDiff,1,0.0,train,0.00017,0,-
92da838173d9f753,GEMINI_2_0_FLASH,7e56deea9fe94d9c,paper=Tanh-Init,1,0.0,test,0.00015,0,match
92da838173d9f753,GEMINI_2_0_FLASH,06f378f865ea71e7,paper=Tanh-Init,1,0.0,test,0.000139,0,match
92da838173d9f753,GEMINI_2_0_FLASH,c85041584b906e69,paper=Tanh-Init,1,0.0,train,0.000157,0,-
92da838173d9f753,GEMINI_2_0_FLASH,9d336d9d171e4141,paper=Tanh-Init,1,1.0,train,0.7508,1,-
3f126a3baa99198a,GPT_4O_MINI,7e56deea9fe94d9c,paper=Tanh-Init,1,0.0,train,3.5e-05,0,-
3f126a3baa99198a,GPT_4O_MINI,06f378f865ea71e7,paper=Tanh-Init,1,0.0,train,3.3e-05,0,-
3f126a3baa99198a,GPT_4O_MINI,c85041584b906e69,paper=Tanh-Init,1,0.0,train,3.7e-05,0,-
3f126a3baa99198a,GPT_4O_MINI,9d336d9d171e4141,paper=Tanh-Init,1,0.0,train,0.416699,0,-
21a139c20bbac1e2,O3_MINI_HIGH,7e56deea9fe94d9c,paper=Tanh-Init,1,0.0,train,0.000965,0,-
21a139c20bbac1e2,O3_MINI_HIGH,06f378f865ea71e7,paper=Tanh-Init,1,0.0,train,0.000893,0,-
21a139c20bbac1e2,O3_MINI_HIGH,c85041584b906e69,paper=Tanh-Init,1,0.0,train,0.001012,0,-
21a139c20bbac1e2,O3_MINI_HIGH,9d336d9d171e4141,paper=Tanh-Init,1,1.0,test,0.951058,1,match
22e9aca88e136167,DEEPSEEK_R1,7e56deea9fe94d9c,paper=Tanh-Init,1,0.0,test,0.000307,0,match
22e9aca88e136167,DEEPSEEK_R1,06f378f865ea71e7,paper=Tanh-Init,1,0.0,train,0.000284,0,-
22e9aca88e136167,DEEPSEEK_R1,c85041584b906e69,paper=Tanh-Init,1,0.0,train,0.000322,0,-
22e9aca88e136167,DEEPSEEK_R1,9d336d9d171e4141,paper=Tanh-Init,1,1.0,train,0.86079,1,-
1872c1340f216012,O1_HIGH,7e56deea9fe94d9c,paper=Tanh-Init,1,0.0,train,0.000477,0,-
1872c1340f216012,O1_HIGH,06f378f865ea71e7,paper=Tanh-Init,1,0.0,train,0.000442,0,-
1872c1340f216012,O1_HIGH,c85041584b906e69,paper=Tanh-Init,1,0.0,train,0.000501,0,-
1872c1340f216012,O1_HIGH,9d336d9d171e4141,paper=Tanh-Init,1,1.0,train,0.905727,1,-
8d49a7a13f10df7f,GPT_4_1,7e56deea9fe94d9c,paper=Tanh-Init,1,0.0,train,0.000613,0,-
8d49a7a13f10df7f,GPT_4_1,06f378f865ea71e7,paper=Tanh-Init,1,0.0,train,0.000567,0,-
8d49a7a13f10df7f,GPT_4_1,c85041584b906e69,paper=Tanh-Init,1,0.0,train,0.000643,0,-
8d49a7a13f10df7f,GPT_4_1,9d336d9d171e4141,paper=Tanh-Init,1,1.0,train,0.925061,1,-
efdd1f09f2fb64b9,GPT_4_1_MINI,7e56deea9fe94d9c,paper=Tanh-Init,1,0.0,train,0.000281,0,-
efdd1f09f2fb64b9,GPT_4_1_MINI,06f378f865ea71e7,paper=Tanh-Init,1,0.0,train,0.00026,0,-
efdd1f09f2fb64b9,GPT_4_1_MINI,c85041584b906e69,paper=Tanh-Init,1,0.0,train,0.000295,0,-
efdd1f09f2fb64b9,GPT_4_1_MINI,9d336d9d171e4141,paper=Tanh-Init,1,1.0,train,0.849825,1,-
be16a6de1e20efee,GPT_4_1_NANO,7e56deea9fe94d9c,paper=Tanh-Init,1,0.0,test,1.5e-05,0,match
be16a6de1e20efee,GPT_4_1_NANO,06f378f865ea71e7,paper=Tanh-Init,1,0.0,test,1.4e-05,0,match
be16a6de1e20efee,GPT_4_1_NANO,c85041584b906e69,paper=Tanh-Init,1,0.0,test,1.6e-05,0,match
be16a6de1e20efee,GPT_4_1_NANO,9d336d9d171e4141,paper=Tanh-Init,1,1.0,test,0.235782,0,miss
1c618d9d58429b09,O3_HIGH,7e56deea9fe94d9c,paper=Tanh-Init,1,0.0,train,0.001477,0,-
1c618d9d58429b09,O3_HIGH,06f378f865ea71e7,paper=Tanh-Init,1,0.0,train,0.001367,0,-
1c618d9d58429b09,O3_HIGH,c85041584b906e69,paper=Tanh-Init,1,0.0,test,0.00155,0,match
1c618d9d58429b09,O3_HIGH,9d336d9d171e4141,paper=Tanh-Init,1,1.0,train,0.967509,1,-
bce3d3ee52ef698f,CLAUDE_3_5_SONNET_2024_10_22,7e56deea9fe94d9c,paper=Tanh-Init,1,0.0,train,0.000429,0,-
bce3d3ee52ef698f,CLAUDE_3_5_SONNET_2024_10_22,06f378f865ea71e7,paper=Tanh-Init,1,0.0,train,0.000397,0,-
bce3d3ee52ef698f,CLAUDE_3_5_SONNET_2024_10_22,c85041584b906e69,paper=Tanh-Init,1,0.0,train,0.00045,0,-
bce3d3ee52ef698f,CLAUDE_3_5_SONNET_2024_10_22,9d336d9d171e4141,paper=Tanh-Init,1,1.0,train,0.896259,1,-
39edf3fbaacf1629,CLAUDE_3_7_SONNET_2025_02_19,7e56deea9fe94d9c,paper=Tanh-Init,1,0.0,train,0.000615,0,-
39edf3fbaacf1629,CLAUDE_3_7_SONNET_2025_02_19,06f378f865ea71e7,paper=Tanh-Init,1,0.0,train,0.000569,0,-
39edf3fbaacf1629,CLAUDE_3_7_SONNET_2025_02_19,c85041584b906e69,paper=Tanh-Init,1,0.0,train,0.000645,0,-
39edf3fbaacf1629,CLAUDE_3_7_SONNET_2025_02_19,9d336d9d171e4141,paper=Tanh-Init,1,1.0,train,0.925257,1,-
a531ea372ae4b71d,GROK_3_BETA,7e56deea9fe94d9c,paper=Tanh-Init,1,0.0,train,0.000223,0,-
a531ea372ae4b71d,GROK_3_BETA,06f378f865ea71e7,paper=Tanh-Init,1,0.0,test,0.000206,0,match
a531ea372ae4b71d,GROK_3_BETA,c85041584b906e69,paper=Tanh-Init,1,0.0,train,0.000234,0,-
a531ea372ae4b71d,GROK_3_BETA,9d336d9d171e4141,paper=Tanh-Init,1,0.0,test,0.817797,1,miss
ac78f79a36a11b0e,GEMINI_2_5_PRO_PREVIEW_03_25,7e56deea9fe94d9c,paper=Tanh-Init,1,0.0,train,0.001846,0,-
ac78f79a36a11b0e,GEMINI_2_5_PRO_PREVIEW_03_25,06f378f865ea71e7,paper=Tanh-Init,1,0.0,train,0.001709,0,-
ac78f79a36a11b0e,GEMINI_2_5_PRO_PREVIEW_03_25,c85041584b906e69,paper=Tanh-Init,1,0.0,train,0.001937,0,-
ac78f79a36a11b0e,GEMINI_2_5_PRO_PREVIEW_03_25,9d336d9d171e4141,paper=Tanh-Init,1,1.0,train,0.973845,1,-
7184624c9762b8b9,GPT_4O_2024_08_06,7e56deea9fe94d9c,paper=Tanh-Init,1,0.0,train,0.000215,0,-
7184624c9762b8b9,GPT_4O_2024_08_06,06f378f865ea71e7,paper=Tanh-Init,1,0.0,train,0.000199,0,-
7184624c9762b8b9,GPT_4O_2024_08_06,c85041584b906e69,paper=Tanh-Init,1,0.0,train,0.000226,0,-
7184624c9762b8b9,GPT_4O_2024_08_06,9d336d9d171e4141,paper=Tanh-Init,1,1.0,train,0.812544,1,-
b97dccb68ad1d70a,OPENROUTER_DEEPSEEK_CHAT_V3_0324,7e56deea9fe94d9c,paper=Tanh-Init,1,0.0,train,0.000249,0,-
b97dccb68ad1d70a,OPENROUTER_DEEPSEEK_CHAT_V3_0324,06f378f865ea71e7,paper=Tanh-Init,1,0.0,test,0.00023,0,match
b97dccb68ad1d70a,OPENROUTER_DEEPSEEK_CHAT_V3_0324,c85041584b906e69,paper=Tanh-Init,1,0.0,train,0.000261,0,-
b97dccb68ad1d70a,OPENROUTER_DEEPSEEK_CHAT_V3_0324,9d336d9d171e4141,paper=Tanh-Init,1,0.0,train,0.833478,1,-
09f4a41bb2e2d341,QWEN_2_5_CODER_32B_INSTRUCT,7e56deea9fe94d9c,paper=Tanh-Init,1,0.0,train,4.7e-05,0,-
09f4a41bb2e2d341,QWEN_2_5_CODER_32B_INSTRUCT,06f378f865ea71e7,paper=Tanh-Init,1,0.0,train,4.4e-05,0,-
09f4a41bb2e2d341,QWEN_2_5_CODER_32B_INSTRUCT,c85041584b906e69,paper=Tanh-Init,1,0.0,train,4.9e-05,0,-
09f4a41bb2e2d341,QWEN_2_5_CODER_32B_INSTRUCT,9d336d9d171e4141,paper=Tanh-Init,1,1.0,train,0.48626,0,-
c117f9213dc5d8c9,LLAMA_3_3_70B_INSTRUCT,7e56deea9fe94d9c,paper=Tanh-Init,1,0.0,train,8e-06,0,-
c117f9213dc5d8c9,LLAMA_3_3_70B_INSTRUCT,06f378f865ea71e7,paper=Tanh-Init,1,0.0,train,7e-06,0,-
c117f9213dc5d8c9,LLAMA_3_3_70B_INSTRUCT,c85041584b906e69,paper=Tanh-Init,1,0.0,train,8e-06,0,-
c117f9213dc5d8c9,LLAMA_3_3_70B_INSTRUCT,9d336d9d171e4141,paper=Tanh-Init,1,0.0,train,0.137358,0,-
b2436ce8ede11e03,OPENROUTER_O4_MINI_HIGH,7e56deea9fe94d9c,paper=Tanh-Init,1,0.0,test,0.001274,0,match
b2436ce8ede11e03,OPENROUTER_O4_MINI_HIGH,06f378f865ea71e7,paper=Tanh-Init,1,0.0,train,0.001179,0,-
b2436ce8ede11e03,OPENROUTER_O4_MINI_HIGH,c85041584b906e69,paper=Tanh-Init,1,0.0,train,0.001337,0,-
b2436ce8ede11e03,OPENROUTER_O4_MINI_HIGH,9d336d9d171e4141,paper=Tanh-Init,1,1.0,train,0.962516,1,-
2bfd4cd36591d7f5,GROK_3_MINI_BETA_HIGH,7e56deea9fe94d9c,paper=Tanh-Init,1,0.0,train,2.5e-05,0,-
2bfd4cd36591d7f5,GROK_3_MINI_BETA_HIGH,06f378f865ea71e7,paper=Tanh-Init,1,0.0,test,2.3e-05,0,match
2bfd4cd36591d7f5,GROK_3_MINI_BETA_HIGH,c85041584b906e69,paper=Tanh-Init,1,0.0,train,2.7e-05,0,-
2bfd4cd36591d7f5,GROK_3_MINI_BETA_HIGH,9d336d9d171e4141,paper=Tanh-Init,1,0.0,test,0.337996,0,match
9dafe621e945d614,GROK_2_1212,7e56deea9fe94d9c,paper=Tanh-Init,1,0.0,train,2.8e-05,0,-
9dafe621e945d614,GROK_2_1212,06f378f865ea71e7,paper=Tanh-Init,1,0.0,train,2.6e-05,0,-
9dafe621e945d614,GROK_2_1212,c85041584b906e69,paper=Tanh-Init,1,0.0,test,2.9e-05,0,match
9dafe621e945d614,GROK_2_1212,9d336d9d171e4141,paper=Tanh-Init,1,0.0,train,0.357453,0,-
8d84404dc2cabd80,OPENROUTER_CLAUDE_3_5_HAIKU,7e56deea9fe94d9c,paper=Tanh-Init,1,0.0,train,0.00019,0,-
8d84404dc2cabd80,OPENROUTER_CLAUDE_3_5_HAIKU,06f378f865ea71e7,paper=Tanh-Init,1,0.0,train,0.000175,0,-
8d84404dc2cabd80,OPENROUTER_CLAUDE_3_5_HAIKU,c85041584b906e69,paper=Tanh-Init,1,0.0,test,0.000199,0,match
8d84404dc2cabd80,OPENROUTER_CLAUDE_3_5_HAIKU,9d336d9d171e4141,paper=Tanh-Init,1,1.0,train,0.792335,1,-
42d17e7b8b8e8451,OPENROUTER_LLAMA_4_MAVERICK,7e56deea9fe94d9c,paper=Tanh-Init,1,0.0,test,6.1e-05,0,match
42d17e7b8b8e8451,OPENROUTER_LLAMA_4_MAVERICK,06f378f865ea71e7,paper=Tanh-Init,1,0.0,test,5.6e-05,0,match
42d17e7b8b8e8451,OPENROUTER_LLAMA_4_MAVERICK,c85041584b906e69,paper=Tanh-Init,1,0.0,train,6.4e-05,0,-
42d17e7b8b8e8451,OPENROUTER_LLAMA_4_MAVERICK,9d336d9d171e4141,paper=Tanh-Init,1,1.0,train,0.549735,1,-
f346f5a402064340,OPENROUTER_LLAMA_4_SCOUT,7e56deea9fe94d9c,paper=Tanh-Init,1,0.0,train,1.9e-05,0,-
f346f5a402064340,OPENROUTER_LLAMA_4_SCOUT,06f378f865ea71e7,paper=Tanh-Init,1,0.0,train,1.8e-05,0,-
f346f5a402064340,OPENROUTER_LLAMA_4_SCOUT,c85041584b906e69,paper=Tanh-Init,1,0.0,train,2e-05,0,-
f346f5a402064340,OPENROUTER_LLAMA_4_SCOUT,9d336d9d171e4141,paper=Tanh-Init,1,1.0,test,0.281686,0,miss
d9512a7be0630043,MISTRAL_CODESTRAL_2501,7e56deea9fe94d9c,paper=Tanh-Init,1,0.0,test,9.2e-05,0,match
d9512a7be0630043,MISTRAL_CODESTRAL_2501,06f378f865ea71e7,paper=Tanh-Init,1,0.0,train,8.5e-05,0,-
d9512a7be0630043,MISTRAL_CODESTRAL_2501,c85041584b906e69,paper=Tanh-Init,1,0.0,test,9.6e-05,0,match
d9512a7be0630043,MISTRAL_CODESTRAL_2501,9d336d9d171e4141,paper=Tanh-Init,1,0.0,train,0.648589,1,-
4a938d775c0363f7,GEMINI_2_5_PRO_PREVIEW_05_06,7e56deea9fe94d9c,paper=Tanh-Init,1,0.0,train,0.003032,0,-
4a938d775c0363f7,GEMINI_2_5_PRO_PREVIEW_05_06,06f378f865ea71e7,paper=Tanh-Init,1,0.0,train,0.002807,0,-
4a938d775c0363f7,GEMINI_2_5_PRO_PREVIEW_05_06,c85041584b906e69,paper=Tanh-Init,1,0.0,train,0.003181,0,-
4a938d775c0363f7,GEMINI_2_5_PRO_PREVIEW_05_06,9d336d9d171e4141,paper=Tanh-Init,1,1.0,train,0.983926,1,-
0201bf34008b40fa,OPENROUTER_QWEN_TURBO,7e56deea9fe94d9c,paper=Tanh-Init,1,0.0,train,3e-06,0,-
0201bf34008b40fa,OPENROUTER_QWEN_TURBO,06f378f865ea71e7,paper=Tanh-Init,1,0.0,train,3e-06,0,-
0201bf34008b40fa,OPENROUTER_QWEN_TURBO,c85041584b906e69,paper=Tanh-Init,1,0.0,train,4e-06,0,-
0201bf34008b40fa,OPENROUTER_QWEN_TURBO,9d336d9d171e4141,paper=Tanh-Init,1,0.0,train,0.064323,0,-
9bbf8d46fe2a4b4d,OPENROUTER_MISTRAL_CODESTRAL_MAMBA,7e56deea9fe94d9c,paper=Tanh-Init,1,0.0,train,1e-06,0,-
9bbf8d46fe2a4b4d,OPENROUTER_MISTRAL_CODESTRAL_MAMBA,06f378f865ea71e7,paper=Tanh-Init,1,0.0,train,1e-06,0,-
9bbf8d46fe2a4b4d,OPENROUTER_MISTRAL_CODESTRAL_MAMBA,c85041584b906e69,paper=Tanh-Init,1,0.0,train,1e-06,0,-
9bbf8d46fe2a4b4d,OPENROUTER_MISTRAL_CODESTRAL_MAMBA,9d336d9d171e4141,paper=Tanh-Init,1,1.0,train,0.014452,0,-
0e68149d77ff2477,OPENROUTER_AMAZON_NOVA_PRO_1_0,7e56deea9fe94d9c,paper=Tanh-Init,1,0.0,train,4.5e-05,0,-
0e68149d77ff2477,OPENROUTER_AMAZON_NOVA_PRO_1_0,06f378f865ea71e7,paper=Tanh-Init,1,0.0,train,4.2e-05,0,-
0e68149d77ff2477,OPENROUTER_AMAZON_NOVA_PRO_1_0,c85041584b906e69,paper=Tanh-Init,1,0.0,train,4.8e-05,0,-
0e68149d77ff2477,OPENROUTER_AMAZON_NOVA_PRO_1_0,9d336d9d171e4141,paper=Tanh-Init,1,1.0,test,0.477549,0,miss
f89d3f7268252d37,OPENROUTER_COHERE_COMMAND_A,7e56deea9fe94d9c,paper=Tanh-Init,1,0.0,train,7.1e-05,0,-
f89d3f7268252d37,OPENROUTER_COHERE_COMMAND_A,06f378f865ea71e7,paper=Tanh-Init,1,0.0,test,6.5e-05,0,match
f89d3f7268252d37,OPENROUTER_COHERE_COMMAND_A,c85041584b906e69,paper=Tanh-Init,1,0.0,train,7.4e-05,0,-
f89d3f7268252d37,OPENROUTER_COHERE_COMMAND_A,9d336d9d171e4141,paper=Tanh-Init,1,1.0,train,0.587127,1,-
6439159aa9f9ba95,GEMINI_2_5_FLASH_PREVIEW_04_17,7e56deea9fe94d9c,paper=Tanh-Init,1,0.0,test,0.000421,0,match
6439159aa9f9ba95,GEMINI_2_5_FLASH_PREVIEW_04_17,06f378f865ea71e7,paper=Tanh-Init,1,0.0,train,0.000389,0,-
6439159aa9f9ba95,GEMINI_2_5_FLASH_PREVIEW_04_17,c85041584b906e69,paper=Tanh-Init,1,0.0,train,0.000441,0,-
6439159aa9f9ba95,GEMINI_2_5_FLASH_PREVIEW_04_17,9d336d9d171e4141,paper=Tanh-Init,1,0.0,train,0.894382,1,-
4a199d31e7ac5440,GEMINI_2_0_FLASH_LITE,7e56deea9fe94d9c,paper=Tanh-Init,1,0.0,train,9.1e-05,0,-
4a199d31e7ac5440,GEMINI_2_0_FLASH_LITE,06f378f865ea71e7,paper=Tanh-Init,1,0.0,train,8.4e-05,0,-
4a199d31e7ac5440,GEMINI_2_0_FLASH_LITE,c85041584b906e69,paper=Tanh-Init,1,0.0,train,9.5e-05,0,-
4a199d31e7ac5440,GEMINI_2_0_FLASH_LITE,9d336d9d171e4141,paper=Tanh-Init,1,1.0,train,0.646712,1,-
5a9db67a33a34b6b,OPENROUTER_MISTRAL_MEDIUM_3,7e56deea9fe94d9c,paper=Tanh-Init,1,0.0,test,0.000154,0,match
5a9db67a33a34b6b,OPENROUTER_MISTRAL_MEDIUM_3,06f378f865ea71e7,paper=Tanh-Init,1,0.0,train,0.000143,0,-
5a9db67a33a34b6b,OPENROUTER_MISTRAL_MEDIUM_3,c85041584b906e69,paper=Tanh-Init,1,0.0,train,0.000162,0,-
5a9db67a33a34b6b,OPENROUTER_MISTRAL_MEDIUM_3,9d336d9d171e4141,paper=Tanh-Init,1,0.0,train,0.756091,1,-
